YEAR,SURVEY_WAVE,STATUS,INTERCEPT_PORT,PRIMARY_PORT,LANDING_PORT,FISHERY,FISHERY_4_CAT,PRIMARY_FISHERY_GROUNDFISH,PRIMARY_FISHERY_LOBSTER,PRIMARY_FISHERY_SCALLOP,AGE_CATEGORY,AGE,EDUCATION_COMBINED,EDUCATION_ORDERED,RACE,RACE_BINARY,HISPANIC,INCOME,INCOME_5_CAT,HEALTH_INSURANCE,HEALTH_INSURANCE_BINARY,MARITAL_STATUS,MARITAL_STATUS_BINARY,PLACE_OF_BIRTH,PRIMARY_LANGUAGE,FAMILY_INVLOVED_IN_COMMERCIAL_FISHING,GENERATION_IN_COMMERCIAL_FISHING,GENERATION_IN_COMMERCIAL_FISHING_CATEGORICAL,YEARS_IN_COMMERCIAL_FISHING,YEARS_IN_COMMERCIAL_FISHING_CATEGORICAL,YEAS_IN_COMMERCIAL_FISHING_NO_DKNA,DIFFERENT_VESSELS_OWNERS_EMPLOYED_IN_LAST_YEAR,NUMBER_OWNERS_CATEGORICAL,FIRST_CREW_POSITION_COMMERCIAL_FISHING,YEARS_ON_CURRENT_VESSEL,YEARS_ON_CURRENT_VESSEL_CATEGORICAL,PATH_TO_EMPLOYMENT_ON_CURRENT_VESSEL,DIFFICULTY_FINDING_EMPLOYMENT,TRIP_DURATION_DAYS,TRIP_DURATION_DAYS_CATEGORICAL,HOURS_WORKED_PER_DAY,HOURS_WORKED_PER_DAY_CATEGORICAL,AVERAGE_CREW_SIZE,AVERAGE_CREW_SIZE_CATEGORICAL,OWNER_OPERATOR_STATUS,POSITION_ON_CURRENT_VESSEL,POSITION_ON_VESSEL_CONDENSED,POSITION_ON_VESSEL_CAPTAIN,PAYMENT_SYSTEM,PAYMENT_SYSTEM_CONDENSED,BOAT_PERCENT_SHARE,CREW_PERCENT_SHARE,FUEL_OIL_EXPENSES_DEDUCTED_FROM_SHARE,ICE_EXPENSES_DEDUCTED_FROM_SHARE,FISHING_QUOTA_EXPENSES_DEDUCTED_FROM_SHARE,FOOD_EXPENSES_DEDUCTED_FROM_SHARE,FISHING_SUPPLIES_EXPENSES_DEDUCTED_FROM_SHARE,BAIT_EXPENSES_DEDUCTED_FROM_SHARE,OTHER_EXPENSES_DEDUCTED_FROM_SHARE,YOUR_ACTUAL_EARNINGS,YOUR_ACTUAL_EARNINGS_NO_DK,PREDICTABILITY_OF_EARNINGS,PREDICTABILITY_OF_EARNINGS_NO_DK,JOB_SAFETY,JOB_SAFETY_NO_DK,TIME_AWAY,TIME_AWAY_NO_DK,PHYSICAL_FATIGUE,PHYSICAL_FATIGUE_NO_DK,HEALTHFULNESS,HEALTHFULNESS_NO_DK,ADVENTURE,ADVENTURE_NO_DK,CHALLENGE,CHALLENGE_NO_DK,OWN_BOSS,OWN_BOSS_NO_DK,ADVISE_YOUNG_ENTER_FISHING,FISH_AGAIN_IF_LIFE_LIVED_OVER,FISHING_IS_JUST_A_JOB,CONSIDERED_LEAVING_INDUSTRY,PARTICIPATED_IN_FISHERIES_MANAGEMENT,RULES_REGULATIONS_CHANGE_QUICKLY,FINES_ARE_FAIR,REGULATIONS_TOO_RESTRICTIVE,PRIMARY_PORT_LATITUDE,PRIMARY_PORT_LONGITUDE,PRIMARY_PORT_ZIP,RURAL_URBAN_COMMUTING_AREA_CODE,BASIC,SOCPSY,SELFACT,REZIP
2013,2012-13,Complete,"Oyster, VA","Oyster, VA","Paquoson, VA",Atlantic Croacker,Other,Other,Other,Other,25 to 34,25,HS or equivalent,HS or equivalent,White,White,No,"$20,000 - $29,999","Less than $30,000",Not insured,Not insured,Never Married,Other/Single,U.S.,English,Yes,3,3rd gen,10,5 to 15,10,4,Four or more,Deckhand,4,Less than 5,,Easy,1,1 day,9,9 to 14 hours,2,1 to 2 members,Owner-operated,Deckhand,Deckhand,1,Share system,Share,50,50,Yes,No,No,No,Yes,No,Yes,Satisfied,4,Dissatisfied,2,Neutral,3,Satisfied,4,Satisfied,4,DK/NA,,Very Satisfied,5,Very Satisfied,5,Very Satisfied,5,No,Yes,Strongly Disagree,Disagree,,Strongly Agree,Agree,Disagree,37.286499,-75.922401,23310,10,9,,15,0.027262686
2013,2012-13,Complete,"Wanchese, NC","Wanchese, NC","Wanchese, NC",Atlantic Croacker,Other,Other,Other,Other,35 to 44,35,Associate's/two-year degree,Associate's/two-year degree,White,White,No,"$20,000 - $29,999","Less than $30,000",Private insurance,Insured,Married,Married,U.S.,English,No,2,2nd gen,22,16 to 29,22,1,One owner,Deckhand,5,5 to 15,Previous work,Neither easy nor difficult,1,1 day,12,9 to 14 hours,3,3 to 5 members,Owner-operated,Deckhand,Deckhand,1,Share system,Share,60,40,Yes,No,No,No,No,No,No,Satisfied,4,Dissatisfied,2,Dissatisfied,2,Dissatisfied,2,Dissatisfied,2,Dissatisfied,2,Satisfied,4,Satisfied,4,Neutral,3,No,Yes,Disagree,Agree,,Agree,Disagree,Agree,35.842701,-75.638496,27981,10,8,6,11,0.53377718
2013,2012-13,Complete,"Plymouth, MA","Falmouth, MA","Falmouth, MA",Black Sea Bass,Other,Other,Other,Other,25 to 34,30,Bachelor's/four year degree,Bachelor's/four year degree,White,White,No,"$70,000 - $79,999","$60,000 - $89,999",Spouse/partner,Insured,Never Married,Other/Single,U.S.,English,Yes,2,2nd gen,10,5 to 15,10,2,Two owners,Mate/1st Mate,2,Less than 5,Word of mouth,Easy,1,1 day,9,9 to 14 hours,2,1 to 2 members,Hired Captain,Captain,Captain,0,Share system,Share,60,40,Yes,No,No,No,No,No,No,Satisfied,4,Satisfied,4,Satisfied,4,Dissatisfied,2,Dissatisfied,2,Satisfied,4,Dissatisfied,2,Dissatisfied,2,Dissatisfied,2,No,Yes,Disagree,Agree,,Disagree,Neutral,Agree,41.5532,-70.608597,2543,1,12,8,6,0.0384067
2013,2012-13,Complete,"Point Judith, RI","Point Judith, RI","Point Lookout, NY",Black Sea Bass,Other,Other,Other,Other,25 to 34,26,HS or equivalent,HS or equivalent,White,White,No,"$60,000 - $69,999","$60,000 - $89,999",Not insured,Not insured,Never Married,Other/Single,U.S.,English,Yes,4,4th gen or greater,15,5 to 15,15,2,Two owners,Deckhand,15,5 to 15,Previous work,Very easy,2,2 to 4 days,24,18 hours or more,4,3 to 5 members,Owner-operated,Deckhand,Deckhand,1,Share system,Share,60,40,Yes,No,No,Yes,Yes,No,No,Very Dissatisfied,1,Satisfied,4,Very Satisfied,5,Very Dissatisfied,1,Very Satisfied,5,Satisfied,4,Very Satisfied,5,Very Satisfied,5,Very Satisfied,5,No,Yes,Strongly Disagree,Strongly Disagree,,Strongly Agree,Strongly Disagree,Strongly Agree,41.365398,-71.486702,2882,1,10,10,15,-0.075379163
2013,2012-13,Complete,"Cape May, NJ","Sea Isle, NJ","Seabrook, NH",Black Sea Bass,Other,Other,Other,Other,35 to 44,43,HS or equivalent,HS or equivalent,White,White,No,"$50,000 - $59,999","$30,000 - $59,999",Another employer,Insured,Married,Married,U.S.,English,Yes,5,4th gen or greater,30,30 or more,30,1,One owner,Mate/1st Mate,20,16 to 29,Previous work,Very easy,1,1 day,13,9 to 14 hours,3,3 to 5 members,Hired Captain,Captain,Captain,0,Share system,Share,50,50,Yes,No,No,No,No,Yes,No,Satisfied,4,Satisfied,4,Dissatisfied,2,Dissatisfied,2,Satisfied,4,Dissatisfied,2,Very Satisfied,5,Very Satisfied,5,Satisfied,4,No,Yes,Disagree,Strongly Agree,,Strongly Agree,Agree,Strongly Agree,39.1534,-74.692902,8243,1,10,8,14,-0.15529691
2013,2012-13,Complete,"Cape May, NJ","Sea Isle, NJ","Seabrook, NH",Conch,Other,Other,Other,Other,25 to 34,31,Associate's/two-year degree,Associate's/two-year degree,White,White,No,"$40,000 - $49,999","$30,000 - $59,999",Not insured,Not insured,Never Married,Other/Single,U.S.,English,Yes,3,3rd gen,16,16 to 29,16,2,Two owners,Deckhand,0,Less than 5,Previous work,Very difficult,1,1 day,19,18 hours or more,3,3 to 5 members,Hired Captain,Captain,Captain,0,Share system,Share,50,50,No,No,No,Yes,No,No,No,Neutral,3,Dissatisfied,2,Dissatisfied,2,Dissatisfied,2,Dissatisfied,2,Neutral,3,Very Satisfied,5,Very Satisfied,5,Very Satisfied,5,Don't know,Yes,Agree,Disagree,,Strongly Agree,Disagree,Disagree,39.1534,-74.692902,8243,1,7,7,15,-0.15529691
2013,2012-13,Complete,"Cape May, NJ","Sea Isle, NJ","Seabrook, NH",Conch,Other,Other,Other,Other,25 to 34,28,HS or equivalent,HS or equivalent,White,White,No,"$10,000 - $19,999","Less than $30,000",DK/NA (source),Insured,Never Married,Other/Single,U.S.,English,No,1,1st gen,2,Less than 5,2,1,One owner,Deckhand,2,Less than 5,Word of mouth,Very easy,1,1 day,11,9 to 14 hours,3,3 to 5 members,Owner-operated,Deckhand,Deckhand,1,Share system,Share,50,50,Yes,No,No,No,No,No,No,Neutral,3,Neutral,3,Satisfied,4,Satisfied,4,Dissatisfied,2,Dissatisfied,2,Very Satisfied,5,Satisfied,4,Very Satisfied,5,Yes,Yes,Agree,Disagree,No,,,,39.1534,-74.692902,8243,1,10,8,14,-0.15529691
2013,2012-13,Complete,"Oyster, VA","Cape Charles, VA","Cape Charles, VA",Crab,Other,Other,Other,Other,Under 25,18,Less than HS,Less than HS,White,White,No,"$10,000 - $19,999","Less than $30,000",Private insurance,Insured,Never Married,Other/Single,U.S.,English,Yes,4,4th gen or greater,0,Less than 5,0,1,One owner,Mate/1st Mate,0,Less than 5,,Very difficult,1,1 day,9,9 to 14 hours,2,1 to 2 members,Owner-operated,Mate,Other,1,Per trip,Other,,,DK/NA,DK/NA,DK/NA,DK/NA,DK/NA,DK/NA,DK/NA,Satisfied,4,Very Dissatisfied,1,Neutral,3,Neutral,3,Dissatisfied,2,Neutral,3,Satisfied,4,Satisfied,4,Satisfied,4,Yes,Yes,Disagree,Agree,No,,,,37.267899,-76.017403,23310,10,8,8,12,0.027262686
2013,2012-13,Complete,"Oyster, VA","Cape Charles, VA","Cape Charles, VA",Crab,Other,Other,Other,Other,25 to 34,30,Less than HS,Less than HS,White,White,No,"$20,000 - $29,999","Less than $30,000",Not insured,Not insured,Married,Married,U.S.,English,Yes,3,3rd gen,15,5 to 15,15,2,Two owners,Deckhand,4,Less than 5,Previous work,Very easy,1,1 day,6,8 hours or less,2,1 to 2 members,Owner-operated,Deckhand,Deckhand,1,Per trip,Other,,,DK/NA,DK/NA,DK/NA,DK/NA,DK/NA,DK/NA,DK/NA,Dissatisfied,2,Dissatisfied,2,Satisfied,4,Satisfied,4,Satisfied,4,Neutral,3,Satisfied,4,Satisfied,4,Very Satisfied,5,No,No,Strongly Disagree,Neutral,No,,,,37.267899,-76.017403,23310,10,8,11,13,0.027262686
2013,2012-13,Complete,"Cape May, NJ","Dorchester, NJ","Dorchester, NJ",Crab,Other,Other,Other,Other,35 to 44,42,HS or equivalent,HS or equivalent,White,White,No,"$50,000 - $59,999","$30,000 - $59,999",Spouse/partner,Insured,Married,Married,U.S.,English,No,1,1st gen,22,16 to 29,22,1,One owner,Captain,22,16 to 29,Word of mouth,Easy,1,1 day,10,9 to 14 hours,2,1 to 2 members,Owner-operated,Captain,Captain,0,Per trip,Other,,,DK/NA,DK/NA,DK/NA,DK/NA,DK/NA,DK/NA,DK/NA,Satisfied,4,Satisfied,4,Satisfied,4,Satisfied,4,Neutral,3,Very Satisfied,5,Very Satisfied,5,Satisfied,4,Very Satisfied,5,Yes,Yes,Disagree,Agree,Yes,,,,42.301601,-71.067596,8316,2,12,12,14,0.041781969
2013,2012-13,Complete,"Virginia Beach, VA","Lynnhaven Inlet, VA","Lynnhaven Inlet, VA",Crab,Other,Other,Other,Other,35 to 44,42,HS or equivalent,HS or equivalent,Some other race,Non-White,Yes,"$60,000 - $69,999","$60,000 - $89,999",Private insurance,Insured,Married,Married,Outside U.S.,Portuguese,Yes,5,4th gen or greater,28,16 to 29,28,1,One owner,Deckhand,28,16 to 29,Related to owner,Very easy,1,1 day,6,8 hours or less,2,1 to 2 members,Owner-operated,Deckhand,Deckhand,1,Per trip,Other,,,DK/NA,DK/NA,DK/NA,DK/NA,DK/NA,DK/NA,DK/NA,Dissatisfied,2,Very Dissatisfied,1,Very Satisfied,5,Very Satisfied,5,Satisfied,4,Satisfied,4,Satisfied,4,Satisfied,4,Satisfied,4,No,Yes,Disagree,Strongly Agree,,Agree,Disagree,Agree,36.9091,-76.092102,23451,1,8,13,12,0.11659358
2013,2012-13,Complete,"Newport News, VA","Newport News, VA","North Kingstown, RI",Crab,Other,Other,Other,Other,Under 25,20,HS or equivalent,HS or equivalent,Multiracial,Non-White,Yes,"$10,000 - $19,999","Less than $30,000",Not insured,Not insured,Never Married,Other/Single,Outside U.S.,English & Spanish,Yes,4,4th gen or greater,2,Less than 5,2,1,One owner,Deckhand,1,Less than 5,Referred by a friend,Easy,1,1 day,5,8 hours or less,3,3 to 5 members,Owner-operated,Deckhand,Deckhand,1,Per trip,Other,,,DK/NA,DK/NA,DK/NA,DK/NA,DK/NA,DK/NA,DK/NA,Satisfied,4,Satisfied,4,Very Dissatisfied,1,Neutral,3,Neutral,3,Very Satisfied,5,Satisfied,4,Satisfied,4,Satisfied,4,Yes,No,Disagree,Disagree,No,,,,37.087101,-76.473,23601,1,9,11,12,-0.33170781
2013,2012-13,Complete,"Point Judith, RI","Point Judith, RI","Point Lookout, NY",Crab,Other,Other,Other,Other,45 to 54,45,HS or equivalent,HS or equivalent,White,White,No,"$100,000 - $119,999","$90,000 - $119,999",Private insurance,Insured,Married,Married,Outside U.S.,English,No,1,1st gen,5,5 to 15,5,1,One owner,Deckhand,3,Less than 5,Referred by a friend,Very easy,3,2 to 4 days,13,9 to 14 hours,2,1 to 2 members,Owner-operated,Deckhand,Deckhand,1,Share system,Share,50,50,Yes,No,No,No,No,Yes,No,Very Satisfied,5,Very Satisfied,5,Very Satisfied,5,Very Satisfied,5,Very Satisfied,5,Very Satisfied,5,Very Satisfied,5,Very Satisfied,5,Very Satisfied,5,Yes,Yes,Disagree,Strongly Disagree,,Agree,DK/NA,Neutral,41.365398,-71.486702,2882,1,15,15,15,-0.075379163
2013,2012-13,Complete,"Point Judith, RI","Point Judith, RI","Point Lookout, NY",Crab,Other,Other,Other,Other,45 to 54,45,HS or equivalent,HS or equivalent,White,White,No,"$100,000 - $119,999","$90,000 - $119,999",Private insurance,Insured,Married,Married,Outside U.S.,English,No,1,1st gen,4,Less than 5,4,1,One owner,Deckhand,3,Less than 5,Previous work,DK/NA,3,2 to 4 days,16,15 to 17 hours,2,1 to 2 members,Owner-operated,Deckhand,Deckhand,1,Share system,Share,50,50,Yes,No,No,No,No,Yes,No,Satisfied,4,Satisfied,4,Satisfied,4,Satisfied,4,Satisfied,4,Satisfied,4,Satisfied,4,Satisfied,4,Dissatisfied,2,Yes,Yes,Agree,Disagree,,Disagree,DK/NA,Disagree,41.365398,-71.486702,2882,1,12,12,10,-0.075379163
2013,2012-13,Complete,"Point Judith, RI","Point Judith, RI","Point Lookout, NY",Crab,Other,Other,Other,Other,35 to 44,43,HS or equivalent,HS or equivalent,White,White,No,"$50,000 - $59,999","$30,000 - $59,999",Not insured,Not insured,Never Married,Other/Single,U.S.,English,No,1,1st gen,12,5 to 15,12,2,Two owners,Deckhand,9,5 to 15,Previous work,Easy,5,5 to 7 days,18,18 hours or more,3,3 to 5 members,Owner-operated,Deckhand,Deckhand,1,Share system,Share,55,45,Yes,No,No,No,No,Yes,No,Satisfied,4,Dissatisfied,2,Satisfied,4,Dissatisfied,2,Dissatisfied,2,Dissatisfied,2,Satisfied,4,Satisfied,4,Dissatisfied,2,No,No,Disagree,Agree,,Disagree,Agree,Disagree,41.365398,-71.486702,2882,1,10,6,10,-0.075379163
2013,2012-13,Complete,"Cape May, NJ","Port Norris, NJ","Match Landing, NJ",Crab,Other,Other,Other,Other,35 to 44,42,HS or equivalent,HS or equivalent,White,White,No,"$50,000 - $59,999","$30,000 - $59,999",Spouse/partner,Insured,Married,Married,U.S.,English,No,1,1st gen,23,16 to 29,23,1,One owner,Captain,1,Less than 5,Word of mouth,Very easy,1,1 day,9,9 to 14 hours,3,3 to 5 members,Owner-operated,Captain,Captain,0,Per trip,Other,,,DK/NA,DK/NA,DK/NA,DK/NA,DK/NA,DK/NA,DK/NA,Satisfied,4,Neutral,3,Satisfied,4,Neutral,3,Satisfied,4,Satisfied,4,Satisfied,4,Satisfied,4,Very Satisfied,5,No,Yes,Disagree,Disagree,Yes,,,,39.245899,-75.035202,8349,2,11,11,13,0.04099714
2013,2012-13,Complete,"Wanchese, NC","Wanchese, NC","Wanchese, NC",Crab,Other,Other,Other,Other,35 to 44,41,HS or equivalent,HS or equivalent,White,White,No,"$30,000 - $39,999","$30,000 - $59,999",Private insurance,Insured,Married,Married,U.S.,English,Yes,1,1st gen,15,5 to 15,15,3,Three owners,Deckhand,9,5 to 15,Previous work,Easy,1,1 day,6,8 hours or less,2,1 to 2 members,Owner-operated,Deckhand,Deckhand,1,Share system,Share,65,35,No,No,No,No,Yes,No,No,Dissatisfied,2,Dissatisfied,2,Neutral,3,Neutral,3,Dissatisfied,2,Satisfied,4,Dissatisfied,2,Satisfied,4,Neutral,3,No,Yes,Disagree,Agree,,Disagree,Disagree,Agree,35.842701,-75.638496,27981,10,7,9,9,0.53377718
2013,2012-13,Complete,"Beaufort, NC","Beaufort, NC","Beaufort, NC",Fluke (Summer Flounder),Other,Other,Other,Other,35 to 44,35,HS or equivalent,HS or equivalent,White,White,No,"Less than $10,000","Less than $30,000",Not insured,Not insured,Never Married,Other/Single,U.S.,English,Yes,3,3rd gen,12,5 to 15,12,1,One owner,Deckhand,12,5 to 15,Word of mouth,Neither easy nor difficult,4,2 to 4 days,16,15 to 17 hours,2,1 to 2 members,Owner-operated,Deckhand,Deckhand,1,Share system,Share,30,70,Yes,No,No,No,Yes,Yes,No,Dissatisfied,2,Neutral,3,Satisfied,4,Dissatisfied,2,Very Satisfied,5,Neutral,3,Very Satisfied,5,Very Satisfied,5,Very Satisfied,5,Yes,Yes,Agree,Agree,,Neutral,Neutral,Neutral,34.718201,-76.663803,28512,4,9,10,15,-0.3108187
2013,2012-13,Complete,"Cape May, NJ","Cape May, NJ","Cape May, NJ",Fluke (Summer Flounder),Other,Other,Other,Other,35 to 44,38,HS or equivalent,HS or equivalent,White,White,No,"$50,000 - $59,999","$30,000 - $59,999",Not insured,Not insured,Married,Married,U.S.,English,Yes,6,4th gen or greater,40,30 or more,40,1,One owner,Deckhand,7,5 to 15,Previous work,Very easy,5,5 to 7 days,14,9 to 14 hours,3,3 to 5 members,Hired Captain,Deckhand,Deckhand,1,Share system,Share,50,50,Yes,No,No,Yes,No,No,No,Satisfied,4,Satisfied,4,Satisfied,4,Dissatisfied,2,Neutral,3,Dissatisfied,2,Very Satisfied,5,Very Satisfied,5,Satisfied,4,No,Yes,Disagree,Disagree,,Strongly Agree,Agree,Agree,38.935101,-74.905998,8204,1,12,7,14,-0.005133186
2013,2012-13,Complete,"Cape May, NJ","Cape May, NJ","Cape May, NJ",Fluke (Summer Flounder),Other,Other,Other,Other,45 to 54,47,DK/NA,,White,White,No,,,Not insured,Not insured,Separated,Other/Single,U.S.,English,Yes,5,4th gen or greater,37,30 or more,37,1,One owner,Deckhand,7,5 to 15,Referred by a friend,Easy,5,5 to 7 days,16,15 to 17 hours,3,3 to 5 members,Hired Captain,Captain,Captain,0,Share system,Share,,,Yes,Yes,No,No,No,No,No,Satisfied,4,Satisfied,4,Satisfied,4,Satisfied,4,Neutral,3,Very Satisfied,5,Very Satisfied,5,Very Satisfied,5,Very Satisfied,5,No,Yes,Disagree,Disagree,No,,,,38.935101,-74.905998,8204,1,12,12,15,-0.005133186
2013,2012-13,Complete,"Newport News, VA","Engelhard, NC","North Kingstown, RI",Fluke (Summer Flounder),Other,Other,Other,Other,35 to 44,41,HS or equivalent,HS or equivalent,White,White,No,"$70,000 - $79,999","$60,000 - $89,999",Private insurance,Insured,Married,Married,U.S.,English,Yes,2,2nd gen,26,16 to 29,26,1,One owner,Deckhand,4,Less than 5,Previous work,Very easy,7,5 to 7 days,24,18 hours or more,4,3 to 5 members,Hired Captain,Captain,Captain,0,Share system,Share,50,50,Yes,Yes,No,Yes,Yes,No,No,Satisfied,4,Very Dissatisfied,1,Very Dissatisfied,1,Satisfied,4,Satisfied,4,Satisfied,4,Very Satisfied,5,Very Satisfied,5,Very Satisfied,5,No,Yes,Disagree,Agree,No,,,,35.509701,-75.996101,27824,10,6,12,15,0.07452397
2013,2012-13,Complete,"Newport News, VA","Engelhard, NC","North Kingstown, RI",Fluke (Summer Flounder),Other,Other,Other,Other,45 to 54,54,Associate's/two-year degree,Associate's/two-year degree,White,White,No,"$20,000 - $29,999","Less than $30,000",Not insured,Not insured,Divorced,Other/Single,U.S.,English,Yes,3,3rd gen,7,5 to 15,7,1,One owner,Deckhand,0,Less than 5,Related to owner,Very easy,4,2 to 4 days,24,18 hours or more,3,3 to 5 members,Hired Captain,Captain,Captain,0,Share system,Share,70,30,No,No,No,Yes,No,No,No,Very Dissatisfied,1,Very Dissatisfied,1,Satisfied,4,Dissatisfied,2,Dissatisfied,2,Very Dissatisfied,1,Satisfied,4,Satisfied,4,Dissatisfied,2,No,No,Disagree,Disagree,,Disagree,Strongly Disagree,Strongly Agree,35.509701,-75.996101,27824,10,6,5,10,0.07452397
2013,2012-13,Complete,"Montauk, NY","Montauk, NY","Montauk, NY",Fluke (Summer Flounder),Other,Other,Other,Other,45 to 54,51,HS or equivalent,HS or equivalent,White,White,No,"$50,000 - $59,999","$30,000 - $59,999",Spouse/partner,Insured,Married,Married,U.S.,English,Yes,3,3rd gen,30,30 or more,30,1,One owner,Cook,8,5 to 15,Previous work,Very easy,3,2 to 4 days,16,15 to 17 hours,4,3 to 5 members,Owner-operated,Deckhand,Deckhand,1,Share system,Share,60,40,Yes,No,No,Yes,Yes,No,No,Satisfied,4,Dissatisfied,2,Neutral,3,Neutral,3,Neutral,3,Satisfied,4,Satisfied,4,Satisfied,4,Satisfied,4,Yes,Yes,Disagree,Agree,Yes,,,,41.0359,-71.954498,11954,2,9,10,12,0.35286254
2013,2012-13,Complete,"Montauk, NY","Montauk, NY","Montauk, NY",Fluke (Summer Flounder),Other,Other,Other,Other,35 to 44,43,Bachelor's/four year degree,Bachelor's/four year degree,White,White,No,"$20,000 - $29,999","Less than $30,000",Not insured,Not insured,Never Married,Other/Single,U.S.,English,No,1,1st gen,23,16 to 29,23,3,Three owners,Deckhand,19,16 to 29,Word of mouth,Very difficult,1,1 day,18,18 hours or more,3,3 to 5 members,Owner-operated,Deckhand,Deckhand,1,Per trip,Other,,,DK/NA,DK/NA,DK/NA,DK/NA,DK/NA,DK/NA,DK/NA,Dissatisfied,2,Dissatisfied,2,Neutral,3,Neutral,3,Satisfied,4,Satisfied,4,Satisfied,4,Satisfied,4,Satisfied,4,Yes,Yes,Disagree,Agree,,Agree,Strongly Disagree,Strongly Agree,41.0359,-71.954498,11954,2,7,11,12,0.35286254
2013,2012-13,Complete,"Montauk, NY","Montauk, NY","Montauk, NY",Fluke (Summer Flounder),Other,Other,Other,Other,Under 25,22,Graduate degree,Graduate degree,White,White,No,"$40,000 - $49,999","$30,000 - $59,999",Other,Insured,Never Married,Other/Single,U.S.,English,Yes,3,3rd gen,2,Less than 5,2,1,One owner,Deckhand,3,Less than 5,Related to non-owner,Very easy,3,2 to 4 days,18,18 hours or more,4,3 to 5 members,Owner-operated,Deckhand,Deckhand,1,Share system,Share,60,40,Yes,No,No,Yes,Yes,No,No,Satisfied,4,Neutral,3,Satisfied,4,Satisfied,4,Neutral,3,Neutral,3,Very Satisfied,5,Satisfied,4,Neutral,3,Don't know,Don't know,Strongly Disagree,Disagree,,Agree,Neutral,Disagree,41.0359,-71.954498,11954,2,11,10,12,0.35286254
2013,2012-13,Complete,"Montauk, NY","Montauk, NY","Montauk, NY",Fluke (Summer Flounder),Other,Other,Other,Other,25 to 34,33,HS or equivalent,HS or equivalent,White,White,No,"$40,000 - $49,999","$30,000 - $59,999",Spouse/partner,Insured,Married,Married,U.S.,English,Yes,2,2nd gen,12,5 to 15,12,1,One owner,Cook,5,5 to 15,Word of mouth,Easy,3,2 to 4 days,15,15 to 17 hours,4,3 to 5 members,Owner-operated,Cook,Other,1,Share system,Share,60,40,Yes,No,No,Yes,Yes,No,No,Satisfied,4,Neutral,3,Neutral,3,Satisfied,4,Dissatisfied,2,Dissatisfied,2,Satisfied,4,Satisfied,4,Neutral,3,Don't know,Yes,Disagree,Agree,No,,,,41.0359,-71.954498,11954,2,10,8,11,0.35286254
2013,2012-13,Complete,"New Bedford, MA","New Bedford, MA","New Gloucester, ME",Fluke (Summer Flounder),Other,Other,Other,Other,25 to 34,29,HS or equivalent,HS or equivalent,White,White,Yes,,,Fed or state insurance,Insured,Married,Married,Outside U.S.,Spanish,Yes,2,2nd gen,11,5 to 15,11,2,Two owners,Other,11,5 to 15,Word of mouth,Very difficult,8,More than 7 days,18,18 hours or more,4,3 to 5 members,Owner-operated,Engine Mechanic,Other,1,Share system,Share,70,30,DK/NA,DK/NA,DK/NA,DK/NA,DK/NA,DK/NA,DK/NA,Dissatisfied,2,Neutral,3,Satisfied,4,Dissatisfied,2,Satisfied,4,Satisfied,4,Very Satisfied,5,Satisfied,4,Very Satisfied,5,No,Yes,Agree,Disagree,No,,,,41.6362,-70.934196,2740,1,9,10,14,0.13545999
2013,2012-13,Complete,"Newport News, VA","Newport News, VA","North Kingstown, RI",Fluke (Summer Flounder),Other,Other,Other,Other,45 to 54,50,HS or equivalent,HS or equivalent,White,White,No,"$10,000 - $19,999","Less than $30,000",Not insured,Not insured,Divorced,Other/Single,U.S.,English,Yes,3,3rd gen,32,30 or more,32,1,One owner,Deckhand,0,Less than 5,Referred by a friend,Easy,9,More than 7 days,24,18 hours or more,3,3 to 5 members,Hired Captain,Captain,Captain,0,Share system,Share,55,45,Yes,Yes,No,Yes,Yes,No,Yes,Dissatisfied,2,Very Dissatisfied,1,Satisfied,4,Satisfied,4,Neutral,3,Dissatisfied,2,Very Satisfied,5,Satisfied,4,Very Satisfied,5,Yes,Yes,Disagree,Disagree,,Disagree,Agree,Agree,37.087101,-76.473,23601,1,7,9,14,-0.33170781
2013,2012-13,Complete,"Newport News, VA","Newport News, VA","North Kingstown, RI",Fluke (Summer Flounder),Other,Other,Other,Other,45 to 54,45,Less than HS,Less than HS,White,White,No,"$30,000 - $39,999","$30,000 - $59,999",Not insured,Not insured,Never Married,Other/Single,U.S.,English,No,1,1st gen,29,16 to 29,29,3,Three owners,Deckhand,10,5 to 15,Word of mouth,Easy,6,5 to 7 days,12,9 to 14 hours,3,3 to 5 members,Hired Captain,Deckhand,Deckhand,1,Share system,Share,50,50,Yes,Yes,No,Yes,No,No,Yes,Satisfied,4,Satisfied,4,Satisfied,4,Dissatisfied,2,Satisfied,4,Satisfied,4,Satisfied,4,Satisfied,4,Satisfied,4,No,Yes,Strongly Agree,Strongly Disagree,Yes,,,,37.087101,-76.473,23601,1,12,10,12,-0.33170781
2013,2012-13,Complete,"Newport News, VA","Newport News, VA","North Kingstown, RI",Fluke (Summer Flounder),Other,Other,Other,Other,25 to 34,27,HS or equivalent,HS or equivalent,White,White,No,"$20,000 - $29,999","Less than $30,000",Not insured,Not insured,Never Married,Other/Single,U.S.,English,No,2,2nd gen,9,5 to 15,9,2,Two owners,Deckhand,3,Less than 5,Previous work,Very easy,9,More than 7 days,18,18 hours or more,3,3 to 5 members,Hired Captain,Deckhand,Deckhand,1,Share system,Share,50,50,Yes,No,No,Yes,Yes,No,No,Satisfied,4,Neutral,3,Satisfied,4,Satisfied,4,Satisfied,4,Neutral,3,Very Satisfied,5,Very Satisfied,5,Satisfied,4,Yes,Yes,Disagree,Agree,No,,,,37.087101,-76.473,23601,1,11,11,14,-0.33170781
2013,2012-13,Complete,"Newport News, VA","Newport News, VA","North Kingstown, RI",Fluke (Summer Flounder),Other,Other,Other,Other,45 to 54,52,HS or equivalent,HS or equivalent,Black,Non-White,No,"$30,000 - $39,999","$30,000 - $59,999",Not insured,Not insured,Married,Married,U.S.,English,Yes,2,2nd gen,25,16 to 29,25,1,One owner,Deckhand,6,5 to 15,Previous work,Very easy,7,5 to 7 days,19,18 hours or more,4,3 to 5 members,Hired Captain,Deckhand,Deckhand,1,Share system,Share,50,50,Yes,Yes,No,Yes,No,No,No,Satisfied,4,Very Dissatisfied,1,Dissatisfied,2,Neutral,3,Very Dissatisfied,1,Dissatisfied,2,Very Satisfied,5,Satisfied,4,Neutral,3,No,Yes,Strongly Disagree,Agree,No,,,,37.087101,-76.473,23601,1,7,6,12,-0.33170781
2013,2012-13,Complete,"Newport News, VA","Newport News, VA","North Kingstown, RI",Fluke (Summer Flounder),Other,Other,Other,Other,Under 25,23,Less than HS,Less than HS,White,White,No,"$20,000 - $29,999","Less than $30,000",Not insured,Not insured,Never Married,Other/Single,U.S.,English,Yes,3,3rd gen,5,5 to 15,5,2,Two owners,Deckhand,0,Less than 5,Referred by a friend,Neither easy nor difficult,9,More than 7 days,20,18 hours or more,4,3 to 5 members,Hired Captain,Deckhand,Deckhand,1,Share system,Share,60,40,Yes,Yes,No,Yes,No,No,No,Satisfied,4,Dissatisfied,2,Neutral,3,Dissatisfied,2,Neutral,3,Neutral,3,Very Satisfied,5,Very Satisfied,5,Satisfied,4,Yes,Yes,Strongly Disagree,Disagree,,Agree,DK/NA,Agree,37.087101,-76.473,23601,1,9,8,14,-0.33170781
2013,2012-13,Complete,"Point Judith, RI","Point Judith, RI","Point Lookout, NY",Fluke (Summer Flounder),Other,Other,Other,Other,45 to 54,47,DK/NA,,White,White,No,"$120,000 or more","$120,000 or more",Private insurance,Insured,Divorced,Other/Single,U.S.,English,Yes,1,1st gen,40,30 or more,40,3,Three owners,Deckhand,1,Less than 5,Related to owner,DK/NA,1,1 day,18,18 hours or more,2,1 to 2 members,Owner-operated,Captain,Captain,0,Share system,Share,50,50,Yes,Yes,No,Yes,Yes,No,No,Neutral,3,Very Dissatisfied,1,Dissatisfied,2,Dissatisfied,2,Dissatisfied,2,Very Dissatisfied,1,Satisfied,4,Neutral,3,Satisfied,4,Yes,Yes,Agree,Agree,Yes,,,,41.365398,-71.486702,2882,1,6,5,11,-0.075379163
2013,2012-13,Complete,"Point Judith, RI","Point Judith, RI","Point Lookout, NY",Fluke (Summer Flounder),Other,Other,Other,Other,25 to 34,25,Bachelor's/four year degree,Bachelor's/four year degree,White,White,No,"$70,000 - $79,999","$60,000 - $89,999",Private insurance,Insured,Married,Married,U.S.,English,Yes,4,4th gen or greater,10,5 to 15,10,2,Two owners,Deckhand,2,Less than 5,Related to owner,Easy,1,1 day,13,9 to 14 hours,2,1 to 2 members,Owner-operated,Deckhand,Deckhand,1,Share system,Share,50,50,No,No,No,No,No,No,Yes,Dissatisfied,2,Very Dissatisfied,1,Very Satisfied,5,Satisfied,4,Dissatisfied,2,Satisfied,4,Satisfied,4,Satisfied,4,Satisfied,4,Yes,Yes,Disagree,Agree,,Agree,DK/NA,Agree,41.365398,-71.486702,2882,1,8,10,12,-0.075379163
2013,2012-13,Complete,"Cape May, NJ","Point Pleasant, NJ","Portland, ME",Fluke (Summer Flounder),Other,Other,Other,Other,35 to 44,36,Less than HS,Less than HS,White,White,No,"$50,000 - $59,999","$30,000 - $59,999",Not insured,Not insured,Never Married,Other/Single,U.S.,English,No,1,1st gen,12,5 to 15,12,3,Three owners,Deckhand,0,Less than 5,Referred by a friend,Very easy,4,2 to 4 days,16,15 to 17 hours,3,3 to 5 members,Hired Captain,Deckhand,Deckhand,1,Share system,Share,50,50,Yes,Yes,No,Yes,No,No,Yes,Neutral,3,Very Dissatisfied,1,Satisfied,4,Very Dissatisfied,1,Very Dissatisfied,1,Very Dissatisfied,1,Very Satisfied,5,Very Satisfied,5,Very Dissatisfied,1,No,No,Strongly Disagree,Agree,No,,,,40.083199,-74.068199,8742,1,8,3,11,-0.90694255
2013,2012-13,Complete,"Stonington, CT","Stonington, CT","Stonington, ME",Fluke (Summer Flounder),Other,Other,Other,Other,Under 25,18,HS or equivalent,HS or equivalent,White,White,No,,,Other,Insured,Never Married,Other/Single,U.S.,English,Yes,2,2nd gen,18,16 to 29,18,1,One owner,Deckhand,0,Less than 5,Referred by a friend,Very easy,4,2 to 4 days,17,15 to 17 hours,3,3 to 5 members,Hired Captain,Deckhand,Deckhand,1,Share system,Share,,,DK/NA,DK/NA,DK/NA,DK/NA,DK/NA,DK/NA,DK/NA,Satisfied,4,Dissatisfied,2,Satisfied,4,Satisfied,4,Satisfied,4,Very Satisfied,5,Very Satisfied,5,Satisfied,4,Satisfied,4,Yes,Yes,Strongly Disagree,Strongly Disagree,No,,,,41.335899,-71.905899,6355,1,10,13,13,0.58387566
2013,2012-13,Complete,"Wanchese, NC","Wanchese, NC","Wanchese, NC",Fluke (Summer Flounder),Other,Other,Other,Other,25 to 34,34,HS or equivalent,HS or equivalent,White,White,No,"$50,000 - $59,999","$30,000 - $59,999",Not insured,Not insured,Divorced,Other/Single,U.S.,English,No,1,1st gen,20,16 to 29,20,1,One owner,Cook,12,5 to 15,Previous work,Very easy,5,5 to 7 days,14,9 to 14 hours,3,3 to 5 members,Owner-operated,Multiple Positions,Multiple Positions,1,Share system,Share,55,45,Yes,No,No,Yes,No,No,No,Satisfied,4,Dissatisfied,2,Dissatisfied,2,Dissatisfied,2,Dissatisfied,2,Neutral,3,Satisfied,4,Satisfied,4,Satisfied,4,No,Yes,Agree,Agree,No,,,,35.842701,-75.638496,27981,10,8,7,12,0.53377718
2013,2012-13,Complete,"Portsmouth, NH","Badgers Island, ME","Provincetown, MA",Groundfish,Groundfish,Groundfish,Other,Other,25 to 34,32,Bachelor's/four year degree,Bachelor's/four year degree,White,White,No,"$120,000 or more","$120,000 or more",Private insurance,Insured,Married,Married,U.S.,English,Yes,2,2nd gen,28,16 to 29,28,4,Four or more,Deckhand,10,5 to 15,,Very difficult,1,1 day,8,8 hours or less,3,3 to 5 members,Hired Captain,Captain,Captain,0,Share system,Share,60,40,No,No,No,No,Yes,No,No,Neutral,3,Neutral,3,Very Satisfied,5,Neutral,3,Satisfied,4,Satisfied,4,Very Satisfied,5,Very Satisfied,5,Satisfied,4,No,Yes,Strongly Disagree,Strongly Agree,Yes,,,,43.082199,-70.752899,3904,1,11,11,14,0.016616452
2013,2012-13,Complete,"Beaufort, NC","Barnegat Light, NJ","Barnegat Light, NJ",Groundfish,Groundfish,Groundfish,Other,Other,45 to 54,48,HS or equivalent,HS or equivalent,Multiracial,Non-White,Yes,"$30,000 - $39,999","$30,000 - $59,999",Not insured,Not insured,Married,Married,Outside U.S.,Spanish,No,1,1st gen,20,16 to 29,20,1,One owner,Deckhand,2,Less than 5,Word of mouth,Very easy,10,More than 7 days,13,9 to 14 hours,5,3 to 5 members,Hired Captain,Deckhand,Deckhand,1,Share system,Share,,,DK/NA,DK/NA,DK/NA,DK/NA,DK/NA,DK/NA,DK/NA,DK/NA,,DK/NA,,Neutral,3,DK/NA,,Neutral,3,DK/NA,,DK/NA,,DK/NA,,DK/NA,,Yes,Yes,Strongly Agree,Agree,No,,,,39.757599,-74.106201,8006,1,,,,-0.33928156
2013,2012-13,Complete,"Boston, MA","Boston, MA","Gloucester, MA",Groundfish,Groundfish,Groundfish,Other,Other,55 or older,55,HS or equivalent,HS or equivalent,White,White,No,"$70,000 - $79,999","$60,000 - $89,999",Spouse/partner,Insured,Married,Married,U.S.,English,Yes,10,4th gen or greater,39,30 or more,39,1,One owner,Deckhand,20,16 to 29,Previous work,Very easy,8,More than 7 days,24,18 hours or more,4,3 to 5 members,Hired Captain,Captain,Captain,0,Share system,Share,55,45,Yes,Yes,Yes,No,No,No,Yes,Dissatisfied,2,Dissatisfied,2,Satisfied,4,Satisfied,4,Satisfied,4,Dissatisfied,2,Very Dissatisfied,1,Very Dissatisfied,1,Dissatisfied,2,No,No,Agree,Strongly Agree,Yes,,,,42.3601,-71.058899,2210,1,8,10,4,0.069486029
2013,2012-13,Complete,"Boston, MA","Boston, MA","Gloucester, MA",Groundfish,Groundfish,Groundfish,Other,Other,55 or older,55,HS or equivalent,HS or equivalent,White,White,No,"$40,000 - $49,999","$30,000 - $59,999",Fed or state insurance,Insured,Married,Married,Outside U.S.,Other,No,1,1st gen,38,30 or more,38,1,One owner,Deckhand,24,16 to 29,,Easy,10,More than 7 days,12,9 to 14 hours,4,3 to 5 members,Hired Captain,Engine Mechanic,Other,1,Share system,Share,55,45,Yes,Yes,No,No,No,No,No,Neutral,3,Neutral,3,Neutral,3,Satisfied,4,Satisfied,4,Satisfied,4,Satisfied,4,Satisfied,4,Satisfied,4,No,Yes,Agree,Agree,,Agree,Agree,Agree,42.3601,-71.058899,2210,1,9,12,12,0.069486029
2013,2012-13,Complete,"Boston, MA","Boston, MA","Gloucester, MA",Groundfish,Groundfish,Groundfish,Other,Other,55 or older,55,Bachelor's/four year degree,Bachelor's/four year degree,White,White,No,"$60,000 - $69,999","$60,000 - $89,999",Not insured,Not insured,Widowed,Other/Single,Outside U.S.,Other,No,1,1st gen,25,16 to 29,25,2,Two owners,Deckhand,0,Less than 5,Word of mouth,Easy,9,More than 7 days,18,18 hours or more,4,3 to 5 members,Hired Captain,Deckhand,Deckhand,1,Share system,Share,,,DK/NA,DK/NA,DK/NA,DK/NA,DK/NA,DK/NA,DK/NA,Satisfied,4,Dissatisfied,2,Satisfied,4,Satisfied,4,Satisfied,4,Satisfied,4,Dissatisfied,2,Dissatisfied,2,Satisfied,4,No,Yes,Agree,Disagree,No,,,,42.3601,-71.058899,2210,1,10,12,8,0.069486029
2013,2012-13,Complete,"Gloucester, MA","Boston, MA","Gloucester, MA",Groundfish,Groundfish,Groundfish,Other,Other,55 or older,55,HS or equivalent,HS or equivalent,White,White,No,"$90,000 - $99,999","$90,000 - $119,999",Spouse/partner,Insured,Married,Married,U.S.,English,Yes,4,4th gen or greater,35,30 or more,35,1,One owner,Deckhand,17,16 to 29,,Easy,8,More than 7 days,24,18 hours or more,4,3 to 5 members,Hired Captain,Multiple Positions,Multiple Positions,1,Share system,Share,55,45,Yes,Yes,Yes,No,Yes,No,Yes,Satisfied,4,Dissatisfied,2,Satisfied,4,Dissatisfied,2,Dissatisfied,2,Dissatisfied,2,Dissatisfied,2,Dissatisfied,2,Satisfied,4,No,No,Disagree,Disagree,,Agree,Agree,Strongly Agree,42.3601,-71.058899,2210,1,10,6,8,0.069486029
2013,2012-13,Complete,"Boston, MA","Boston, MA","Boston, MA",Groundfish,Groundfish,Groundfish,Other,Other,45 to 54,47,Less than HS,Less than HS,White,White,No,"$80,000 - $89,999","$60,000 - $89,999",Private insurance,Insured,Married,Married,U.S.,English,Yes,5,4th gen or greater,30,30 or more,30,1,One owner,Other,20,16 to 29,,Very easy,8,More than 7 days,20,18 hours or more,5,3 to 5 members,Hired Captain,Captain,Captain,0,Share system,Share,49,51,Yes,Yes,No,Yes,No,No,No,Satisfied,4,Neutral,3,Neutral,3,Neutral,3,Dissatisfied,2,Neutral,3,Satisfied,4,Satisfied,4,Satisfied,4,Don't know,Yes,Disagree,Disagree,Yes,,,,42.3601,-71.058899,2210,1,10,8,12,0.069486029
2013,2012-13,Complete,"Boston, MA","Boston, MA","Boston, MA",Groundfish,Groundfish,Groundfish,Other,Other,25 to 34,26,HS or equivalent,HS or equivalent,White,White,No,,,Not insured,Not insured,Never Married,Other/Single,U.S.,English,Yes,5,4th gen or greater,16,16 to 29,16,1,One owner,Other,3,Less than 5,Related to owner,Very easy,4,2 to 4 days,20,18 hours or more,3,3 to 5 members,Hired Captain,Captain,Captain,0,Share system,Share,49,51,Yes,Yes,No,Yes,No,No,No,Satisfied,4,Neutral,3,Neutral,3,Neutral,3,Neutral,3,Neutral,3,Satisfied,4,Satisfied,4,Satisfied,4,Yes,Yes,Disagree,Disagree,Yes,,,,42.3601,-71.058899,2210,1,10,9,12,0.069486029
2013,2012-13,Complete,"Plymouth, MA","Chatham, MA","Chatham, MA",Groundfish,Groundfish,Groundfish,Other,Other,35 to 44,41,HS or equivalent,HS or equivalent,White,White,No,"$20,000 - $29,999","Less than $30,000",Spouse/partner,Insured,Married,Married,U.S.,English,No,1,1st gen,20,16 to 29,20,3,Three owners,Deckhand,20,16 to 29,Referred by a friend,Easy,4,2 to 4 days,16,15 to 17 hours,2,1 to 2 members,Hired Captain,Deckhand,Deckhand,1,Share system,Share,60,40,No,No,No,Yes,Yes,No,No,Very Dissatisfied,1,Very Dissatisfied,1,Very Dissatisfied,1,Neutral,3,Satisfied,4,Satisfied,4,Very Satisfied,5,Very Satisfied,5,Very Satisfied,5,No,Yes,Strongly Disagree,Strongly Agree,,Strongly Agree,Strongly Disagree,Strongly Agree,41.682098,-69.959801,2633,1,3,11,15,0.28912377
2013,2012-13,Complete,"Gloucester, MA","Gloucester, MA","Gloucester, MA",Groundfish,Groundfish,Groundfish,Other,Other,45 to 54,51,HS or equivalent,HS or equivalent,White,White,No,"$40,000 - $49,999","$30,000 - $59,999",Not insured,Not insured,Living with partner,Other/Single,U.S.,English,Yes,1,1st gen,30,30 or more,30,2,Two owners,Deckhand,1,Less than 5,Word of mouth,Very easy,7,5 to 7 days,24,18 hours or more,4,3 to 5 members,Hired Captain,Mate,Other,1,Share system,Share,55,45,No,No,No,No,Yes,No,No,Very Dissatisfied,1,Very Dissatisfied,1,Dissatisfied,2,Very Dissatisfied,1,Very Dissatisfied,1,Very Satisfied,5,Very Satisfied,5,Very Satisfied,5,Satisfied,4,No,No,Strongly Disagree,Strongly Disagree,,Agree,Neutral,Disagree,42.615898,-70.662003,1930,1,4,7,14,0.34651935
2013,2012-13,Complete,"Gloucester, MA","Gloucester, MA","Gloucester, MA",Groundfish,Groundfish,Groundfish,Other,Other,25 to 34,33,HS or equivalent,HS or equivalent,White,White,No,"$70,000 - $79,999","$60,000 - $89,999",Not insured,Not insured,Divorced,Other/Single,U.S.,English,Yes,2,2nd gen,20,16 to 29,20,20,Four or more,Deckhand,7,5 to 15,Previous work,Easy,1,1 day,15,15 to 17 hours,2,1 to 2 members,Hired Captain,Deckhand,Deckhand,1,Share system,Share,50,50,DK/NA,DK/NA,DK/NA,DK/NA,DK/NA,DK/NA,DK/NA,Satisfied,4,Very Dissatisfied,1,Satisfied,4,Satisfied,4,Satisfied,4,Satisfied,4,Very Satisfied,5,Very Satisfied,5,Neutral,3,No,Yes,Strongly Disagree,Neutral,,Agree,Strongly Disagree,Strongly Agree,42.615898,-70.662003,1930,1,9,12,13,0.34651935
2013,2012-13,Complete,"Gloucester, MA","Gloucester, MA","Gloucester, MA",Groundfish,Groundfish,Groundfish,Other,Other,25 to 34,33,HS or equivalent,HS or equivalent,White,White,No,"$70,000 - $79,999","$60,000 - $89,999",Not insured,Not insured,Divorced,Other/Single,U.S.,English,No,5,4th gen or greater,25,16 to 29,25,1,One owner,Deckhand,0,Less than 5,Referred by a friend,Very easy,1,1 day,11,9 to 14 hours,2,1 to 2 members,Hired Captain,Deckhand,Deckhand,1,Share system,Share,,,DK/NA,DK/NA,DK/NA,DK/NA,DK/NA,DK/NA,DK/NA,Satisfied,4,Satisfied,4,Neutral,3,Satisfied,4,Satisfied,4,Dissatisfied,2,Very Satisfied,5,Satisfied,4,Satisfied,4,Don't know,Yes,Disagree,Agree,,Agree,Strongly Disagree,Disagree,42.615898,-70.662003,1930,1,11,10,13,0.34651935
2013,2012-13,Complete,"Gloucester, MA","Gloucester, MA","Gloucester, MA",Groundfish,Groundfish,Groundfish,Other,Other,Under 25,21,HS or equivalent,HS or equivalent,White,White,No,"$60,000 - $69,999","$60,000 - $89,999",Private insurance,Insured,Never Married,Other/Single,U.S.,English,Yes,5,4th gen or greater,19,16 to 29,19,2,Two owners,Deckhand,8,5 to 15,Related to owner,Easy,1,1 day,20,18 hours or more,2,1 to 2 members,Owner-operated,Multiple Positions,Multiple Positions,1,Share system,Share,50,50,No,No,No,Yes,No,No,No,Satisfied,4,Satisfied,4,Dissatisfied,2,Dissatisfied,2,Satisfied,4,Satisfied,4,Very Satisfied,5,Satisfied,4,Dissatisfied,2,No,Yes,Disagree,Agree,Yes,,,,42.615898,-70.662003,1930,1,10,10,11,0.34651935
2013,2012-13,Complete,"Gloucester, MA","Gloucester, MA","Gloucester, MA",Groundfish,Groundfish,Groundfish,Other,Other,25 to 34,31,HS or equivalent,HS or equivalent,White,White,No,"$90,000 - $99,999","$90,000 - $119,999",Not insured,Not insured,Married,Married,U.S.,English,Yes,4,4th gen or greater,10,5 to 15,10,1,One owner,Deckhand,4,Less than 5,Word of mouth,Neither easy nor difficult,9,More than 7 days,17,15 to 17 hours,4,3 to 5 members,Hired Captain,Multiple Positions,Multiple Positions,1,Share system,Share,55,45,Yes,Yes,Yes,Yes,Yes,No,Yes,Dissatisfied,2,Very Dissatisfied,1,Satisfied,4,Dissatisfied,2,Dissatisfied,2,Dissatisfied,2,Neutral,3,Satisfied,4,Satisfied,4,No,Yes,Strongly Disagree,Strongly Agree,,Agree,Agree,Agree,42.615898,-70.662003,1930,1,7,6,11,0.34651935
2013,2012-13,Complete,"Gloucester, MA","Gloucester, MA","Gloucester, MA",Groundfish,Groundfish,Groundfish,Other,Other,45 to 54,54,HS or equivalent,HS or equivalent,White,White,No,,,DK/NA (source),Insured,Divorced,Other/Single,U.S.,English,Yes,4,4th gen or greater,40,30 or more,40,3,Three owners,Deckhand,3,Less than 5,Previous work,Easy,5,5 to 7 days,15,15 to 17 hours,3,3 to 5 members,Hired Captain,Multiple Positions,Multiple Positions,1,Share system,Share,60,40,DK/NA,DK/NA,DK/NA,DK/NA,DK/NA,DK/NA,DK/NA,Dissatisfied,2,Dissatisfied,2,Satisfied,4,Satisfied,4,DK/NA,,Satisfied,4,Very Satisfied,5,Very Satisfied,5,Very Satisfied,5,No,Yes,Disagree,Disagree,,Strongly Agree,Strongly Disagree,Disagree,42.615898,-70.662003,1930,1,8,,15,0.34651935
2013,2012-13,Complete,"Gloucester, MA","Gloucester, MA","Gloucester, MA",Groundfish,Groundfish,Groundfish,Other,Other,25 to 34,26,HS or equivalent,HS or equivalent,White,White,No,"$30,000 - $39,999","$30,000 - $59,999",Not insured,Not insured,Never Married,Other/Single,U.S.,English,Yes,4,4th gen or greater,4,Less than 5,4,3,Three owners,Deckhand,1,Less than 5,,Easy,7,5 to 7 days,15,15 to 17 hours,4,3 to 5 members,Owner-operated,Deckhand,Deckhand,1,Share system,Share,55,45,No,No,No,No,No,No,Yes,Dissatisfied,2,Dissatisfied,2,Very Satisfied,5,Dissatisfied,2,Neutral,3,Satisfied,4,Very Satisfied,5,Satisfied,4,Satisfied,4,No,Yes,Strongly Disagree,Agree,No,,,,42.615898,-70.662003,1930,1,9,9,13,0.34651935
2013,2012-13,Complete,"Boston, MA","Gloucester, MA","Gloucester, MA",Groundfish,Groundfish,Groundfish,Other,Other,45 to 54,48,HS or equivalent,HS or equivalent,White,White,No,"$60,000 - $69,999","$60,000 - $89,999",Spouse/partner,Insured,Living with partner,Other/Single,U.S.,English,No,1,1st gen,22,16 to 29,22,1,One owner,Deckhand,3,Less than 5,Previous work,Very easy,7,5 to 7 days,18,18 hours or more,3,3 to 5 members,Owner-operated,Deckhand,Deckhand,1,Share system,Share,55,45,Yes,Yes,Yes,Yes,Yes,No,No,Very Dissatisfied,1,Dissatisfied,2,Very Satisfied,5,Very Dissatisfied,1,Satisfied,4,Dissatisfied,2,Very Satisfied,5,Very Satisfied,5,Dissatisfied,2,No,Yes,Strongly Disagree,Strongly Disagree,Yes,,,,42.615898,-70.662003,1930,1,8,7,12,0.34651935
2013,2012-13,Complete,"Gloucester, MA","Gloucester, MA","Gloucester, MA",Groundfish,Groundfish,Groundfish,Other,Other,35 to 44,44,HS or equivalent,HS or equivalent,American Indian/Alaska Native,Non-White,No,"$70,000 - $79,999","$60,000 - $89,999",Not insured,Not insured,Married,Married,U.S.,English,Yes,4,4th gen or greater,40,30 or more,40,1,One owner,Deckhand,1,Less than 5,Previous work,Easy,7,5 to 7 days,20,18 hours or more,3,3 to 5 members,Hired Captain,Multiple Positions,Multiple Positions,1,Share system,Share,60,40,No,No,No,Yes,Yes,No,No,Very Dissatisfied,1,Very Dissatisfied,1,Very Satisfied,5,Very Dissatisfied,1,Satisfied,4,Satisfied,4,Very Satisfied,5,Very Satisfied,5,Very Dissatisfied,1,No,Yes,Strongly Disagree,Agree,,Strongly Agree,Strongly Disagree,Strongly Agree,42.615898,-70.662003,1930,1,7,9,11,0.34651935
2013,2012-13,Complete,"Gloucester, MA","Gloucester, MA","Gloucester, MA",Groundfish,Groundfish,Groundfish,Other,Other,35 to 44,37,HS or equivalent,HS or equivalent,White,White,No,"$120,000 or more","$120,000 or more",Not insured,Not insured,Never Married,Other/Single,U.S.,English,Yes,3,3rd gen,20,16 to 29,20,2,Two owners,Deckhand,7,5 to 15,Previous work,Neither easy nor difficult,1,1 day,1,8 hours or less,2,1 to 2 members,Owner-operated,Captain,Captain,0,Share system,Share,50,50,DK/NA,DK/NA,DK/NA,DK/NA,DK/NA,DK/NA,DK/NA,Satisfied,4,Very Dissatisfied,1,Satisfied,4,Satisfied,4,Satisfied,4,Satisfied,4,Very Satisfied,5,Very Satisfied,5,Neutral,3,No,Yes,Strongly Disagree,Neutral,,Agree,Strongly Disagree,Strongly Agree,42.615898,-70.662003,1930,1,9,12,13,0.34651935
2013,2012-13,Complete,"Gloucester, MA","Gloucester, MA","Gloucester, MA",Groundfish,Groundfish,Groundfish,Other,Other,25 to 34,28,HS or equivalent,HS or equivalent,White,White,No,"$60,000 - $69,999","$60,000 - $89,999",Employer (vessel),Insured,Married,Married,U.S.,English,Yes,4,4th gen or greater,15,5 to 15,15,3,Three owners,Deckhand,8,5 to 15,Previous work,Easy,1,1 day,9,9 to 14 hours,2,1 to 2 members,Owner-operated,Multiple Positions,Multiple Positions,1,Share system,Share,50,50,No,No,No,No,Yes,Yes,No,Satisfied,4,Neutral,3,Neutral,3,Dissatisfied,2,Satisfied,4,Neutral,3,Very Satisfied,5,Very Satisfied,5,Dissatisfied,2,Yes,Yes,Disagree,Agree,No,,,,42.615898,-70.662003,1930,1,10,9,12,0.34651935
2013,2012-13,Complete,"Portsmouth, NH","Gloucester, MA","Gloucester, MA",Groundfish,Groundfish,Groundfish,Other,Other,45 to 54,50,Less than HS,Less than HS,White,White,No,"$40,000 - $49,999","$30,000 - $59,999",Spouse/partner,Insured,Married,Married,U.S.,English,Yes,4,4th gen or greater,20,16 to 29,20,1,One owner,Other,8,5 to 15,Word of mouth,Very easy,6,5 to 7 days,15,15 to 17 hours,4,3 to 5 members,Hired Captain,Multiple Positions,Multiple Positions,1,Share system,Share,,,DK/NA,DK/NA,DK/NA,DK/NA,DK/NA,DK/NA,DK/NA,Satisfied,4,Dissatisfied,2,Very Satisfied,5,Neutral,3,Dissatisfied,2,Very Satisfied,5,Very Satisfied,5,Very Satisfied,5,Very Dissatisfied,1,No,Don't know,Disagree,Agree,No,,,,42.615898,-70.662003,1930,1,11,10,11,0.34651935
2013,2012-13,Complete,"Gloucester, MA","Gloucester, MA","Gloucester, MA",Groundfish,Groundfish,Groundfish,Other,Other,25 to 34,25,HS or equivalent,HS or equivalent,White,White,No,"$30,000 - $39,999","$30,000 - $59,999",DK/NA (insured),,Never Married,Other/Single,U.S.,English,No,1,1st gen,2,Less than 5,2,1,One owner,Deckhand,3,Less than 5,Word of mouth,Difficult,8,More than 7 days,24,18 hours or more,5,3 to 5 members,Hired Captain,Deckhand,Deckhand,1,Per trip,Other,,,DK/NA,DK/NA,DK/NA,DK/NA,DK/NA,DK/NA,DK/NA,DK/NA,,Satisfied,4,Very Satisfied,5,Very Dissatisfied,1,Neutral,3,DK/NA,,Very Satisfied,5,Satisfied,4,Very Satisfied,5,Yes,Yes,Disagree,Disagree,,Agree,Agree,Neutral,42.615898,-70.662003,1930,1,,,14,0.34651935
2013,2012-13,Complete,"Gloucester, MA","Gloucester, MA","Gloucester, MA",Groundfish,Groundfish,Groundfish,Other,Other,Under 25,21,Associate's/two-year degree,Associate's/two-year degree,White,White,No,"$70,000 - $79,999","$60,000 - $89,999",Other,Insured,Never Married,Other/Single,U.S.,Other,Yes,3,3rd gen,10,5 to 15,10,1,One owner,Deckhand,5,5 to 15,Previous work,Easy,7,5 to 7 days,16,15 to 17 hours,6,6 or more members,Owner-operated,Deckhand,Deckhand,1,Share system,Share,52,48,No,No,No,Yes,No,No,No,Satisfied,4,Very Dissatisfied,1,Satisfied,4,Neutral,3,Dissatisfied,2,Dissatisfied,2,Very Satisfied,5,Satisfied,4,Satisfied,4,No,Yes,Disagree,Agree,,Agree,Disagree,Agree,42.615898,-70.662003,1930,1,9,7,13,0.34651935
2013,2012-13,Complete,"Gloucester, MA","Gloucester, MA","Gloucester, MA",Groundfish,Groundfish,Groundfish,Other,Other,45 to 54,54,DK/NA,,White,White,No,,,Spouse/partner,Insured,Divorced,Other/Single,U.S.,English,No,2,2nd gen,,30 or more,,2,Two owners,Other,0,Less than 5,,Difficult,1,1 day,15,15 to 17 hours,2,1 to 2 members,Owner-operated,Deckhand,Deckhand,1,Share system,Share,85,15,No,No,No,Yes,Yes,No,No,Very Dissatisfied,1,Very Dissatisfied,1,Very Satisfied,5,Very Satisfied,5,Very Dissatisfied,1,Neutral,3,Very Satisfied,5,Very Satisfied,5,Satisfied,4,No,Yes,Strongly Disagree,Strongly Disagree,,Strongly Agree,Strongly Disagree,Strongly Agree,42.615898,-70.662003,1930,1,7,9,14,0.34651935
2013,2012-13,Complete,"Gloucester, MA","Gloucester, MA","Gloucester, MA",Groundfish,Groundfish,Groundfish,Other,Other,Under 25,24,Associate's/two-year degree,Associate's/two-year degree,White,White,No,"$40,000 - $49,999","$30,000 - $59,999",Fed or state insurance,Insured,Never Married,Other/Single,U.S.,Other,Yes,3,3rd gen,5,5 to 15,5,20,Four or more,Deckhand,5,5 to 15,Related to owner,Very easy,5,5 to 7 days,15,15 to 17 hours,5,3 to 5 members,Owner-operated,Deckhand,Deckhand,1,Share system,Share,,,No,No,No,No,No,No,No,Very Satisfied,5,Neutral,3,Dissatisfied,2,Very Dissatisfied,1,Satisfied,4,Neutral,3,Very Satisfied,5,Very Satisfied,5,Neutral,3,No,Yes,Strongly Disagree,Agree,No,,,,42.615898,-70.662003,1930,1,10,8,13,0.34651935
2013,2012-13,Complete,"Gloucester, MA","Gloucester, MA","Gloucester, MA",Groundfish,Groundfish,Groundfish,Other,Other,25 to 34,30,HS or equivalent,HS or equivalent,White,White,No,"$40,000 - $49,999","$30,000 - $59,999",Not insured,Not insured,Never Married,Other/Single,U.S.,English,No,1,1st gen,6,5 to 15,6,2,Two owners,Deckhand,5,5 to 15,Word of mouth,Neither easy nor difficult,1,1 day,15,15 to 17 hours,2,1 to 2 members,Owner-operated,Deckhand,Deckhand,1,Share system,Share,75,25,DK/NA,DK/NA,DK/NA,DK/NA,DK/NA,DK/NA,DK/NA,Dissatisfied,2,Very Dissatisfied,1,Satisfied,4,Neutral,3,Satisfied,4,Neutral,3,Satisfied,4,Satisfied,4,Very Satisfied,5,No,Yes,Disagree,Strongly Agree,No,,,,42.615898,-70.662003,1930,1,7,10,13,0.34651935
2013,2012-13,Complete,"Gloucester, MA","Gloucester, MA","Gloucester, MA",Groundfish,Groundfish,Groundfish,Other,Other,25 to 34,25,HS or equivalent,HS or equivalent,White,White,No,"$30,000 - $39,999","$30,000 - $59,999",Not insured,Not insured,Never Married,Other/Single,U.S.,English,Yes,10,4th gen or greater,14,5 to 15,14,2,Two owners,Deckhand,5,5 to 15,Related to owner,Very easy,1,1 day,14,9 to 14 hours,2,1 to 2 members,Owner-operated,Deckhand,Deckhand,1,Share system,Share,50,50,Yes,No,No,No,No,No,No,Neutral,3,Dissatisfied,2,Satisfied,4,Dissatisfied,2,Satisfied,4,Dissatisfied,2,Satisfied,4,Satisfied,4,Neutral,3,No,No,Disagree,Agree,No,,,,42.615898,-70.662003,1930,1,9,8,11,0.34651935
2013,2012-13,Complete,"Gloucester, MA","Gloucester, MA","Gloucester, MA",Groundfish,Groundfish,Groundfish,Other,Other,25 to 34,26,HS or equivalent,HS or equivalent,White,White,No,"Less than $10,000","Less than $30,000",Fed or state insurance,Insured,Never Married,Other/Single,U.S.,English,Yes,5,4th gen or greater,9,5 to 15,9,1,One owner,Deckhand,0,Less than 5,Word of mouth,Difficult,3,2 to 4 days,DK/NA,18 hours or more,4,3 to 5 members,Owner-operated,Deckhand,Deckhand,1,Share system,Share,,,No,No,No,No,No,No,Yes,Neutral,3,Dissatisfied,2,Dissatisfied,2,Satisfied,4,Neutral,3,Dissatisfied,2,Very Satisfied,5,Very Satisfied,5,Satisfied,4,Don't know,No,Disagree,Agree,No,,,,42.615898,-70.662003,1930,1,7,9,14,0.34651935
2013,2012-13,Complete,"New Bedford, MA","Gloucester, MA","Gloucester, MA",Groundfish,Groundfish,Groundfish,Other,Other,35 to 44,38,HS or equivalent,HS or equivalent,White,White,No,"$30,000 - $39,999","$30,000 - $59,999",Private insurance,Insured,Married,Married,U.S.,English,Yes,1,1st gen,8,5 to 15,8,1,One owner,Deckhand,8,5 to 15,Related to owner,Very easy,1,1 day,15,15 to 17 hours,2,1 to 2 members,Owner-operated,Deckhand,Deckhand,1,Share system,Share,50,50,Yes,No,No,Yes,No,No,Yes,Satisfied,4,Satisfied,4,Satisfied,4,DK/NA,,Very Dissatisfied,1,Dissatisfied,2,Satisfied,4,Satisfied,4,Very Satisfied,5,Yes,Yes,Agree,Disagree,Yes,,,,42.615898,-70.662003,1930,1,12,,13,0.34651935
2013,2012-13,Complete,"Gloucester, MA","Gloucester, MA","Gloucester, MA",Groundfish,Groundfish,Groundfish,Other,Other,25 to 34,34,HS or equivalent,HS or equivalent,White,White,No,"$50,000 - $59,999","$30,000 - $59,999",Not insured,Not insured,Divorced,Other/Single,U.S.,English,No,2,2nd gen,10,5 to 15,10,1,One owner,Deckhand,3,Less than 5,Referred by a friend,Easy,1,1 day,14,9 to 14 hours,3,3 to 5 members,Owner-operated,Deckhand,Deckhand,1,Per trip,Other,,,DK/NA,DK/NA,DK/NA,DK/NA,DK/NA,DK/NA,DK/NA,Dissatisfied,2,Very Dissatisfied,1,Satisfied,4,Dissatisfied,2,Satisfied,4,Satisfied,4,Very Satisfied,5,Very Satisfied,5,Neutral,3,No,Yes,Disagree,Agree,,Neutral,Strongly Disagree,Agree,42.615898,-70.662003,1930,1,7,10,13,0.34651935
2013,2012-13,Complete,"Gloucester, MA","Gloucester, MA","Gloucester, MA",Groundfish,Groundfish,Groundfish,Other,Other,35 to 44,38,Associate's/two-year degree,Associate's/two-year degree,White,White,No,"$30,000 - $39,999","$30,000 - $59,999",Not insured,Not insured,Married,Married,U.S.,English,No,1,1st gen,18,16 to 29,18,2,Two owners,Deckhand,0,Less than 5,Referred by a friend,Very easy,9,More than 7 days,24,18 hours or more,4,3 to 5 members,Hired Captain,Deckhand,Deckhand,1,Share system,Share,55,45,Yes,Yes,No,Yes,Yes,No,No,Dissatisfied,2,Very Dissatisfied,1,Satisfied,4,Very Dissatisfied,1,Very Dissatisfied,1,Very Satisfied,5,Satisfied,4,Very Satisfied,5,Very Dissatisfied,1,No,Yes,Agree,Strongly Agree,No,,,,42.615898,-70.662003,1930,1,7,7,10,0.34651935
2013,2012-13,Complete,"Gloucester, MA","Gloucester, MA","Gloucester, MA",Groundfish,Groundfish,Groundfish,Other,Other,35 to 44,36,Bachelor's/four year degree,Bachelor's/four year degree,White,White,No,"$60,000 - $69,999","$60,000 - $89,999",Spouse/partner,Insured,Married,Married,U.S.,English,Yes,1,1st gen,20,16 to 29,20,1,One owner,Deckhand,6,5 to 15,Previous work,Very easy,1,1 day,10,9 to 14 hours,3,3 to 5 members,Hired Captain,Captain,Captain,0,Share system,Share,50,50,No,No,Yes,No,No,No,Yes,Satisfied,4,Dissatisfied,2,Dissatisfied,2,Neutral,3,Neutral,3,Very Satisfied,5,Very Satisfied,5,Satisfied,4,Dissatisfied,2,No,Yes,Strongly Disagree,Agree,,Strongly Agree,Disagree,Strongly Agree,42.615898,-70.662003,1930,1,8,11,11,0.34651935
2013,2012-13,Complete,"Gloucester, MA","Gloucester, MA","Gloucester, MA",Groundfish,Groundfish,Groundfish,Other,Other,25 to 34,30,Associate's/two-year degree,Associate's/two-year degree,White,White,No,,,Not insured,Not insured,Married,Married,U.S.,English,Yes,1,1st gen,7,5 to 15,7,1,One owner,Other,1,Less than 5,Previous work,Very easy,7,5 to 7 days,18,18 hours or more,4,3 to 5 members,Hired Captain,Captain,Captain,0,Share system,Share,50,50,DK/NA,DK/NA,DK/NA,DK/NA,DK/NA,DK/NA,DK/NA,Dissatisfied,2,Dissatisfied,2,Dissatisfied,2,Dissatisfied,2,Satisfied,4,Satisfied,4,Very Satisfied,5,Very Satisfied,5,Satisfied,4,No,No,Disagree,Agree,,Strongly Agree,Agree,Strongly Agree,42.615898,-70.662003,1930,1,6,10,14,0.34651935
2013,2012-13,Complete,"Gloucester, MA","Gloucester, MA","Gloucester, MA",Groundfish,Groundfish,Groundfish,Other,Other,25 to 34,32,HS or equivalent,HS or equivalent,White,White,No,"$50,000 - $59,999","$30,000 - $59,999",Fed or state insurance,Insured,Living with partner,Other/Single,U.S.,English,Yes,2,2nd gen,20,16 to 29,20,1,One owner,Deckhand,6,5 to 15,Previous work,Very easy,1,1 day,10,9 to 14 hours,3,3 to 5 members,Hired Captain,Deckhand,Deckhand,1,Share system,Share,50,50,Yes,No,Yes,No,Yes,Yes,No,Dissatisfied,2,Dissatisfied,2,Neutral,3,Very Satisfied,5,Neutral,3,Dissatisfied,2,Neutral,3,Neutral,3,Neutral,3,Yes,Yes,Strongly Disagree,Neutral,,Strongly Agree,Strongly Disagree,Strongly Agree,42.615898,-70.662003,1930,1,7,10,9,0.34651935
2013,2012-13,Complete,"Gloucester, MA","Gloucester, MA","Gloucester, MA",Groundfish,Groundfish,Groundfish,Other,Other,45 to 54,54,Less than HS,Less than HS,White,White,No,"$10,000 - $19,999","Less than $30,000",Not insured,Not insured,Divorced,Other/Single,U.S.,English,No,12,4th gen or greater,50,30 or more,50,1,One owner,Deckhand,7,5 to 15,Previous work,Very easy,1,1 day,8,8 hours or less,1,1 to 2 members,Hired Captain,Captain,Captain,0,Per trip,Other,,,DK/NA,DK/NA,DK/NA,DK/NA,DK/NA,DK/NA,DK/NA,Neutral,3,Dissatisfied,2,Very Dissatisfied,1,Neutral,3,Dissatisfied,2,Dissatisfied,2,Satisfied,4,Very Satisfied,5,Very Satisfied,5,No,No,Disagree,Disagree,Yes,,,,42.615898,-70.662003,1930,1,6,7,14,0.34651935
2013,2012-13,Complete,"Seabrook, NH","Hampton, NH","Hampton, NH",Groundfish,Groundfish,Groundfish,Other,Other,55 or older,59,Graduate degree,Graduate degree,White,White,No,"$60,000 - $69,999","$60,000 - $89,999",Fed or state insurance,Insured,Married,Married,U.S.,English,No,2,2nd gen,45,30 or more,45,1,One owner,Deckhand,30,30 or more,Previous work,Neither easy nor difficult,1,1 day,13,9 to 14 hours,3,3 to 5 members,Owner-operated,Captain,Captain,0,Share system,Share,70,30,Yes,Yes,No,No,No,No,No,Satisfied,4,Satisfied,4,Satisfied,4,Satisfied,4,Neutral,3,Dissatisfied,2,Very Satisfied,5,Very Satisfied,5,Very Satisfied,5,No,Yes,Strongly Disagree,Strongly Disagree,,Agree,Disagree,Strongly Agree,37.0299,-76.3452,3842,1,12,9,15,0.1084077
2013,2012-13,Complete,"Portsmouth, NH","Hyannis, MA","Woods Hole, MA",Groundfish,Groundfish,Groundfish,Other,Other,25 to 34,32,HS or equivalent,HS or equivalent,White,White,No,"$50,000 - $59,999","$30,000 - $59,999",Spouse/partner,Insured,Married,Married,U.S.,English,No,1,1st gen,3,Less than 5,3,1,One owner,Other,3,Less than 5,Referred by a friend,Very easy,1,1 day,15,15 to 17 hours,2,1 to 2 members,Owner-operated,Multiple Positions,Multiple Positions,1,Share system,Share,80,20,Yes,Yes,No,Yes,Yes,No,No,Satisfied,4,Dissatisfied,2,Dissatisfied,2,Very Dissatisfied,1,Very Satisfied,5,Very Satisfied,5,Very Satisfied,5,Very Satisfied,5,Very Satisfied,5,Yes,Yes,Strongly Disagree,Strongly Disagree,,Agree,Disagree,Neutral,37.0299,-76.3452,2601,1,8,11,15,0.3224192
2013,2012-13,Complete,"Portsmouth, NH","Kittery, ME","Provincetown, MA",Groundfish,Groundfish,Groundfish,Other,Other,25 to 34,34,HS or equivalent,HS or equivalent,White,White,No,"$40,000 - $49,999","$30,000 - $59,999",Not insured,Not insured,Never Married,Other/Single,U.S.,English,No,2,2nd gen,20,16 to 29,20,2,Two owners,Deckhand,2,Less than 5,Word of mouth,Very easy,1,1 day,13,9 to 14 hours,2,1 to 2 members,Hired Captain,Deckhand,Deckhand,1,Share system,Share,88,12,Yes,No,No,Yes,Yes,No,No,Satisfied,4,Dissatisfied,2,Very Satisfied,5,Dissatisfied,2,Very Satisfied,5,Neutral,3,Very Satisfied,5,Very Satisfied,5,Neutral,3,No,Yes,Strongly Disagree,Agree,Yes,,,,43.0881,-70.736099,3905,1,11,10,13,-0.21020927
2013,2012-13,Complete,"Montauk, NY","Montauk, NY","Montauk, NY",Groundfish,Groundfish,Groundfish,Other,Other,Under 25,17,HS or equivalent,HS or equivalent,White,White,No,"$50,000 - $59,999","$30,000 - $59,999",Fed or state insurance,Insured,Never Married,Other/Single,U.S.,English,Yes,5,4th gen or greater,3,Less than 5,3,1,One owner,Deckhand,3,Less than 5,Related to non-owner,Very easy,3,2 to 4 days,18,18 hours or more,3,3 to 5 members,Owner-operated,Deckhand,Deckhand,1,Share system,Share,60,40,Yes,No,No,Yes,No,No,No,Dissatisfied,2,Dissatisfied,2,Neutral,3,Neutral,3,Dissatisfied,2,Neutral,3,Satisfied,4,Satisfied,4,Satisfied,4,Yes,Yes,Disagree,Disagree,Yes,,,,41.0359,-71.954498,11954,2,7,8,12,0.35286254
2013,2012-13,Complete,"Montauk, NY","Montauk, NY","Montauk, NY",Groundfish,Groundfish,Groundfish,Other,Other,35 to 44,39,HS or equivalent,HS or equivalent,White,White,No,"$50,000 - $59,999","$30,000 - $59,999",Spouse/partner,Insured,Married,Married,U.S.,English,Yes,5,4th gen or greater,11,5 to 15,11,1,One owner,Deckhand,11,5 to 15,Previous work,Easy,3,2 to 4 days,18,18 hours or more,3,3 to 5 members,Owner-operated,Deckhand,Deckhand,1,Share system,Share,60,40,Yes,No,No,Yes,No,No,No,Satisfied,4,Dissatisfied,2,Satisfied,4,Dissatisfied,2,Dissatisfied,2,Neutral,3,Satisfied,4,Satisfied,4,Satisfied,4,Don't know,Don't know,Strongly Disagree,Agree,,Neutral,Agree,Disagree,41.0359,-71.954498,11954,2,10,7,12,0.35286254
2013,2012-13,Complete,"Montauk, NY","Montauk, NY","Montauk, NY",Groundfish,Groundfish,Groundfish,Other,Other,Under 25,19,Less than HS,Less than HS,White,White,No,"$30,000 - $39,999","$30,000 - $59,999",Not insured,Not insured,Never Married,Other/Single,U.S.,English,Yes,4,4th gen or greater,2,Less than 5,2,1,One owner,Deckhand,1,Less than 5,Referred by a friend,Easy,3,2 to 4 days,18,18 hours or more,3,3 to 5 members,Owner-operated,Deckhand,Deckhand,1,Share system,Share,60,40,No,No,No,Yes,No,No,No,Dissatisfied,2,Dissatisfied,2,Dissatisfied,2,Dissatisfied,2,Very Dissatisfied,1,Dissatisfied,2,Neutral,3,Neutral,3,Dissatisfied,2,No,No,Agree,Agree,,Agree,Disagree,Agree,41.0359,-71.954498,11954,2,6,5,8,0.35286254
2013,2012-13,Complete,"Montauk, NY","Montauk, NY","Montauk, NY",Groundfish,Groundfish,Groundfish,Other,Other,Under 25,19,HS or equivalent,HS or equivalent,White,White,No,"$30,000 - $39,999","$30,000 - $59,999",Not insured,Not insured,Never Married,Other/Single,U.S.,English,No,1,1st gen,1,Less than 5,1,1,One owner,Deckhand,1,Less than 5,Word of mouth,Neither easy nor difficult,2,2 to 4 days,18,18 hours or more,3,3 to 5 members,Owner-operated,Deckhand,Deckhand,1,Share system,Share,70,30,DK/NA,DK/NA,DK/NA,DK/NA,DK/NA,DK/NA,DK/NA,Dissatisfied,2,Dissatisfied,2,Dissatisfied,2,Dissatisfied,2,Dissatisfied,2,Dissatisfied,2,Neutral,3,Neutral,3,Dissatisfied,2,Don't know,Don't know,Agree,Agree,No,,,,41.0359,-71.954498,11954,2,6,6,8,0.35286254
2013,2012-13,Complete,"New Bedford, MA","New Bedford, MA","New Gloucester, ME",Groundfish,Groundfish,Groundfish,Other,Other,45 to 54,54,HS or equivalent,HS or equivalent,White,White,No,"$40,000 - $49,999","$30,000 - $59,999",Fed or state insurance,Insured,Married,Married,U.S.,English,No,2,2nd gen,30,30 or more,30,1,One owner,Deckhand,1,Less than 5,Referred by a friend,Difficult,6,5 to 7 days,15,15 to 17 hours,7,6 or more members,Owner-operated,Deckhand,Deckhand,1,Share system,Share,60,40,Yes,Yes,No,Yes,No,No,No,Dissatisfied,2,Neutral,3,Satisfied,4,Dissatisfied,2,Dissatisfied,2,Satisfied,4,Satisfied,4,Satisfied,4,Satisfied,4,No,Yes,Disagree,Agree,,Agree,Strongly Disagree,Neutral,41.6362,-70.934196,2740,1,9,8,12,0.13545999
2013,2012-13,Complete,"New Bedford, MA","New Bedford, MA","New Gloucester, ME",Groundfish,Groundfish,Groundfish,Other,Other,55 or older,55,HS or equivalent,HS or equivalent,DK/NA,Non-White,Yes,"$40,000 - $49,999","$30,000 - $59,999",Not insured,Not insured,Never Married,Other/Single,Outside U.S.,Spanish,No,1,1st gen,14,5 to 15,14,1,One owner,Deckhand,1,Less than 5,Previous work,Easy,10,More than 7 days,17,15 to 17 hours,4,3 to 5 members,Hired Captain,Engine Mechanic,Other,1,Share system,Share,50,50,Yes,Yes,Yes,Yes,No,No,Yes,Very Dissatisfied,1,Very Dissatisfied,1,Satisfied,4,Satisfied,4,Satisfied,4,Satisfied,4,Very Satisfied,5,Very Satisfied,5,Very Dissatisfied,1,No,Yes,Disagree,Strongly Disagree,,Agree,DK/NA,Strongly Agree,41.6362,-70.934196,2740,1,6,12,11,0.13545999
2013,2012-13,Complete,"New Bedford, MA","New Bedford, MA","New Gloucester, ME",Groundfish,Groundfish,Groundfish,Other,Other,55 or older,60,Associate's/two-year degree,Associate's/two-year degree,White,White,No,"$40,000 - $49,999","$30,000 - $59,999",Private insurance,Insured,Married,Married,Outside U.S.,Portuguese,Yes,4,4th gen or greater,34,30 or more,34,1,One owner,Deckhand,30,30 or more,Related to owner,Easy,9,More than 7 days,16,15 to 17 hours,5,3 to 5 members,Hired Captain,Captain,Captain,0,Share system,Share,50,50,DK/NA,DK/NA,DK/NA,DK/NA,DK/NA,DK/NA,DK/NA,Very Dissatisfied,1,Very Dissatisfied,1,Very Satisfied,5,Satisfied,4,Satisfied,4,Satisfied,4,Satisfied,4,Satisfied,4,Very Dissatisfied,1,No,Yes,Strongly Disagree,Strongly Disagree,No,,,,41.6362,-70.934196,2740,1,7,12,9,0.13545999
2013,2012-13,Complete,"New Bedford, MA","New Bedford, MA","New Gloucester, ME",Groundfish,Groundfish,Groundfish,Other,Other,35 to 44,42,Less than HS,Less than HS,Some other race,Non-White,No,"Less than $10,000","Less than $30,000",Not insured,Not insured,Separated,Other/Single,Outside U.S.,Other,No,3,3rd gen,5,5 to 15,5,2,Two owners,Deckhand,5,5 to 15,Previous work,Easy,3,2 to 4 days,24,18 hours or more,4,3 to 5 members,Owner-operated,Deckhand,Deckhand,1,Share system,Share,50,50,Yes,Yes,No,Yes,No,No,Yes,Very Dissatisfied,1,Dissatisfied,2,Very Satisfied,5,Satisfied,4,Satisfied,4,Very Satisfied,5,Satisfied,4,Satisfied,4,Satisfied,4,Yes,Yes,Strongly Agree,Strongly Disagree,No,,,,41.6362,-70.934196,2740,1,8,13,12,0.13545999
2013,2012-13,Complete,"New Bedford, MA","New Bedford, MA","New Gloucester, ME",Groundfish,Groundfish,Groundfish,Other,Other,55 or older,74,Graduate degree,Graduate degree,White,White,No,"$10,000 - $19,999","Less than $30,000",Private insurance,Insured,Married,Married,U.S.,English,No,1,1st gen,58,30 or more,58,1,One owner,Deckhand,3,Less than 5,Word of mouth,Difficult,1,1 day,7,8 hours or less,2,1 to 2 members,Hired Captain,Captain,Captain,0,Share system,Share,50,50,No,No,No,No,Yes,No,No,Neutral,3,Neutral,3,Neutral,3,Very Satisfied,5,Satisfied,4,Satisfied,4,Very Satisfied,5,Satisfied,4,Neutral,3,No,No,Disagree,Disagree,,Agree,Disagree,Strongly Agree,41.6362,-70.934196,2740,1,9,13,12,0.13545999
2013,2012-13,Complete,"New Bedford, MA","New Bedford, MA","New Gloucester, ME",Groundfish,Groundfish,Groundfish,Other,Other,25 to 34,25,Less than HS,Less than HS,White,White,No,"$30,000 - $39,999","$30,000 - $59,999",Not insured,Not insured,Never Married,Other/Single,U.S.,English,No,3,3rd gen,9,5 to 15,9,2,Two owners,Deckhand,2,Less than 5,Word of mouth,Neither easy nor difficult,2,2 to 4 days,12,9 to 14 hours,3,3 to 5 members,Owner-operated,Multiple Positions,Multiple Positions,1,Share system,Share,60,40,No,No,No,Yes,No,No,No,Dissatisfied,2,Dissatisfied,2,Dissatisfied,2,Dissatisfied,2,Dissatisfied,2,Satisfied,4,Satisfied,4,Satisfied,4,Dissatisfied,2,No,Yes,Disagree,Agree,,Strongly Agree,Strongly Disagree,Strongly Agree,41.6362,-70.934196,2740,1,6,8,10,0.13545999
2013,2012-13,Complete,"New Bedford, MA","New Bedford, MA","New Gloucester, ME",Groundfish,Groundfish,Groundfish,Other,Other,Under 25,21,HS or equivalent,HS or equivalent,White,White,No,"$20,000 - $29,999","Less than $30,000",Fed or state insurance,Insured,Never Married,Other/Single,Outside U.S.,English,Yes,1,1st gen,1,Less than 5,1,1,One owner,Deckhand,1,Less than 5,Referred by a friend,Very difficult,10,More than 7 days,16,15 to 17 hours,4,3 to 5 members,Hired Captain,Multiple Positions,Multiple Positions,1,Share system,Share,60,40,Yes,No,No,Yes,Yes,No,No,Very Dissatisfied,1,Very Dissatisfied,1,Neutral,3,Dissatisfied,2,Dissatisfied,2,Very Dissatisfied,1,Satisfied,4,Satisfied,4,Very Satisfied,5,No,Yes,Disagree,Disagree,,Strongly Agree,Disagree,Strongly Agree,41.6362,-70.934196,2740,1,5,5,13,0.13545999
2013,2012-13,Complete,"New Bedford, MA","New Bedford, MA","New Gloucester, ME",Groundfish,Groundfish,Groundfish,Other,Other,35 to 44,40,HS or equivalent,HS or equivalent,White,White,Yes,"$40,000 - $49,999","$30,000 - $59,999",Private insurance,Insured,Divorced,Other/Single,Outside U.S.,English & Portuguese,Yes,3,3rd gen,19,16 to 29,19,1,One owner,Cook,3,Less than 5,Previous work,Very easy,8,More than 7 days,12,9 to 14 hours,4,3 to 5 members,Hired Captain,Multiple Positions,Multiple Positions,1,Share system,Share,,,DK/NA,DK/NA,DK/NA,DK/NA,DK/NA,DK/NA,DK/NA,Very Dissatisfied,1,Very Dissatisfied,1,Neutral,3,Dissatisfied,2,Neutral,3,Dissatisfied,2,Very Satisfied,5,Satisfied,4,Dissatisfied,2,No,Don't know,Disagree,Agree,,Agree,Agree,Agree,41.6362,-70.934196,2740,1,5,7,11,0.13545999
2013,2012-13,Complete,"Point Judith, RI","Point Judith, RI","Point Lookout, NY",Groundfish,Groundfish,Groundfish,Other,Other,Under 25,24,HS or equivalent,HS or equivalent,White,White,No,"$20,000 - $29,999","Less than $30,000",Not insured,Not insured,Never Married,Other/Single,U.S.,English,Yes,4,4th gen or greater,12,5 to 15,12,3,Three owners,Cook,12,5 to 15,Word of mouth,Very easy,5,5 to 7 days,16,15 to 17 hours,3,3 to 5 members,Owner-operated,Deckhand,Deckhand,1,Share system,Share,60,40,No,No,No,Yes,No,No,No,Dissatisfied,2,Neutral,3,Very Dissatisfied,1,Very Satisfied,5,Very Dissatisfied,1,Satisfied,4,Very Satisfied,5,Very Satisfied,5,Very Satisfied,5,No,Yes,Strongly Disagree,Strongly Disagree,No,,,,41.365398,-71.486702,2882,1,6,10,15,-0.075379163
2013,2012-13,Complete,"Point Judith, RI","Point Judith, RI","Point Lookout, NY",Groundfish,Groundfish,Groundfish,Other,Other,Under 25,22,HS or equivalent,HS or equivalent,White,White,No,"$10,000 - $19,999","Less than $30,000",Not insured,Not insured,Living with partner,Other/Single,U.S.,English,Yes,1,1st gen,4,Less than 5,4,2,Two owners,Deckhand,3,Less than 5,Referred by a friend,Neither easy nor difficult,1,1 day,12,9 to 14 hours,4,3 to 5 members,Owner-operated,Deckhand,Deckhand,1,Share system,Share,,,No,No,No,Yes,Yes,No,No,Satisfied,4,Satisfied,4,Satisfied,4,Satisfied,4,Satisfied,4,Satisfied,4,Very Satisfied,5,Very Satisfied,5,Neutral,3,Yes,Yes,Disagree,Strongly Disagree,,Agree,Disagree,Strongly Agree,41.365398,-71.486702,2882,1,12,12,13,-0.075379163
2013,2012-13,Complete,"Portland, ME","Portland, ME","Portsmouth, NH",Groundfish,Groundfish,Groundfish,Other,Other,35 to 44,42,Associate's/two-year degree,Associate's/two-year degree,White,White,No,"$50,000 - $59,999","$30,000 - $59,999",Spouse/partner,Insured,Married,Married,U.S.,English,No,2,2nd gen,18,16 to 29,18,2,Two owners,Deckhand,2,Less than 5,Previous work,Very easy,5,5 to 7 days,14,9 to 14 hours,3,3 to 5 members,Owner-operated,Multiple Positions,Multiple Positions,1,Share system,Share,60,40,Yes,No,No,No,No,No,No,Dissatisfied,2,Dissatisfied,2,Neutral,3,Neutral,3,Dissatisfied,2,Satisfied,4,Satisfied,4,Satisfied,4,Dissatisfied,2,No,No,Agree,Agree,,Strongly Agree,Strongly Disagree,Agree,43.6591,-70.256798,4019,2,7,9,10,-0.4047828
2013,2012-13,Complete,"Portland, ME","Portland, ME","Portsmouth, NH",Groundfish,Groundfish,Groundfish,Other,Other,45 to 54,50,HS or equivalent,HS or equivalent,White,White,No,"$30,000 - $39,999","$30,000 - $59,999",Spouse/partner,Insured,Married,Married,U.S.,English,Yes,3,3rd gen,40,30 or more,40,2,Two owners,Deckhand,1,Less than 5,Word of mouth,Difficult,5,5 to 7 days,14,9 to 14 hours,4,3 to 5 members,Owner-operated,Deckhand,Deckhand,1,Share system,Share,55,45,DK/NA,DK/NA,DK/NA,DK/NA,DK/NA,DK/NA,DK/NA,Satisfied,4,Satisfied,4,Satisfied,4,Dissatisfied,2,Satisfied,4,Satisfied,4,Very Satisfied,5,Very Satisfied,5,Satisfied,4,Yes,Yes,Disagree,Disagree,,Agree,Agree,Strongly Agree,43.6591,-70.256798,4019,2,12,10,14,-0.4047828
2013,2012-13,Complete,"Portland, ME","Portland, ME","Newport, RI",Groundfish,Groundfish,Groundfish,Other,Other,25 to 34,29,Associate's/two-year degree,Associate's/two-year degree,White,White,No,"$40,000 - $49,999","$30,000 - $59,999",Not insured,Not insured,Living with partner,Other/Single,U.S.,English,Yes,3,3rd gen,13,5 to 15,13,1,One owner,Deckhand,13,5 to 15,Related to owner,Very easy,9,More than 7 days,23,18 hours or more,4,3 to 5 members,Hired Captain,Deckhand,Deckhand,1,Per trip,Other,,,DK/NA,DK/NA,DK/NA,DK/NA,DK/NA,DK/NA,DK/NA,Neutral,3,Neutral,3,Neutral,3,Neutral,3,Neutral,3,Neutral,3,Neutral,3,Neutral,3,Satisfied,4,Yes,Yes,Disagree,Disagree,,Disagree,DK/NA,DK/NA,43.6591,-70.256798,4019,2,9,9,10,-0.4047828
2013,2012-13,Complete,"Gloucester, MA","Portland, ME","Gloucester, MA",Groundfish,Groundfish,Groundfish,Other,Other,25 to 34,31,Less than HS,Less than HS,White,White,No,"$90,000 - $99,999","$90,000 - $119,999",Private insurance,Insured,Living with partner,Other/Single,U.S.,English,Yes,3,3rd gen,20,16 to 29,20,1,One owner,Deckhand,1,Less than 5,Referred by a friend,Easy,8,More than 7 days,20,18 hours or more,4,3 to 5 members,Hired Captain,Captain,Captain,0,Share system,Share,55,45,Yes,Yes,No,Yes,Yes,No,No,Satisfied,4,Satisfied,4,Neutral,3,Very Dissatisfied,1,Dissatisfied,2,Dissatisfied,2,Satisfied,4,Satisfied,4,Dissatisfied,2,No,Yes,Disagree,Disagree,No,,,,43.6591,-70.256798,4019,2,11,5,10,-0.4047828
2013,2012-13,Complete,"Portland, ME","Portland, ME","Portsmouth, NH",Groundfish,Groundfish,Groundfish,Other,Other,55 or older,,DK/NA,,DK/NA,Non-White,No,,,DK/NA (insured),,DK/NA,Other/Single,U.S.,DK/NA,Yes,,,,30 or more,,2,Two owners,Deckhand,4,Less than 5,Previous work,Very easy,6,5 to 7 days,13,9 to 14 hours,3,3 to 5 members,Owner-operated,Deckhand,Deckhand,1,Share system,Share,65,35,Yes,No,No,No,No,No,No,Dissatisfied,2,Dissatisfied,2,Dissatisfied,2,Dissatisfied,2,Dissatisfied,2,Dissatisfied,2,Dissatisfied,2,Dissatisfied,2,Dissatisfied,2,No,No,DK/NA,DK/NA,No,,,,43.6591,-70.256798,4019,2,6,6,6,-0.4047828
2013,2012-13,Complete,"Portland, ME","Portland, ME","Newport, RI",Groundfish,Groundfish,Groundfish,Other,Other,Under 25,18,HS or equivalent,HS or equivalent,White,White,No,"$20,000 - $29,999","Less than $30,000",Other,Insured,Never Married,Other/Single,U.S.,English,No,1,1st gen,0,Less than 5,0,1,One owner,Deckhand,0,Less than 5,Referred by a friend,Neither easy nor difficult,9,More than 7 days,18,18 hours or more,5,3 to 5 members,Owner-operated,Deckhand,Deckhand,1,Per trip,Other,,,DK/NA,DK/NA,DK/NA,DK/NA,DK/NA,DK/NA,DK/NA,Satisfied,4,Satisfied,4,Neutral,3,Neutral,3,Dissatisfied,2,Dissatisfied,2,Neutral,3,Neutral,3,Neutral,3,Yes,No,Agree,Agree,No,,,,43.6591,-70.256798,4019,2,11,7,9,-0.4047828
2013,2012-13,Complete,"Portsmouth, NH","Portsmouth, NH","Provincetown, MA",Groundfish,Groundfish,Groundfish,Other,Other,55 or older,68,Associate's/two-year degree,Associate's/two-year degree,White,White,No,"$20,000 - $29,999","Less than $30,000",Fed or state insurance,Insured,Married,Married,U.S.,English,No,5,4th gen or greater,30,30 or more,30,3,Three owners,Other,3,Less than 5,Word of mouth,Easy,3,2 to 4 days,18,18 hours or more,4,3 to 5 members,Owner-operated,Multiple Positions,Multiple Positions,1,Share system,Share,80,20,No,No,No,No,No,No,No,Neutral,3,Neutral,3,Neutral,3,Satisfied,4,Neutral,3,Neutral,3,Satisfied,4,Satisfied,4,Satisfied,4,No,No,Strongly Disagree,Strongly Disagree,No,,,,43.0718,-70.762604,3801,1,9,10,12,0.10408426
2013,2012-13,Complete,"Portsmouth, NH","Portsmouth, NH","Provincetown, MA",Groundfish,Groundfish,Groundfish,Other,Other,35 to 44,43,Associate's/two-year degree,Associate's/two-year degree,White,White,No,,,Spouse/partner,Insured,Married,Married,U.S.,English,No,1,1st gen,10,5 to 15,10,2,Two owners,Deckhand,0,Less than 5,Previous work,Very easy,4,2 to 4 days,12,9 to 14 hours,3,3 to 5 members,Owner-operated,Multiple Positions,Multiple Positions,1,Share system,Share,,,Yes,Yes,No,Yes,Yes,Yes,No,Dissatisfied,2,Dissatisfied,2,Neutral,3,Very Dissatisfied,1,Neutral,3,Neutral,3,Satisfied,4,Satisfied,4,Satisfied,4,No,Yes,Disagree,Agree,,Agree,Strongly Disagree,Strongly Agree,43.0718,-70.762604,3801,1,7,7,12,0.10408426
2013,2012-13,Complete,"Portsmouth, NH","Portsmouth, NH","Provincetown, MA",Groundfish,Groundfish,Groundfish,Other,Other,35 to 44,38,HS or equivalent,HS or equivalent,DK/NA,Non-White,No,,,Private insurance,Insured,Never Married,Other/Single,U.S.,English,No,1,1st gen,15,5 to 15,15,1,One owner,Deckhand,13,5 to 15,Referred by a friend,Very easy,1,1 day,14,9 to 14 hours,3,3 to 5 members,Owner-operated,Deckhand,Deckhand,1,Share system,Share,50,50,Yes,No,Yes,Yes,No,No,No,Satisfied,4,Dissatisfied,2,Dissatisfied,2,Very Dissatisfied,1,Neutral,3,Neutral,3,Satisfied,4,Satisfied,4,Very Dissatisfied,1,No,Yes,Agree,Disagree,No,,,,43.0718,-70.762604,3801,1,8,7,9,0.10408426
2013,2012-13,Complete,"Portsmouth, NH","Portsmouth, NH","Provincetown, MA",Groundfish,Groundfish,Groundfish,Other,Other,45 to 54,45,HS or equivalent,HS or equivalent,White,White,No,"$40,000 - $49,999","$30,000 - $59,999",Spouse/partner,Insured,Married,Married,U.S.,English,Yes,3,3rd gen,25,16 to 29,25,5,Four or more,Deckhand,2,Less than 5,Previous work,Very easy,1,1 day,12,9 to 14 hours,2,1 to 2 members,Owner-operated,Deckhand,Deckhand,1,Share system,Share,80,20,No,No,No,Yes,Yes,No,No,Neutral,3,Very Dissatisfied,1,Very Satisfied,5,Very Satisfied,5,Satisfied,4,Very Satisfied,5,Very Satisfied,5,Very Satisfied,5,Very Satisfied,5,Yes,Yes,Strongly Disagree,Agree,Yes,,,,43.0718,-70.762604,3801,1,9,14,15,0.10408426
2013,2012-13,Complete,"Portsmouth, NH","Portsmouth, NH","Provincetown, MA",Groundfish,Groundfish,Groundfish,Other,Other,45 to 54,51,HS or equivalent,HS or equivalent,White,White,No,"Less than $10,000","Less than $30,000",Not insured,Not insured,Married,Married,U.S.,English,Yes,2,2nd gen,40,30 or more,40,2,Two owners,Deckhand,18,16 to 29,Previous work,Very easy,1,1 day,13,9 to 14 hours,3,3 to 5 members,Hired Captain,Deckhand,Deckhand,1,Share system,Share,,,No,No,No,Yes,Yes,No,No,Very Dissatisfied,1,Very Dissatisfied,1,Dissatisfied,2,Neutral,3,Neutral,3,Satisfied,4,Very Satisfied,5,Very Satisfied,5,Very Satisfied,5,No,No,Strongly Disagree,Disagree,,Strongly Agree,Strongly Disagree,Agree,43.0718,-70.762604,3801,1,4,10,15,0.10408426
2013,2012-13,Complete,"Gloucester, MA","Rockport, MA","Rockport, ME",Groundfish,Groundfish,Groundfish,Other,Other,25 to 34,25,DK/NA,,White,White,No,,,Not insured,Not insured,Never Married,Other/Single,U.S.,English,Yes,4,4th gen or greater,9,5 to 15,9,1,One owner,Deckhand,6,5 to 15,Related to owner,Very easy,1,1 day,10,9 to 14 hours,2,1 to 2 members,Owner-operated,Deckhand,Deckhand,1,Share system,Share,50,50,DK/NA,DK/NA,DK/NA,DK/NA,DK/NA,DK/NA,DK/NA,Satisfied,4,Dissatisfied,2,Dissatisfied,2,Dissatisfied,2,Satisfied,4,Dissatisfied,2,Satisfied,4,Satisfied,4,Neutral,3,No,Yes,Disagree,Disagree,No,,,,42.655701,-70.620399,1966,1,8,8,11,-0.066730753
2013,2012-13,Complete,"Gloucester, MA","Rockport, MA","Rockport, ME",Groundfish,Groundfish,Groundfish,Other,Other,55 or older,61,Less than HS,Less than HS,White,White,No,"$20,000 - $29,999","Less than $30,000",Not insured,Not insured,Divorced,Other/Single,U.S.,English,Yes,5,4th gen or greater,45,30 or more,45,2,Two owners,Deckhand,10,5 to 15,Previous work,Very easy,1,1 day,14,9 to 14 hours,2,1 to 2 members,Owner-operated,Deckhand,Deckhand,1,Share system,Share,60,40,No,No,No,No,No,No,No,Dissatisfied,2,Dissatisfied,2,Dissatisfied,2,Dissatisfied,2,Dissatisfied,2,Dissatisfied,2,Very Satisfied,5,Satisfied,4,Neutral,3,No,Yes,Disagree,Disagree,No,,,,42.655701,-70.620399,1966,1,6,6,12,-0.066730753
2013,2012-13,Complete,"Gloucester, MA","Rockport, MA","Rockport, ME",Groundfish,Groundfish,Groundfish,Other,Other,55 or older,59,HS or equivalent,HS or equivalent,White,White,No,,,Not insured,Not insured,Married,Married,U.S.,English,Yes,3,3rd gen,40,30 or more,40,1,One owner,Deckhand,17,16 to 29,Previous work,Very easy,1,1 day,10,9 to 14 hours,2,1 to 2 members,Owner-operated,Captain,Captain,0,Share system,Share,50,50,DK/NA,DK/NA,DK/NA,DK/NA,DK/NA,DK/NA,DK/NA,Satisfied,4,Dissatisfied,2,Dissatisfied,2,Satisfied,4,Satisfied,4,Dissatisfied,2,Satisfied,4,Satisfied,4,Satisfied,4,Yes,Yes,Disagree,Agree,Yes,,,,42.655701,-70.620399,1966,1,8,10,12,-0.066730753
2013,2012-13,Complete,"Scituate, MA","Scituate, MA","Sea Isle, NJ",Groundfish,Groundfish,Groundfish,Other,Other,25 to 34,30,HS or equivalent,HS or equivalent,White,White,No,"$60,000 - $69,999","$60,000 - $89,999",Not insured,Not insured,Never Married,Other/Single,U.S.,English,Yes,2,2nd gen,10,5 to 15,10,1,One owner,Deckhand,1,Less than 5,Related to owner,Very easy,1,1 day,15,15 to 17 hours,2,1 to 2 members,Owner-operated,Deckhand,Deckhand,1,Share system,Share,75,25,DK/NA,DK/NA,DK/NA,DK/NA,DK/NA,DK/NA,DK/NA,Very Satisfied,5,Dissatisfied,2,Satisfied,4,Very Satisfied,5,Satisfied,4,Very Dissatisfied,1,Dissatisfied,2,Dissatisfied,2,Dissatisfied,2,No,Yes,Agree,Disagree,No,,,,42.1959,-70.725899,2066,1,11,10,6,0.18548773
2013,2012-13,Complete,"Seabrook, NH","Seabrook, NH","Seaford, VA",Groundfish,Groundfish,Groundfish,Other,Other,45 to 54,51,HS or equivalent,HS or equivalent,White,White,No,"$40,000 - $49,999","$30,000 - $59,999",Not insured,Not insured,Married,Married,U.S.,English,Yes,2,2nd gen,30,30 or more,30,1,One owner,Deckhand,6,5 to 15,Previous work,Very easy,1,1 day,15,15 to 17 hours,2,1 to 2 members,Hired Captain,Captain,Captain,0,Share system,Share,80,20,Yes,No,No,No,No,No,No,Very Dissatisfied,1,Dissatisfied,2,Dissatisfied,2,Satisfied,4,Satisfied,4,Satisfied,4,Satisfied,4,Satisfied,4,Very Satisfied,5,No,Yes,Disagree,Agree,,Strongly Agree,Strongly Disagree,Strongly Agree,42.890999,-70.865501,3844,1,5,12,13,-0.27508262
2013,2012-13,Complete,"Seabrook, NH","Seabrook, NH","Seaford, VA",Groundfish,Groundfish,Groundfish,Other,Other,55 or older,68,Bachelor's/four year degree,Bachelor's/four year degree,White,White,No,"$120,000 or more","$120,000 or more",Private insurance,Insured,Married,Married,U.S.,English,Yes,1,1st gen,25,16 to 29,25,1,One owner,Other,20,16 to 29,Previous work,Neither easy nor difficult,1,1 day,10,9 to 14 hours,2,1 to 2 members,Owner-operated,Captain,Captain,0,Share system,Share,70,30,DK/NA,DK/NA,DK/NA,DK/NA,DK/NA,DK/NA,DK/NA,Satisfied,4,Dissatisfied,2,Satisfied,4,Satisfied,4,Satisfied,4,Satisfied,4,Very Satisfied,5,Very Satisfied,5,Very Satisfied,5,No,Yes,Disagree,Disagree,No,,,,42.890999,-70.865501,3844,1,10,12,15,-0.27508262
2013,2012-13,Complete,"Seabrook, NH","Seabrook, NH","Seaford, VA",Groundfish,Groundfish,Groundfish,Other,Other,45 to 54,54,HS or equivalent,HS or equivalent,White,White,No,"$100,000 - $119,999","$90,000 - $119,999",Spouse/partner,Insured,Married,Married,U.S.,English,No,1,1st gen,42,30 or more,42,1,One owner,Deckhand,15,5 to 15,Previous work,Neither easy nor difficult,1,1 day,12,9 to 14 hours,2,1 to 2 members,Owner-operated,Captain,Captain,0,Share system,Share,80,20,No,No,No,No,No,No,Yes,Satisfied,4,Very Dissatisfied,1,Dissatisfied,2,Neutral,3,Neutral,3,Dissatisfied,2,Very Satisfied,5,Very Satisfied,5,Very Satisfied,5,No,Yes,Disagree,Strongly Disagree,,Strongly Agree,Strongly Disagree,Strongly Agree,42.890999,-70.865501,3844,1,7,8,15,-0.27508262
2013,2012-13,Complete,"Stonington, CT","Stonington, CT","New Gloucester, ME",Groundfish,Groundfish,Groundfish,Other,Other,55 or older,56,Bachelor's/four year degree,Bachelor's/four year degree,White,White,No,"$60,000 - $69,999","$60,000 - $89,999",Spouse/partner,Insured,Married,Married,U.S.,English,No,1,1st gen,32,30 or more,32,1,One owner,Deckhand,3,Less than 5,Word of mouth,Neither easy nor difficult,5,5 to 7 days,20,18 hours or more,3,3 to 5 members,Owner-operated,Multiple Positions,Multiple Positions,1,Share system,Share,50,50,Yes,Yes,No,Yes,No,No,Yes,Neutral,3,DK/NA,,Dissatisfied,2,Dissatisfied,2,Neutral,3,Neutral,3,Neutral,3,Neutral,3,Neutral,3,No,No,Disagree,Agree,Yes,,,,41.335899,-71.905899,6355,1,,8,9,0.58387566
2013,2012-13,Complete,"Point Judith, RI","Wickford, RI","Ocean City, NJ",Groundfish,Groundfish,Groundfish,Other,Other,Under 25,20,Less than HS,Less than HS,White,White,No,"$30,000 - $39,999","$30,000 - $59,999",Not insured,Not insured,Never Married,Other/Single,U.S.,English,Yes,1,1st gen,2,Less than 5,2,3,Three owners,Deckhand,2,Less than 5,Previous work,Very easy,1,1 day,14,9 to 14 hours,2,1 to 2 members,Owner-operated,Mate,Other,1,Share system,Share,75,25,No,No,No,Yes,No,No,No,Satisfied,4,Dissatisfied,2,Dissatisfied,2,Neutral,3,Dissatisfied,2,Dissatisfied,2,Very Satisfied,5,Dissatisfied,2,Neutral,3,Yes,Yes,Agree,Neutral,No,,,,41.5723,-71.448502,2852,1,8,7,10,-0.061963342
2013,2012-13,Complete,"Gloucester, MA","Gloucester, MA","Gloucester, MA",Herring,Other,Other,Other,Other,35 to 44,37,Less than HS,Less than HS,White,White,No,"$80,000 - $89,999","$60,000 - $89,999",Private insurance,Insured,Married,Married,Outside U.S.,English,Yes,1,1st gen,22,16 to 29,22,1,One owner,Deckhand,10,5 to 15,Word of mouth,Very difficult,3,2 to 4 days,24,18 hours or more,6,6 or more members,Hired Captain,Deckhand,Deckhand,1,Share system,Share,60,40,Yes,No,No,Yes,Yes,No,No,Very Satisfied,5,Very Satisfied,5,Very Satisfied,5,Very Satisfied,5,Very Satisfied,5,Satisfied,4,Very Satisfied,5,Very Satisfied,5,Very Satisfied,5,No,Yes,Strongly Disagree,Strongly Disagree,Yes,,,,42.615898,-70.662003,1930,1,15,14,15,0.34651935
2013,2012-13,Complete,"Gloucester, MA","Gloucester, MA","Gloucester, MA",Herring,Other,Other,Other,Other,45 to 54,47,HS or equivalent,HS or equivalent,White,White,No,"$80,000 - $89,999","$60,000 - $89,999",Fed or state insurance,Insured,Living with partner,Other/Single,U.S.,English,Yes,5,4th gen or greater,37,30 or more,37,1,One owner,Deckhand,7,5 to 15,Previous work,Easy,4,2 to 4 days,20,18 hours or more,6,6 or more members,Hired Captain,Multiple Positions,Multiple Positions,1,Share system,Share,60,40,Yes,No,No,Yes,Yes,No,No,Neutral,3,Neutral,3,Neutral,3,Neutral,3,Neutral,3,Dissatisfied,2,Very Satisfied,5,Very Satisfied,5,Very Satisfied,5,Yes,Yes,Disagree,Disagree,Yes,,,,42.615898,-70.662003,1930,1,9,8,15,0.34651935
2013,2012-13,Complete,"Portland, ME","Portland, ME","Portsmouth, NH",Herring,Other,Other,Other,Other,45 to 54,54,Less than HS,Less than HS,White,White,No,"$20,000 - $29,999","Less than $30,000",Not insured,Not insured,Divorced,Other/Single,U.S.,English,No,3,3rd gen,40,30 or more,40,1,One owner,Deckhand,15,5 to 15,Previous work,Very easy,4,2 to 4 days,14,9 to 14 hours,3,3 to 5 members,Hired Captain,Captain,Captain,0,Share system,Share,50,50,No,No,No,Yes,Yes,No,No,Very Dissatisfied,1,Very Dissatisfied,1,Satisfied,4,Neutral,3,Dissatisfied,2,Satisfied,4,Satisfied,4,Satisfied,4,Satisfied,4,No,No,Disagree,Agree,Yes,,,,43.6591,-70.256798,4019,2,6,9,12,-0.4047828
2013,2012-13,Complete,"Gloucester, MA","Prospect, ME","Portsmouth, NH",Herring,Other,Other,Other,Other,45 to 54,45,Associate's/two-year degree,Associate's/two-year degree,White,White,No,"$40,000 - $49,999","$30,000 - $59,999",Not insured,Not insured,Married,Married,U.S.,English,No,1,1st gen,36,30 or more,36,1,One owner,Deckhand,2,Less than 5,Word of mouth,Very easy,1,1 day,5,8 hours or less,6,6 or more members,Hired Captain,Engine Mechanic,Other,1,Share system,Share,60,40,Yes,No,No,Yes,Yes,No,No,Satisfied,4,Very Dissatisfied,1,Satisfied,4,Very Dissatisfied,1,Satisfied,4,Very Satisfied,5,Very Satisfied,5,Very Satisfied,5,DK/NA,,No,No,Disagree,Strongly Disagree,,Strongly Agree,Strongly Disagree,Strongly Agree,44.553101,-68.864799,4981,2,9,10,,-0.23561981
2013,2012-13,Complete,"Rockland, ME","Rockland, ME","Rockport, MA",Herring,Other,Other,Other,Other,45 to 54,45,Less than HS,Less than HS,White,White,No,"$30,000 - $39,999","$30,000 - $59,999",Not insured,Not insured,Divorced,Other/Single,U.S.,English,Yes,3,3rd gen,32,30 or more,32,1,One owner,Deckhand,32,30 or more,Word of mouth,Neither easy nor difficult,30,More than 7 days,24,18 hours or more,5,3 to 5 members,Hired Captain,Multiple Positions,Multiple Positions,1,Share system,Share,,,Yes,No,No,No,No,No,No,Satisfied,4,Satisfied,4,Neutral,3,Dissatisfied,2,Very Dissatisfied,1,Dissatisfied,2,Neutral,3,Neutral,3,Satisfied,4,No,Don't know,Neutral,DK/NA,,Strongly Agree,Strongly Disagree,Strongly Agree,44.103699,-69.108902,4841,7,11,5,10,-0.028475318
2013,2012-13,Complete,"Rockland, ME","Rockland, ME","Stumpy Point, NC",Herring,Other,Other,Other,Other,25 to 34,28,Associate's/two-year degree,Associate's/two-year degree,White,White,No,"$60,000 - $69,999","$60,000 - $89,999",Not insured,Not insured,Never Married,Other/Single,U.S.,English,Yes,4,4th gen or greater,19,16 to 29,19,1,One owner,Captain,20,16 to 29,Referred by a friend,Easy,1,1 day,24,18 hours or more,2,1 to 2 members,Owner-operated,Captain,Captain,0,Share system,Share,80,20,Yes,No,No,Yes,No,No,No,Very Dissatisfied,1,Very Dissatisfied,1,Very Satisfied,5,Satisfied,4,Satisfied,4,Dissatisfied,2,Satisfied,4,Satisfied,4,Satisfied,4,Yes,Yes,Disagree,Disagree,,Agree,Disagree,Neutral,44.103699,-69.108902,4841,7,7,10,12,-0.028475318
2013,2012-13,Complete,"Rockland, ME","Rockland, ME","Stumpy Point, NC",Herring,Other,Other,Other,Other,25 to 34,34,Less than HS,Less than HS,White,White,No,"$60,000 - $69,999","$60,000 - $89,999",Fed or state insurance,Insured,Married,Married,U.S.,English,Yes,1,1st gen,19,16 to 29,19,3,Three owners,Deckhand,19,16 to 29,Referred by a friend,Easy,2,2 to 4 days,15,15 to 17 hours,2,1 to 2 members,Owner-operated,Deckhand,Deckhand,1,Share system,Share,,,DK/NA,DK/NA,DK/NA,DK/NA,DK/NA,DK/NA,DK/NA,Dissatisfied,2,Dissatisfied,2,Dissatisfied,2,Dissatisfied,2,Neutral,3,Neutral,3,Very Satisfied,5,Satisfied,4,Satisfied,4,Yes,Don't know,Disagree,Neutral,,Agree,DK/NA,Disagree,44.103699,-69.108902,4841,7,6,8,13,-0.028475318
2013,2012-13,Complete,"Gloucester, MA","Rockland, ME","Rockport, MA",Herring,Other,Other,Other,Other,35 to 44,38,Bachelor's/four year degree,Bachelor's/four year degree,White,White,No,"$80,000 - $89,999","$60,000 - $89,999",Not insured,Not insured,Never Married,Other/Single,U.S.,English,Yes,2,2nd gen,25,16 to 29,25,2,Two owners,Deckhand,12,5 to 15,Referred by a friend,Very easy,2,2 to 4 days,12,9 to 14 hours,6,6 or more members,Owner-operated,Deckhand,Deckhand,1,Share system,Share,52,48,Yes,No,No,Yes,Yes,No,No,Satisfied,4,Satisfied,4,Neutral,3,Very Dissatisfied,1,Neutral,3,Neutral,3,Very Satisfied,5,Very Satisfied,5,Very Satisfied,5,No,Yes,Strongly Disagree,Agree,,Strongly Agree,Strongly Disagree,Agree,44.103699,-69.108902,4841,7,11,7,15,-0.028475318
2013,2012-13,Complete,"Rockland, ME","Carvers Harbor, ME","Carvers Harbor, ME",Lobster,Lobster,Other,Lobster,Other,Under 25,20,HS or equivalent,HS or equivalent,White,White,No,"$50,000 - $59,999","$30,000 - $59,999",Not insured,Not insured,Living with partner,Other/Single,U.S.,English,Yes,2,2nd gen,12,5 to 15,12,3,Three owners,Other,0,Less than 5,Word of mouth,Very easy,1,1 day,11,9 to 14 hours,2,1 to 2 members,Owner-operated,Deckhand,Deckhand,1,Share system,Share,80,20,No,No,No,No,No,Yes,No,Satisfied,4,Neutral,3,Satisfied,4,Satisfied,4,Satisfied,4,Neutral,3,Very Satisfied,5,Very Satisfied,5,Very Satisfied,5,Yes,Yes,Disagree,Strongly Disagree,No,,,,44.0476,-68.833504,4863,10,11,11,15,-0.091220677
2013,2012-13,Complete,"Chatham, MA","Chatham, MA","Chatham, MA",Lobster,Lobster,Other,Lobster,Other,25 to 34,31,Bachelor's/four year degree,Bachelor's/four year degree,White,White,No,"$70,000 - $79,999","$60,000 - $89,999",Private insurance,Insured,Never Married,Other/Single,U.S.,English,No,1,1st gen,20,16 to 29,20,1,One owner,Deckhand,6,5 to 15,Referred by a friend,Easy,1,1 day,10,9 to 14 hours,2,1 to 2 members,Owner-operated,Deckhand,Deckhand,1,Share system,Share,75,25,DK/NA,DK/NA,DK/NA,DK/NA,DK/NA,DK/NA,DK/NA,Very Satisfied,5,Satisfied,4,Neutral,3,Satisfied,4,Dissatisfied,2,Satisfied,4,Very Satisfied,5,Very Satisfied,5,Satisfied,4,Don't know,Don't know,Disagree,Agree,,Disagree,Agree,Neutral,41.682098,-69.959801,2633,1,12,10,14,0.28912377
2013,2012-13,Complete,"Plymouth, MA","Chatham, MA","Chatham, MA",Lobster,Lobster,Other,Lobster,Other,35 to 44,38,Associate's/two-year degree,Associate's/two-year degree,White,White,No,"$70,000 - $79,999","$60,000 - $89,999",Private insurance,Insured,Married,Married,U.S.,English,Yes,3,3rd gen,20,16 to 29,20,1,One owner,Deckhand,12,5 to 15,Related to owner,Very easy,1,1 day,11,9 to 14 hours,2,1 to 2 members,Owner-operated,Deckhand,Deckhand,1,Share system,Share,80,20,Yes,No,No,No,No,Yes,No,Satisfied,4,Neutral,3,Dissatisfied,2,Dissatisfied,2,Dissatisfied,2,Dissatisfied,2,Very Satisfied,5,Very Satisfied,5,Dissatisfied,2,Don't know,Yes,Disagree,Agree,Yes,,,,41.682098,-69.959801,2633,1,9,6,12,0.28912377
2013,2012-13,Complete,"Gloucester, MA","Gloucester, MA","Gloucester, MA",Lobster,Lobster,Other,Lobster,Other,25 to 34,29,Bachelor's/four year degree,Bachelor's/four year degree,White,White,No,"$70,000 - $79,999","$60,000 - $89,999",Private insurance,Insured,Never Married,Other/Single,U.S.,English,No,1,1st gen,1,Less than 5,1,2,Two owners,Deckhand,1,Less than 5,Referred by a friend,Easy,1,1 day,16,15 to 17 hours,3,3 to 5 members,Owner-operated,Deckhand,Deckhand,1,Multiple payment systems,Other,50,50,DK/NA,DK/NA,DK/NA,DK/NA,DK/NA,DK/NA,DK/NA,Dissatisfied,2,Dissatisfied,2,Dissatisfied,2,Dissatisfied,2,Dissatisfied,2,Dissatisfied,2,Very Satisfied,5,Satisfied,4,Dissatisfied,2,No,No,Neutral,Agree,No,,,,42.615898,-70.662003,1930,1,6,6,11,0.34651935
2013,2012-13,Complete,"Gloucester, MA","Gloucester, MA","Gloucester, MA",Lobster,Lobster,Other,Lobster,Other,25 to 34,28,HS or equivalent,HS or equivalent,White,White,No,,,Spouse/partner,Insured,Married,Married,U.S.,English,Yes,2,2nd gen,12,5 to 15,12,1,One owner,Deckhand,12,5 to 15,Related to owner,Very easy,1,1 day,12,9 to 14 hours,3,3 to 5 members,Owner-operated,Deckhand,Deckhand,1,Share system,Share,,,Yes,No,No,No,No,Yes,No,DK/NA,,Very Dissatisfied,1,Satisfied,4,Neutral,3,Very Dissatisfied,1,Very Satisfied,5,Very Satisfied,5,Very Satisfied,5,Very Satisfied,5,Don't know,Yes,Strongly Disagree,Strongly Disagree,No,,,,42.615898,-70.662003,1930,1,,9,15,0.34651935
2013,2012-13,Complete,"Gloucester, MA","Gloucester, MA","Gloucester, MA",Lobster,Lobster,Other,Lobster,Other,25 to 34,28,Bachelor's/four year degree,Bachelor's/four year degree,White,White,No,"$30,000 - $39,999","$30,000 - $59,999",Spouse/partner,Insured,Married,Married,U.S.,English,Yes,2,2nd gen,13,5 to 15,13,1,One owner,Deckhand,13,5 to 15,Related to owner,Easy,1,1 day,12,9 to 14 hours,2,1 to 2 members,Owner-operated,Deckhand,Deckhand,1,Share system,Share,40,60,DK/NA,DK/NA,DK/NA,DK/NA,DK/NA,DK/NA,DK/NA,Satisfied,4,Neutral,3,Neutral,3,Neutral,3,Very Dissatisfied,1,Very Satisfied,5,Satisfied,4,Satisfied,4,Very Satisfied,5,No answer,Yes,Disagree,Disagree,No,,,,42.615898,-70.662003,1930,1,10,9,13,0.34651935
2013,2012-13,Complete,"Gloucester, MA","Gloucester, MA","Gloucester, MA",Lobster,Lobster,Other,Lobster,Other,Under 25,18,HS or equivalent,HS or equivalent,Some other race,Non-White,Yes,"$10,000 - $19,999","Less than $30,000",Fed or state insurance,Insured,Married,Married,Outside U.S.,English,Yes,1,1st gen,6,5 to 15,6,3,Three owners,Deckhand,6,5 to 15,Previous work,Very easy,1,1 day,13,9 to 14 hours,3,3 to 5 members,Owner-operated,Multiple Positions,Multiple Positions,1,Multiple payment systems,Other,,,DK/NA,DK/NA,DK/NA,DK/NA,DK/NA,DK/NA,DK/NA,Dissatisfied,2,Neutral,3,Satisfied,4,Satisfied,4,Satisfied,4,Satisfied,4,Very Satisfied,5,Very Satisfied,5,Very Satisfied,5,Yes,Yes,Strongly Disagree,Strongly Disagree,,Disagree,Disagree,Agree,42.615898,-70.662003,1930,1,9,12,15,0.34651935
2013,2012-13,Complete,"Gloucester, MA","Gloucester, MA","Gloucester, MA",Lobster,Lobster,Other,Lobster,Other,25 to 34,34,DK/NA,,White,White,No,,,Fed or state insurance,Insured,Married,Married,U.S.,English,Yes,1,1st gen,14,5 to 15,14,1,One owner,Deckhand,4,Less than 5,Previous work,Easy,1,1 day,12,9 to 14 hours,2,1 to 2 members,Owner-operated,Deckhand,Deckhand,1,Share system,Share,70,30,No,No,No,No,Yes,No,No,Neutral,3,Dissatisfied,2,Dissatisfied,2,Neutral,3,Dissatisfied,2,Satisfied,4,Very Satisfied,5,Satisfied,4,Neutral,3,Yes,Yes,Disagree,Agree,,Disagree,Disagree,Disagree,42.615898,-70.662003,1930,1,7,9,12,0.34651935
2013,2012-13,Complete,"Gloucester, MA","Gloucester, MA","Gloucester, MA",Lobster,Lobster,Other,Lobster,Other,Under 25,24,Bachelor's/four year degree,Bachelor's/four year degree,White,White,No,"Less than $10,000","Less than $30,000",Other,Insured,Never Married,Other/Single,U.S.,English,No,1,1st gen,8,5 to 15,8,1,One owner,Deckhand,2,Less than 5,Previous work,Very easy,1,1 day,8,8 hours or less,2,1 to 2 members,Owner-operated,Deckhand,Deckhand,1,Share system,Share,75,25,Yes,No,No,No,No,Yes,No,Neutral,3,Dissatisfied,2,Neutral,3,Neutral,3,Neutral,3,Satisfied,4,Satisfied,4,Satisfied,4,Satisfied,4,Yes,Yes,Agree,Agree,,Disagree,Neutral,Disagree,42.615898,-70.662003,1930,1,8,10,12,0.34651935
2013,2012-13,Complete,"Gloucester, MA","Gloucester, MA","Gloucester, MA",Lobster,Lobster,Other,Lobster,Other,25 to 34,29,HS or equivalent,HS or equivalent,White,White,No,,,Fed or state insurance,Insured,Never Married,Other/Single,U.S.,English,No,1,1st gen,19,16 to 29,19,1,One owner,Deckhand,2,Less than 5,Previous work,Very easy,1,1 day,12,9 to 14 hours,2,1 to 2 members,Owner-operated,Captain,Captain,0,Share system,Share,80,20,DK/NA,DK/NA,DK/NA,DK/NA,DK/NA,DK/NA,DK/NA,Dissatisfied,2,Satisfied,4,Satisfied,4,Very Dissatisfied,1,Satisfied,4,Satisfied,4,Very Satisfied,5,Satisfied,4,Very Satisfied,5,Yes,Yes,Disagree,Disagree,Yes,,,,42.615898,-70.662003,1930,1,10,9,14,0.34651935
2013,2012-13,Complete,"Gloucester, MA","Gloucester, MA","Gloucester, MA",Lobster,Lobster,Other,Lobster,Other,25 to 34,33,Bachelor's/four year degree,Bachelor's/four year degree,White,White,No,"$10,000 - $19,999","Less than $30,000",Fed or state insurance,Insured,Never Married,Other/Single,U.S.,English,No,1,1st gen,23,16 to 29,23,5,Four or more,Deckhand,6,5 to 15,Word of mouth,Neither easy nor difficult,1,1 day,10,9 to 14 hours,2,1 to 2 members,Owner-operated,Deckhand,Deckhand,1,Share system,Share,80,20,No,No,No,Yes,Yes,No,No,Neutral,3,Very Dissatisfied,1,Very Satisfied,5,Satisfied,4,Very Satisfied,5,Very Satisfied,5,Very Satisfied,5,Very Satisfied,5,Neutral,3,No,Yes,Strongly Disagree,Agree,No,,,,42.615898,-70.662003,1930,1,9,14,13,0.34651935
2013,2012-13,Complete,"Gloucester, MA","Gloucester, MA","Gloucester, MA",Lobster,Lobster,Other,Lobster,Other,25 to 34,33,Bachelor's/four year degree,Bachelor's/four year degree,White,White,No,"$20,000 - $29,999","Less than $30,000",Private insurance,Insured,Never Married,Other/Single,U.S.,English,Yes,2,2nd gen,7,5 to 15,7,2,Two owners,Deckhand,0,Less than 5,Referred by a friend,Easy,1,1 day,12,9 to 14 hours,3,3 to 5 members,Owner-operated,Deckhand,Deckhand,1,Share system,Share,80,20,Yes,No,No,No,Yes,Yes,No,Dissatisfied,2,Dissatisfied,2,Satisfied,4,Neutral,3,Very Satisfied,5,Neutral,3,Very Satisfied,5,Very Satisfied,5,Satisfied,4,No,Yes,Strongly Disagree,Neutral,No,,,,42.615898,-70.662003,1930,1,8,11,14,0.34651935
2013,2012-13,Complete,"Gloucester, MA","Gloucester, MA","Gloucester, MA",Lobster,Lobster,Other,Lobster,Other,55 or older,56,Less than HS,Less than HS,Black,Non-White,Yes,"$10,000 - $19,999","Less than $30,000",Fed or state insurance,Insured,Married,Married,Outside U.S.,Spanish,No,1,1st gen,2,Less than 5,2,1,One owner,Other,2,Less than 5,Word of mouth,Very easy,1,1 day,12,9 to 14 hours,3,3 to 5 members,Owner-operated,Deckhand,Deckhand,1,Share system,Share,,,No,Yes,No,No,No,Yes,No,Very Satisfied,5,Satisfied,4,Dissatisfied,2,Dissatisfied,2,Very Satisfied,5,Neutral,3,Satisfied,4,Satisfied,4,Very Satisfied,5,Yes,Don't know,Agree,Neutral,,Agree,Disagree,Strongly Agree,42.615898,-70.662003,1930,1,11,10,13,0.34651935
2013,2012-13,Complete,"Gloucester, MA","Gloucester, MA","Gloucester, MA",Lobster,Lobster,Other,Lobster,Other,25 to 34,34,HS or equivalent,HS or equivalent,White,White,No,,,Not insured,Not insured,Married,Married,U.S.,English,No,1,1st gen,20,16 to 29,20,1,One owner,Deckhand,6,5 to 15,Previous work,Very easy,1,1 day,12,9 to 14 hours,2,1 to 2 members,Hired Captain,Captain,Captain,0,Share system,Share,50,50,No,No,No,No,No,No,No,Satisfied,4,Dissatisfied,2,Dissatisfied,2,Dissatisfied,2,Dissatisfied,2,Satisfied,4,Very Satisfied,5,Satisfied,4,Satisfied,4,No,Yes,Disagree,Disagree,No,,,,42.615898,-70.662003,1930,1,8,8,13,0.34651935
2013,2012-13,Complete,"Gloucester, MA","Gloucester, MA","Gloucester, MA",Lobster,Lobster,Other,Lobster,Other,Under 25,24,Associate's/two-year degree,Associate's/two-year degree,White,White,No,"$30,000 - $39,999","$30,000 - $59,999",Private insurance,Insured,Never Married,Other/Single,U.S.,English,Yes,1,1st gen,55,30 or more,55,1,One owner,Deckhand,2,Less than 5,Word of mouth,Very easy,1,1 day,14,9 to 14 hours,2,1 to 2 members,Owner-operated,Mate,Other,1,Share system,Share,55,45,No,No,No,No,No,No,No,Very Dissatisfied,1,Dissatisfied,2,Neutral,3,Neutral,3,Neutral,3,Satisfied,4,Very Satisfied,5,Satisfied,4,Satisfied,4,Yes,Yes,Strongly Disagree,Disagree,,Agree,Agree,Agree,42.615898,-70.662003,1930,1,6,10,13,0.34651935
2013,2012-13,Complete,"Gloucester, MA","Gloucester, MA","Gloucester, MA",Lobster,Lobster,Other,Lobster,Other,55 or older,58,HS or equivalent,HS or equivalent,White,White,No,,,Employer (vessel),Insured,Never Married,Other/Single,U.S.,English,No,1,1st gen,40,30 or more,40,5,Four or more,Deckhand,2,Less than 5,Referred by a friend,Easy,1,1 day,11,9 to 14 hours,2,1 to 2 members,Owner-operated,Deckhand,Deckhand,1,Share system,Share,85,15,No,No,No,No,Yes,No,No,Very Satisfied,5,Dissatisfied,2,Very Satisfied,5,Very Dissatisfied,1,Satisfied,4,Very Satisfied,5,Very Satisfied,5,Very Satisfied,5,Dissatisfied,2,No,Yes,Agree,Disagree,No,,,,42.615898,-70.662003,1930,1,12,10,12,0.34651935
2013,2012-13,Complete,"Seabrook, NH","Hampton, NH","Hampton, NH",Lobster,Lobster,Other,Lobster,Other,45 to 54,54,Associate's/two-year degree,Associate's/two-year degree,White,White,No,"$40,000 - $49,999","$30,000 - $59,999",Spouse/partner,Insured,Married,Married,U.S.,English,No,1,1st gen,30,30 or more,30,1,One owner,Captain,12,5 to 15,Previous work,Easy,1,1 day,7,8 hours or less,1,1 to 2 members,Owner-operated,Captain,Captain,0,Share system,Share,74,26,Yes,No,No,No,No,Yes,No,Dissatisfied,2,Dissatisfied,2,Satisfied,4,Satisfied,4,Satisfied,4,Very Satisfied,5,Satisfied,4,Very Satisfied,5,Very Satisfied,5,Yes,Yes,Disagree,Disagree,,Disagree,Agree,Disagree,37.0299,-76.3452,3842,1,8,13,14,0.1084077
2013,2012-13,Complete,"Seabrook, NH","Hampton, NH","Hampton, NH",Lobster,Lobster,Other,Lobster,Other,55 or older,55,HS or equivalent,HS or equivalent,White,White,No,"$100,000 - $119,999","$90,000 - $119,999",Spouse/partner,Insured,Married,Married,U.S.,English,No,1,1st gen,32,30 or more,32,1,One owner,Mate/1st Mate,32,30 or more,Previous work,Easy,1,1 day,8,8 hours or less,2,1 to 2 members,Owner-operated,Captain,Captain,0,Share system,Share,80,20,Yes,No,No,No,No,Yes,No,Satisfied,4,Dissatisfied,2,Satisfied,4,Satisfied,4,Dissatisfied,2,Satisfied,4,Very Satisfied,5,Very Satisfied,5,Very Satisfied,5,No,Yes,Disagree,Agree,Yes,,,,37.0299,-76.3452,3842,1,10,10,15,0.1084077
2013,2012-13,Complete,"Portsmouth, NH","Kittery, ME","Kittery, ME",Lobster,Lobster,Other,Lobster,Other,Under 25,21,HS or equivalent,HS or equivalent,American Indian/Alaska Native,Non-White,No,"$20,000 - $29,999","Less than $30,000",Not insured,Not insured,Never Married,Other/Single,U.S.,English,No,1,1st gen,0,Less than 5,0,1,One owner,Deckhand,0,Less than 5,Referred by a friend,Easy,1,1 day,12,9 to 14 hours,3,3 to 5 members,Owner-operated,Deckhand,Deckhand,1,Multiple payment systems,Other,85,15,No,No,No,No,Yes,No,No,Very Satisfied,5,Very Satisfied,5,Very Satisfied,5,Very Satisfied,5,Very Satisfied,5,Very Satisfied,5,Very Satisfied,5,Very Satisfied,5,Very Satisfied,5,Yes,Yes,Strongly Disagree,Strongly Disagree,No,,,,43.0881,-70.736099,3905,1,15,15,15,-0.21020927
2013,2012-13,Complete,"Gloucester, MA","Manchester-by-the-Sea, MA","Manchester-by-the-Sea, MA",Lobster,Lobster,Other,Lobster,Other,55 or older,70,Associate's/two-year degree,Associate's/two-year degree,White,White,No,"$30,000 - $39,999","$30,000 - $59,999",Fed or state insurance,Insured,Married,Married,U.S.,English,No,3,3rd gen,55,30 or more,55,10,Four or more,Other,56,30 or more,Word of mouth,Very easy,1,1 day,12,9 to 14 hours,1,1 to 2 members,Hired Captain,Captain,Captain,0,DK/NA,DK/NA,,,DK/NA,DK/NA,DK/NA,DK/NA,DK/NA,DK/NA,DK/NA,Satisfied,4,Neutral,3,Satisfied,4,Neutral,3,Very Satisfied,5,Very Satisfied,5,Very Satisfied,5,Very Satisfied,5,Very Satisfied,5,Yes,Yes,Strongly Disagree,Disagree,No,,,,42.577801,-70.767601,1929,1,11,13,15,0.015865428
2013,2012-13,Complete,"Montauk, NY","Montauk, NY","Montauk, NY",Lobster,Lobster,Other,Lobster,Other,35 to 44,36,Bachelor's/four year degree,Bachelor's/four year degree,White,White,No,"$30,000 - $39,999","$30,000 - $59,999",Spouse/partner,Insured,Married,Married,U.S.,English,Yes,1,1st gen,12,5 to 15,12,1,One owner,Deckhand,10,5 to 15,Referred by a friend,Neither easy nor difficult,1,1 day,10,9 to 14 hours,2,1 to 2 members,Owner-operated,Deckhand,Deckhand,1,Share system,Share,70,30,DK/NA,DK/NA,DK/NA,DK/NA,DK/NA,DK/NA,DK/NA,Satisfied,4,Satisfied,4,Satisfied,4,Very Satisfied,5,Satisfied,4,Satisfied,4,Very Satisfied,5,Satisfied,4,DK/NA,,Yes,Yes,Disagree,Disagree,Yes,,,,41.0359,-71.954498,11954,2,12,13,,0.35286254
2013,2012-13,Complete,"Montauk, NY","Montauk, NY","Montauk, NY",Lobster,Lobster,Other,Lobster,Other,45 to 54,45,HS or equivalent,HS or equivalent,White,White,No,"$30,000 - $39,999","$30,000 - $59,999",Not insured,Not insured,Divorced,Other/Single,U.S.,English,No,1,1st gen,10,5 to 15,10,1,One owner,Deckhand,2,Less than 5,Word of mouth,Neither easy nor difficult,1,1 day,8,8 hours or less,2,1 to 2 members,Owner-operated,Deckhand,Deckhand,1,Per trip,Other,,,DK/NA,DK/NA,DK/NA,DK/NA,DK/NA,DK/NA,DK/NA,Neutral,3,Dissatisfied,2,Neutral,3,Neutral,3,Neutral,3,Neutral,3,Neutral,3,Neutral,3,Neutral,3,No,Don't know,Agree,Agree,No,,,,41.0359,-71.954498,11954,2,8,9,9,0.35286254
2013,2012-13,Complete,"Montauk, NY","Montauk, NY","Montauk, NY",Lobster,Lobster,Other,Lobster,Other,Under 25,23,HS or equivalent,HS or equivalent,Some other race,Non-White,No,"$30,000 - $39,999","$30,000 - $59,999",Another employer,Insured,Never Married,Other/Single,U.S.,Spanish,No,1,1st gen,4,Less than 5,4,1,One owner,Deckhand,3,Less than 5,Referred by a friend,Neither easy nor difficult,1,1 day,10,9 to 14 hours,2,1 to 2 members,Owner-operated,Deckhand,Deckhand,1,Share system,Share,65,35,DK/NA,DK/NA,DK/NA,DK/NA,DK/NA,DK/NA,DK/NA,Satisfied,4,Dissatisfied,2,Neutral,3,Very Satisfied,5,Satisfied,4,Neutral,3,Very Satisfied,5,Satisfied,4,Neutral,3,Don't know,Yes,Disagree,DK/NA,No,,,,41.0359,-71.954498,11954,2,9,12,12,0.35286254
2013,2012-13,Complete,"Montauk, NY","Montauk, NY","Montauk, NY",Lobster,Lobster,Other,Lobster,Other,25 to 34,28,Bachelor's/four year degree,Bachelor's/four year degree,White,White,No,"$30,000 - $39,999","$30,000 - $59,999",Spouse/partner,Insured,Married,Married,U.S.,English,Yes,3,3rd gen,4,Less than 5,4,1,One owner,Deckhand,4,Less than 5,Related to owner,Very easy,9,More than 7 days,9,9 to 14 hours,2,1 to 2 members,Owner-operated,Deckhand,Deckhand,1,Share system,Share,70,30,DK/NA,DK/NA,DK/NA,DK/NA,DK/NA,DK/NA,DK/NA,Satisfied,4,Neutral,3,Satisfied,4,Satisfied,4,Satisfied,4,Satisfied,4,Satisfied,4,Satisfied,4,Neutral,3,No,Don't know,Disagree,Disagree,Yes,,,,41.0359,-71.954498,11954,2,11,12,11,0.35286254
2013,2012-13,Complete,"New Bedford, MA","New Bedford, MA","New Gloucester, ME",Lobster,Lobster,Other,Lobster,Other,35 to 44,36,HS or equivalent,HS or equivalent,White,White,No,,,Spouse/partner,Insured,Married,Married,U.S.,English,Yes,2,2nd gen,29,16 to 29,29,1,One owner,Deckhand,17,16 to 29,Related to owner,Very easy,3,2 to 4 days,20,18 hours or more,2,1 to 2 members,Owner-operated,Captain,Captain,0,Per trip,Other,,,DK/NA,DK/NA,DK/NA,DK/NA,DK/NA,DK/NA,DK/NA,Satisfied,4,Satisfied,4,Very Satisfied,5,Satisfied,4,Satisfied,4,Dissatisfied,2,Very Satisfied,5,Satisfied,4,Very Satisfied,5,No,Yes,Disagree,Strongly Disagree,,Strongly Agree,Agree,Strongly Agree,41.6362,-70.934196,2740,1,13,10,14,0.13545999
2013,2012-13,Complete,"Plymouth, MA","Plymouth, MA","Point Judith, RI",Lobster,Lobster,Other,Lobster,Other,45 to 54,46,HS or equivalent,HS or equivalent,White,White,No,"$10,000 - $19,999","Less than $30,000",Not insured,Not insured,Never Married,Other/Single,U.S.,English,No,1,1st gen,13,5 to 15,13,1,One owner,Deckhand,13,5 to 15,Word of mouth,Very easy,1,1 day,8,8 hours or less,2,1 to 2 members,Owner-operated,Deckhand,Deckhand,1,Share system,Share,75,25,No,No,No,Yes,Yes,No,No,Dissatisfied,2,Neutral,3,Dissatisfied,2,Neutral,3,Dissatisfied,2,Satisfied,4,Very Satisfied,5,Satisfied,4,Satisfied,4,Yes,Yes,Disagree,Agree,No,,,,41.958401,-70.667297,2360,1,7,9,13,-0.081079327
2013,2012-13,Complete,"Point Judith, RI","Point Judith, RI","Point Lookout, NY",Lobster,Lobster,Other,Lobster,Other,Under 25,22,Associate's/two-year degree,Associate's/two-year degree,White,White,Yes,"Less than $10,000","Less than $30,000",Other,Insured,Never Married,Other/Single,U.S.,English,No,1,1st gen,0,Less than 5,0,1,One owner,Deckhand,0,Less than 5,Word of mouth,Very easy,1,1 day,18,18 hours or more,2,1 to 2 members,Owner-operated,Deckhand,Deckhand,1,Share system,Share,85,15,No,No,No,No,No,No,No,Satisfied,4,Satisfied,4,Very Satisfied,5,Satisfied,4,Neutral,3,Satisfied,4,Very Satisfied,5,Satisfied,4,Very Satisfied,5,Yes,Yes,Disagree,Agree,No,,,,41.365398,-71.486702,2882,1,13,11,14,-0.075379163
2013,2012-13,Complete,"Point Judith, RI","Point Judith, RI","Point Lookout, NY",Lobster,Lobster,Other,Lobster,Other,Under 25,22,HS or equivalent,HS or equivalent,White,White,No,"$30,000 - $39,999","$30,000 - $59,999",Not insured,Not insured,Never Married,Other/Single,U.S.,English,No,1,1st gen,3,Less than 5,3,2,Two owners,Deckhand,3,Less than 5,Referred by a friend,Easy,3,2 to 4 days,16,15 to 17 hours,2,1 to 2 members,Owner-operated,Deckhand,Deckhand,1,Share system,Share,50,50,DK/NA,DK/NA,DK/NA,DK/NA,DK/NA,DK/NA,DK/NA,Satisfied,4,Very Dissatisfied,1,Very Satisfied,5,Neutral,3,Very Satisfied,5,Very Satisfied,5,Very Satisfied,5,Very Satisfied,5,Satisfied,4,Yes,Yes,Strongly Disagree,Strongly Disagree,No,,,,41.365398,-71.486702,2882,1,10,13,14,-0.075379163
2013,2012-13,Complete,"Point Judith, RI","Point Judith, RI","Point Lookout, NY",Lobster,Lobster,Other,Lobster,Other,Under 25,23,HS or equivalent,HS or equivalent,White,White,No,"$20,000 - $29,999","Less than $30,000",Not insured,Not insured,Never Married,Other/Single,U.S.,English,No,1,1st gen,10,5 to 15,10,2,Two owners,Deckhand,3,Less than 5,,Difficult,3,2 to 4 days,15,15 to 17 hours,2,1 to 2 members,Owner-operated,Deckhand,Deckhand,1,Share system,Share,50,50,DK/NA,DK/NA,DK/NA,DK/NA,DK/NA,DK/NA,DK/NA,Dissatisfied,2,Dissatisfied,2,Satisfied,4,Neutral,3,Satisfied,4,Very Satisfied,5,Very Satisfied,5,Very Satisfied,5,Satisfied,4,No,Yes,Strongly Disagree,Disagree,No,,,,41.365398,-71.486702,2882,1,8,12,14,-0.075379163
2013,2012-13,Complete,"Point Judith, RI","Point Judith, RI","Point Lookout, NY",Lobster,Lobster,Other,Lobster,Other,25 to 34,33,Bachelor's/four year degree,Bachelor's/four year degree,White,White,No,"$40,000 - $49,999","$30,000 - $59,999",Private insurance,Insured,Married,Married,U.S.,English,No,1,1st gen,15,5 to 15,15,1,One owner,Deckhand,0,Less than 5,Referred by a friend,Very easy,1,1 day,16,15 to 17 hours,2,1 to 2 members,Owner-operated,Deckhand,Deckhand,1,Per trip,Other,,,DK/NA,DK/NA,DK/NA,DK/NA,DK/NA,DK/NA,DK/NA,Satisfied,4,Dissatisfied,2,Satisfied,4,Satisfied,4,Satisfied,4,Satisfied,4,Very Satisfied,5,Satisfied,4,Very Satisfied,5,No,Yes,Disagree,Agree,,Agree,Agree,Disagree,41.365398,-71.486702,2882,1,10,12,14,-0.075379163
2013,2012-13,Complete,"Point Judith, RI","Point Judith, RI","Point Lookout, NY",Lobster,Lobster,Other,Lobster,Other,35 to 44,43,Less than HS,Less than HS,Some other race,Non-White,Yes,"Less than $10,000","Less than $30,000",Private insurance,Insured,Divorced,Other/Single,U.S.,English,No,1,1st gen,0,Less than 5,0,1,One owner,Deckhand,0,Less than 5,Referred by a friend,Very difficult,1,1 day,8,8 hours or less,2,1 to 2 members,Owner-operated,Deckhand,Deckhand,1,Share system,Share,,,DK/NA,DK/NA,DK/NA,DK/NA,DK/NA,DK/NA,DK/NA,Satisfied,4,Very Satisfied,5,Satisfied,4,Very Satisfied,5,Dissatisfied,2,Satisfied,4,Very Satisfied,5,Satisfied,4,Very Satisfied,5,Yes,Yes,Agree,Strongly Disagree,,Strongly Disagree,Agree,Agree,41.365398,-71.486702,2882,1,13,11,14,-0.075379163
2013,2012-13,Complete,"Point Judith, RI","Point Judith, RI","Point Lookout, NY",Lobster,Lobster,Other,Lobster,Other,35 to 44,40,HS or equivalent,HS or equivalent,Some other race,Non-White,Yes,"$50,000 - $59,999","$30,000 - $59,999",Not insured,Not insured,Married,Married,Outside U.S.,Spanish,No,3,3rd gen,10,5 to 15,10,3,Three owners,Deckhand,6,5 to 15,Referred by a friend,Difficult,4,2 to 4 days,12,9 to 14 hours,4,3 to 5 members,Owner-operated,Deckhand,Deckhand,1,Share system,Share,50,50,DK/NA,DK/NA,DK/NA,DK/NA,DK/NA,DK/NA,DK/NA,Satisfied,4,Dissatisfied,2,Satisfied,4,Satisfied,4,Satisfied,4,Satisfied,4,Satisfied,4,Satisfied,4,Satisfied,4,No,Yes,Agree,Agree,,Agree,Agree,Agree,41.365398,-71.486702,2882,1,10,12,12,-0.075379163
2013,2012-13,Complete,"Portland, ME","Portland, ME","Portsmouth, NH",Lobster,Lobster,Other,Lobster,Other,Under 25,24,Less than HS,Less than HS,White,White,No,,,Private insurance,Insured,Living with partner,Other/Single,U.S.,English,No,1,1st gen,8,5 to 15,8,1,One owner,Deckhand,8,5 to 15,Previous work,Very easy,1,1 day,10,9 to 14 hours,2,1 to 2 members,Owner-operated,Deckhand,Deckhand,1,Share system,Share,65,35,DK/NA,DK/NA,DK/NA,DK/NA,DK/NA,DK/NA,DK/NA,Satisfied,4,Neutral,3,Satisfied,4,Dissatisfied,2,Neutral,3,Satisfied,4,Satisfied,4,Satisfied,4,Dissatisfied,2,Yes,Don't know,Disagree,Agree,No,,,,43.6591,-70.256798,4019,2,11,9,10,-0.4047828
2013,2012-13,Complete,"Portland, ME","Portland, ME","Portsmouth, NH",Lobster,Lobster,Other,Lobster,Other,Under 25,24,Bachelor's/four year degree,Bachelor's/four year degree,White,White,No,"$40,000 - $49,999","$30,000 - $59,999",Spouse/partner,Insured,Married,Married,U.S.,English,Yes,4,4th gen or greater,8,5 to 15,8,1,One owner,Deckhand,8,5 to 15,Related to owner,Very easy,1,1 day,9,9 to 14 hours,3,3 to 5 members,Owner-operated,Deckhand,Deckhand,1,Per trip,Other,,,DK/NA,DK/NA,DK/NA,DK/NA,DK/NA,DK/NA,DK/NA,Very Satisfied,5,Very Satisfied,5,Very Satisfied,5,Very Satisfied,5,Very Satisfied,5,Very Satisfied,5,Very Satisfied,5,Very Satisfied,5,Very Satisfied,5,Yes,Yes,Disagree,Strongly Disagree,Yes,,,,43.6591,-70.256798,4019,2,15,15,15,-0.4047828
2013,2012-13,Complete,"Portland, ME","Portland, ME","Portsmouth, NH",Lobster,Lobster,Other,Lobster,Other,45 to 54,49,Associate's/two-year degree,Associate's/two-year degree,White,White,No,"$60,000 - $69,999","$60,000 - $89,999",Not insured,Not insured,Divorced,Other/Single,U.S.,English,No,1,1st gen,20,16 to 29,20,1,One owner,Engine Mechanic,10,5 to 15,Previous work,Easy,3,2 to 4 days,12,9 to 14 hours,5,3 to 5 members,Owner-operated,Multiple Positions,Multiple Positions,1,Per trip,Other,,,DK/NA,DK/NA,DK/NA,DK/NA,DK/NA,DK/NA,DK/NA,Very Satisfied,5,Satisfied,4,Very Satisfied,5,Very Satisfied,5,Satisfied,4,Very Satisfied,5,Very Satisfied,5,Very Satisfied,5,Very Satisfied,5,Yes,Yes,Disagree,Strongly Disagree,,Disagree,Agree,Disagree,43.6591,-70.256798,4019,2,14,14,15,-0.4047828
2013,2012-13,Complete,"Portland, ME","Portland, ME","Portsmouth, NH",Lobster,Lobster,Other,Lobster,Other,25 to 34,25,HS or equivalent,HS or equivalent,White,White,No,"$40,000 - $49,999","$30,000 - $59,999",Spouse/partner,Insured,Married,Married,U.S.,English,Yes,2,2nd gen,3,Less than 5,3,1,One owner,Deckhand,3,Less than 5,Related to owner,Very easy,1,1 day,8,8 hours or less,2,1 to 2 members,Owner-operated,Captain,Captain,0,Per trip,Other,,,DK/NA,DK/NA,DK/NA,DK/NA,DK/NA,DK/NA,DK/NA,Very Satisfied,5,Satisfied,4,Neutral,3,Neutral,3,Neutral,3,Satisfied,4,Satisfied,4,Satisfied,4,Very Satisfied,5,Yes,Yes,Strongly Disagree,Strongly Disagree,No,,,,43.6591,-70.256798,4019,2,12,10,13,-0.4047828
2013,2012-13,Complete,"Portland, ME","Portland, ME","Portsmouth, NH",Lobster,Lobster,Other,Lobster,Other,Under 25,21,HS or equivalent,HS or equivalent,White,White,No,"$30,000 - $39,999","$30,000 - $59,999",Not insured,Not insured,Never Married,Other/Single,U.S.,English,Yes,2,2nd gen,3,Less than 5,3,1,One owner,Deckhand,3,Less than 5,Previous work,Very easy,1,1 day,10,9 to 14 hours,2,1 to 2 members,Owner-operated,Deckhand,Deckhand,1,Share system,Share,70,30,DK/NA,DK/NA,DK/NA,DK/NA,DK/NA,DK/NA,DK/NA,Satisfied,4,Satisfied,4,Dissatisfied,2,Very Dissatisfied,1,Very Dissatisfied,1,Dissatisfied,2,Satisfied,4,Neutral,3,Dissatisfied,2,Yes,No,Agree,Agree,No,,,,43.6591,-70.256798,4019,2,10,4,9,-0.4047828
2013,2012-13,Complete,"Portland, ME","Portland, ME","Portsmouth, NH",Lobster,Lobster,Other,Lobster,Other,Under 25,15,Less than HS,Less than HS,White,White,No,"$10,000 - $19,999","Less than $30,000",Other,Insured,Never Married,Other/Single,U.S.,English,No,2,2nd gen,1,Less than 5,1,1,One owner,Deckhand,1,Less than 5,Related to owner,Very easy,1,1 day,8,8 hours or less,2,1 to 2 members,Owner-operated,Deckhand,Deckhand,1,Share system,Share,80,20,DK/NA,DK/NA,DK/NA,DK/NA,DK/NA,DK/NA,DK/NA,Satisfied,4,Satisfied,4,Satisfied,4,Dissatisfied,2,Dissatisfied,2,Satisfied,4,Satisfied,4,Dissatisfied,2,Dissatisfied,2,Yes,No,Agree,Agree,,DK/NA,DK/NA,DK/NA,43.6591,-70.256798,4019,2,12,8,8,-0.4047828
2013,2012-13,Complete,"Portsmouth, NH","Portsmouth, NH","Kittery, ME",Lobster,Lobster,Other,Lobster,Other,Under 25,24,Less than HS,Less than HS,White,White,No,"$30,000 - $39,999","$30,000 - $59,999",Not insured,Not insured,Never Married,Other/Single,U.S.,English,No,1,1st gen,24,16 to 29,24,1,One owner,Deckhand,4,Less than 5,Word of mouth,Neither easy nor difficult,3,2 to 4 days,18,18 hours or more,3,3 to 5 members,Owner-operated,Deckhand,Deckhand,1,Share system,Share,87,13,No,No,No,Yes,Yes,No,No,Satisfied,4,Satisfied,4,Dissatisfied,2,Very Satisfied,5,Very Satisfied,5,Dissatisfied,2,Satisfied,4,Dissatisfied,2,Satisfied,4,No,Yes,Agree,Agree,,Disagree,Agree,Disagree,43.0718,-70.762604,3801,1,10,12,10,0.10408426
2013,2012-13,Complete,"Portsmouth, NH","Portsmouth, NH","Provincetown, MA",Lobster,Lobster,Other,Lobster,Other,25 to 34,31,HS or equivalent,HS or equivalent,White,White,No,"$20,000 - $29,999","Less than $30,000",Fed or state insurance,Insured,Never Married,Other/Single,U.S.,English,Yes,3,3rd gen,16,16 to 29,16,3,Three owners,Deckhand,2,Less than 5,Word of mouth,Very difficult,2,2 to 4 days,15,15 to 17 hours,2,1 to 2 members,Hired Captain,Deckhand,Deckhand,1,Share system,Share,85,15,No,No,No,Yes,Yes,No,No,Satisfied,4,Dissatisfied,2,Satisfied,4,Satisfied,4,Dissatisfied,2,Very Satisfied,5,Very Satisfied,5,Very Satisfied,5,Neutral,3,Yes,Yes,Neutral,Agree,,Agree,Agree,Agree,43.0718,-70.762604,3801,1,10,11,13,0.10408426
2013,2012-13,Complete,"Portsmouth, NH","Portsmouth, NH","Provincetown, MA",Lobster,Lobster,Other,Lobster,Other,35 to 44,39,HS or equivalent,HS or equivalent,White,White,No,"$50,000 - $59,999","$30,000 - $59,999",Not insured,Not insured,Never Married,Other/Single,U.S.,English,No,1,1st gen,20,16 to 29,20,1,One owner,Deckhand,1,Less than 5,Referred by a friend,Easy,3,2 to 4 days,13,9 to 14 hours,3,3 to 5 members,Owner-operated,Multiple Positions,Multiple Positions,1,Share system,Share,70,30,No,No,No,Yes,Yes,No,No,Satisfied,4,Neutral,3,Satisfied,4,Very Dissatisfied,1,Neutral,3,Dissatisfied,2,Neutral,3,Neutral,3,Dissatisfied,2,No,Yes,Agree,Agree,,Disagree,Neutral,Neutral,43.0718,-70.762604,3801,1,11,6,8,0.10408426
2013,2012-13,Complete,"Portsmouth, NH","Portsmouth, NH","Provincetown, MA",Lobster,Lobster,Other,Lobster,Other,Under 25,19,HS or equivalent,HS or equivalent,White,White,No,"$20,000 - $29,999","Less than $30,000",Not insured,Not insured,Never Married,Other/Single,U.S.,English,Yes,2,2nd gen,0,Less than 5,0,1,One owner,Deckhand,0,Less than 5,Advertisement,Very easy,1,1 day,10,9 to 14 hours,2,1 to 2 members,Owner-operated,Deckhand,Deckhand,1,Per trip,Other,,,DK/NA,DK/NA,DK/NA,DK/NA,DK/NA,DK/NA,DK/NA,Very Satisfied,5,Neutral,3,Very Satisfied,5,Very Satisfied,5,Very Satisfied,5,Very Satisfied,5,Very Satisfied,5,Very Satisfied,5,Satisfied,4,Yes,Yes,Neutral,Disagree,,Disagree,DK/NA,Strongly Disagree,43.0718,-70.762604,3801,1,13,15,14,0.10408426
2013,2012-13,Complete,"Portsmouth, NH","Portsmouth, NH","Kittery, ME",Lobster,Lobster,Other,Lobster,Other,Under 25,23,Associate's/two-year degree,Associate's/two-year degree,White,White,No,"$40,000 - $49,999","$30,000 - $59,999",Other,Insured,Never Married,Other/Single,U.S.,English,No,1,1st gen,4,Less than 5,4,1,One owner,Deckhand,4,Less than 5,Word of mouth,Difficult,1,1 day,10,9 to 14 hours,2,1 to 2 members,Owner-operated,Deckhand,Deckhand,1,Share system,Share,85,15,No,No,No,Yes,Yes,No,No,Very Satisfied,5,Satisfied,4,Satisfied,4,Neutral,3,Very Satisfied,5,Very Satisfied,5,Very Satisfied,5,Very Satisfied,5,Very Satisfied,5,Yes,Yes,Disagree,Disagree,,Strongly Agree,Neutral,Agree,43.0718,-70.762604,3801,1,13,13,15,0.10408426
2013,2012-13,Complete,"Portsmouth, NH","Portsmouth, NH","Provincetown, MA",Lobster,Lobster,Other,Lobster,Other,25 to 34,31,HS or equivalent,HS or equivalent,White,White,No,"$20,000 - $29,999","Less than $30,000",Fed or state insurance,Insured,Married,Married,U.S.,English,Yes,5,4th gen or greater,20,16 to 29,20,1,One owner,Deckhand,5,5 to 15,Related to owner,Very easy,1,1 day,8,8 hours or less,2,1 to 2 members,Owner-operated,Deckhand,Deckhand,1,Share system,Share,82,18,No,No,No,No,No,No,No,Dissatisfied,2,Dissatisfied,2,Neutral,3,Satisfied,4,Neutral,3,Dissatisfied,2,Very Dissatisfied,1,Dissatisfied,2,Dissatisfied,2,Yes,Yes,Agree,Disagree,No,,,,43.0718,-70.762604,3801,1,7,9,5,0.10408426
2013,2012-13,Complete,"Rockland, ME","Rockland, ME","Rockport, MA",Lobster,Lobster,Other,Lobster,Other,35 to 44,42,Associate's/two-year degree,Associate's/two-year degree,White,White,No,"$30,000 - $39,999","$30,000 - $59,999",Private insurance,Insured,Married,Married,U.S.,English,Yes,4,4th gen or greater,26,16 to 29,26,1,One owner,Other,3,Less than 5,Related to owner,Very easy,1,1 day,8,8 hours or less,2,1 to 2 members,Owner-operated,Deckhand,Deckhand,1,Per trip,Other,,,DK/NA,DK/NA,DK/NA,DK/NA,DK/NA,DK/NA,DK/NA,Satisfied,4,Satisfied,4,Neutral,3,Satisfied,4,Neutral,3,Neutral,3,Satisfied,4,Neutral,3,Very Satisfied,5,Yes,Don't know,Neutral,Agree,No,,,,44.103699,-69.108902,4841,7,11,10,12,-0.028475318
2013,2012-13,Complete,"Rockland, ME","Rockland, ME","Rockport, MA",Lobster,Lobster,Other,Lobster,Other,Under 25,22,HS or equivalent,HS or equivalent,White,White,No,"$30,000 - $39,999","$30,000 - $59,999",Not insured,Not insured,Married,Married,U.S.,English,Yes,5,4th gen or greater,6,5 to 15,6,1,One owner,Other,5,5 to 15,Related to owner,Very easy,0,1 day,8,8 hours or less,2,1 to 2 members,Owner-operated,Deckhand,Deckhand,1,Share system,Share,80,20,Yes,No,No,Yes,Yes,No,No,Satisfied,4,Satisfied,4,Satisfied,4,Satisfied,4,Satisfied,4,Satisfied,4,Very Satisfied,5,Very Satisfied,5,Satisfied,4,Yes,Yes,Strongly Disagree,Strongly Disagree,,Neutral,Neutral,Agree,44.103699,-69.108902,4841,7,12,12,14,-0.028475318
2013,2012-13,Complete,"Rockland, ME","Rockland, ME","Rockport, MA",Lobster,Lobster,Other,Lobster,Other,Under 25,19,HS or equivalent,HS or equivalent,White,White,No,"$20,000 - $29,999","Less than $30,000",Other,Insured,Never Married,Other/Single,U.S.,English,No,1,1st gen,3,Less than 5,3,1,One owner,Deckhand,3,Less than 5,Referred by a friend,Easy,1,1 day,10,9 to 14 hours,3,3 to 5 members,Owner-operated,Deckhand,Deckhand,1,Per trip,Other,,,DK/NA,DK/NA,DK/NA,DK/NA,DK/NA,DK/NA,DK/NA,Satisfied,4,Satisfied,4,Dissatisfied,2,Neutral,3,Dissatisfied,2,Dissatisfied,2,Satisfied,4,Satisfied,4,Satisfied,4,Yes,Don't know,Disagree,Neutral,,Disagree,Agree,Disagree,44.103699,-69.108902,4841,7,10,7,12,-0.028475318
2013,2012-13,Complete,"Rockland, ME","Rockland, ME","Rockport, MA",Lobster,Lobster,Other,Lobster,Other,Under 25,19,HS or equivalent,HS or equivalent,White,White,No,"$10,000 - $19,999","Less than $30,000",Other,Insured,Never Married,Other/Single,U.S.,English,No,2,2nd gen,2,Less than 5,2,1,One owner,Other,2,Less than 5,Related to owner,Very easy,8,More than 7 days,8,8 hours or less,2,1 to 2 members,Owner-operated,Deckhand,Deckhand,1,Per trip,Other,,,DK/NA,DK/NA,DK/NA,DK/NA,DK/NA,DK/NA,DK/NA,Very Satisfied,5,Very Satisfied,5,Neutral,3,Neutral,3,Dissatisfied,2,Neutral,3,Satisfied,4,Satisfied,4,Neutral,3,No,No,Agree,Agree,No,,,,44.103699,-69.108902,4841,7,13,8,11,-0.028475318
2013,2012-13,Complete,"Rockland, ME","Rockland, ME","Rockport, MA",Lobster,Lobster,Other,Lobster,Other,25 to 34,25,HS or equivalent,HS or equivalent,White,White,No,"$10,000 - $19,999","Less than $30,000",Fed or state insurance,Insured,Never Married,Other/Single,U.S.,English,No,1,1st gen,1,Less than 5,1,1,One owner,Deckhand,1,Less than 5,Word of mouth,Very easy,7,5 to 7 days,7,8 hours or less,2,1 to 2 members,Owner-operated,Multiple Positions,Multiple Positions,1,Share system,Share,,,DK/NA,DK/NA,DK/NA,DK/NA,DK/NA,DK/NA,DK/NA,Satisfied,4,Neutral,3,Very Dissatisfied,1,Satisfied,4,Satisfied,4,Very Satisfied,5,Very Satisfied,5,Dissatisfied,2,Neutral,3,Yes,Don't know,Strongly Agree,Strongly Disagree,No,,,,44.103699,-69.108902,4841,7,8,13,10,-0.028475318
2013,2012-13,Complete,"Rockland, ME","Rockland, ME","Rockport, MA",Lobster,Lobster,Other,Lobster,Other,45 to 54,47,Associate's/two-year degree,Associate's/two-year degree,White,White,No,"$10,000 - $19,999","Less than $30,000",Not insured,Not insured,Divorced,Other/Single,U.S.,English,Yes,2,2nd gen,10,5 to 15,10,2,Two owners,Deckhand,10,5 to 15,Related to owner,Very easy,0,1 day,8,8 hours or less,2,1 to 2 members,Owner-operated,Deckhand,Deckhand,1,Share system,Share,83,17,Yes,No,No,No,Yes,No,No,Satisfied,4,Neutral,3,Satisfied,4,Satisfied,4,Neutral,3,Dissatisfied,2,Satisfied,4,Satisfied,4,Neutral,3,No,Yes,Neutral,Agree,,Disagree,Strongly Disagree,Disagree,44.103699,-69.108902,4841,7,11,9,11,-0.028475318
2013,2012-13,Complete,"Rockland, ME","Rockland, ME","Rockport, MA",Lobster,Lobster,Other,Lobster,Other,55 or older,62,Less than HS,Less than HS,White,White,No,,,Not insured,Not insured,Divorced,Other/Single,U.S.,English,Yes,5,4th gen or greater,40,30 or more,40,1,One owner,Deckhand,42,30 or more,Previous work,Very easy,18,More than 7 days,17,15 to 17 hours,3,3 to 5 members,Owner-operated,Deckhand,Deckhand,1,Share system,Share,,,No,No,No,No,No,No,Yes,Satisfied,4,Neutral,3,Neutral,3,Very Satisfied,5,Neutral,3,DK/NA,,Neutral,3,Neutral,3,Satisfied,4,Yes,Yes,Disagree,Strongly Disagree,,DK/NA,Strongly Disagree,DK/NA,44.103699,-69.108902,4841,7,10,,10,-0.028475318
2013,2012-13,Complete,"Rockland, ME","Rockland, ME","Rockport, MA",Lobster,Lobster,Other,Lobster,Other,35 to 44,41,Bachelor's/four year degree,Bachelor's/four year degree,White,White,No,"$120,000 or more","$120,000 or more",Spouse/partner,Insured,Married,Married,U.S.,English,Yes,4,4th gen or greater,14,5 to 15,14,1,One owner,Deckhand,6,5 to 15,Previous work,Very easy,1,1 day,12,9 to 14 hours,2,1 to 2 members,Owner-operated,Deckhand,Deckhand,1,Share system,Share,70,30,DK/NA,DK/NA,DK/NA,DK/NA,DK/NA,DK/NA,DK/NA,Satisfied,4,Satisfied,4,Satisfied,4,Dissatisfied,2,Satisfied,4,Satisfied,4,Very Satisfied,5,Very Satisfied,5,Satisfied,4,Yes,Yes,Disagree,Disagree,Yes,,,,44.103699,-69.108902,4841,7,12,10,14,-0.028475318
2013,2012-13,Complete,"Rockland, ME","Rockland, ME","Rockport, MA",Lobster,Lobster,Other,Lobster,Other,35 to 44,38,Less than HS,Less than HS,White,White,No,"Less than $10,000","Less than $30,000",Fed or state insurance,Insured,Divorced,Other/Single,U.S.,English,Yes,6,4th gen or greater,8,5 to 15,8,1,One owner,Deckhand,2,Less than 5,Referred by a friend,Easy,1,1 day,10,9 to 14 hours,3,3 to 5 members,Owner-operated,Deckhand,Deckhand,1,Per trip,Other,,,DK/NA,DK/NA,DK/NA,DK/NA,DK/NA,DK/NA,DK/NA,Very Satisfied,5,Very Satisfied,5,Neutral,3,Very Satisfied,5,Neutral,3,Satisfied,4,Satisfied,4,Satisfied,4,Very Satisfied,5,Yes,Yes,Disagree,Disagree,No,,,,44.103699,-69.108902,4841,7,13,12,13,-0.028475318
2013,2012-13,Complete,"Rockland, ME","Rockport, ME","Sakonnet Point, RI",Lobster,Lobster,Other,Lobster,Other,45 to 54,54,HS or equivalent,HS or equivalent,White,White,No,"$20,000 - $29,999","Less than $30,000",Not insured,Not insured,Married,Married,U.S.,English,Yes,2,2nd gen,30,30 or more,30,1,One owner,Deckhand,3,Less than 5,Previous work,Easy,1,1 day,6,8 hours or less,3,3 to 5 members,Owner-operated,Deckhand,Deckhand,1,Share system,Share,65,35,No,No,No,No,Yes,No,No,Satisfied,4,Dissatisfied,2,Satisfied,4,Satisfied,4,Dissatisfied,2,Satisfied,4,Satisfied,4,Satisfied,4,Dissatisfied,2,Yes,Yes,Disagree,Disagree,No,,,,44.184502,-69.076103,4841,7,10,10,10,-0.028475318
2013,2012-13,Complete,"Rockland, ME","Rockport, ME","Sakonnet Point, RI",Lobster,Lobster,Other,Lobster,Other,25 to 34,34,HS or equivalent,HS or equivalent,White,White,No,"$20,000 - $29,999","Less than $30,000",Not insured,Not insured,Married,Married,U.S.,English,Yes,2,2nd gen,10,5 to 15,10,1,One owner,Deckhand,3,Less than 5,Related to non-owner,Very easy,1,1 day,6,8 hours or less,3,3 to 5 members,Owner-operated,Deckhand,Deckhand,1,Share system,Share,65,35,No,No,No,No,No,No,No,Satisfied,4,Dissatisfied,2,Satisfied,4,Satisfied,4,Satisfied,4,Satisfied,4,Satisfied,4,Satisfied,4,Dissatisfied,2,Yes,Yes,Disagree,Disagree,No,,,,44.184502,-69.076103,4841,7,10,12,10,-0.028475318
2013,2012-13,Complete,"Scituate, MA","Scituate, MA","Sea Isle, NJ",Lobster,Lobster,Other,Lobster,Other,35 to 44,39,Associate's/two-year degree,Associate's/two-year degree,White,White,No,"$70,000 - $79,999","$60,000 - $89,999",Spouse/partner,Insured,Married,Married,U.S.,English,No,1,1st gen,20,16 to 29,20,4,Four or more,Deckhand,4,Less than 5,Word of mouth,Easy,1,1 day,12,9 to 14 hours,2,1 to 2 members,Owner-operated,Deckhand,Deckhand,1,Share system,Share,80,20,DK/NA,DK/NA,DK/NA,DK/NA,DK/NA,DK/NA,DK/NA,Satisfied,4,Dissatisfied,2,Satisfied,4,Satisfied,4,Dissatisfied,2,Satisfied,4,Satisfied,4,Very Satisfied,5,Very Satisfied,5,No,No,Disagree,Agree,,Agree,Strongly Disagree,Disagree,42.1959,-70.725899,2066,1,10,10,14,0.18548773
2013,2012-13,Complete,"Seabrook, NH","Seabrook, NH","Seaford, VA",Lobster,Lobster,Other,Lobster,Other,55 or older,63,Bachelor's/four year degree,Bachelor's/four year degree,White,White,No,"$10,000 - $19,999","Less than $30,000",Fed or state insurance,Insured,Divorced,Other/Single,U.S.,English,No,1,1st gen,47,30 or more,47,1,One owner,Deckhand,15,5 to 15,Previous work,Easy,1,1 day,4,8 hours or less,1,1 to 2 members,Owner-operated,Captain,Captain,0,Share system,Share,100,0,No,No,No,No,No,No,Yes,Dissatisfied,2,Satisfied,4,Very Dissatisfied,1,Satisfied,4,Neutral,3,Satisfied,4,Very Satisfied,5,Very Satisfied,5,Very Satisfied,5,No,Yes,Disagree,Disagree,,Agree,Disagree,Disagree,42.890999,-70.865501,3844,1,7,11,15,-0.27508262
2013,2012-13,Complete,"Portland, ME","South Bristol, ME","South Freeport, ME",Lobster,Lobster,Other,Lobster,Other,25 to 34,29,Associate's/two-year degree,Associate's/two-year degree,White,White,No,"$50,000 - $59,999","$30,000 - $59,999",Not insured,Not insured,Living with partner,Other/Single,U.S.,English,Yes,3,3rd gen,14,5 to 15,14,1,One owner,Deckhand,14,5 to 15,Previous work,Very easy,9,More than 7 days,9,9 to 14 hours,2,1 to 2 members,Owner-operated,Captain,Captain,0,Hourly,Other,,,DK/NA,DK/NA,DK/NA,DK/NA,DK/NA,DK/NA,DK/NA,Satisfied,4,Neutral,3,Neutral,3,Satisfied,4,Neutral,3,Dissatisfied,2,Neutral,3,Neutral,3,Very Satisfied,5,Yes,Yes,Disagree,Strongly Disagree,Yes,,,,43.863998,-69.561203,4568,10,10,9,11,-0.31614125
2013,2012-13,Complete,"Portsmouth, NH","South Freeport, ME","Southwest Harbor, ME",Lobster,Lobster,Other,Lobster,Other,25 to 34,25,Less than HS,Less than HS,White,White,No,"$30,000 - $39,999","$30,000 - $59,999",Other,Insured,Never Married,Other/Single,U.S.,English,No,1,1st gen,4,Less than 5,4,2,Two owners,Deckhand,4,Less than 5,Referred by a friend,Very easy,1,1 day,12,9 to 14 hours,3,3 to 5 members,Owner-operated,Deckhand,Deckhand,1,Multiple payment systems,Other,80,20,Yes,No,No,No,No,Yes,No,Satisfied,4,Satisfied,4,Dissatisfied,2,Very Dissatisfied,1,Neutral,3,Very Satisfied,5,Very Satisfied,5,Dissatisfied,2,Neutral,3,Yes,Yes,Disagree,Agree,No,,,,43.819801,-70.1092,4032,1,10,9,10,0.30934948
2013,2012-13,Complete,"Portsmouth, NH","South Freeport, ME","Southwest Harbor, ME",Lobster,Lobster,Other,Lobster,Other,Under 25,21,Less than HS,Less than HS,White,White,No,"Less than $10,000","Less than $30,000",Fed or state insurance,Insured,Living with partner,Other/Single,U.S.,English,No,3,3rd gen,0,Less than 5,0,3,Three owners,Deckhand,0,Less than 5,Word of mouth,Easy,1,1 day,6,8 hours or less,3,3 to 5 members,Owner-operated,Deckhand,Deckhand,1,Per trip,Other,,,DK/NA,DK/NA,DK/NA,DK/NA,DK/NA,DK/NA,DK/NA,Satisfied,4,Satisfied,4,Dissatisfied,2,Dissatisfied,2,Dissatisfied,2,Dissatisfied,2,Satisfied,4,Satisfied,4,Satisfied,4,Yes,Yes,Disagree,Agree,,Agree,Neutral,Neutral,43.819801,-70.1092,4032,1,10,6,12,0.30934948
2013,2012-13,Complete,"Gloucester, MA","Southwest Harbor, ME","Stonington, CT",Lobster,Lobster,Other,Lobster,Other,25 to 34,29,Less than HS,Less than HS,White,White,No,"$70,000 - $79,999","$60,000 - $89,999",Not insured,Not insured,Never Married,Other/Single,U.S.,English,Yes,3,3rd gen,15,5 to 15,15,3,Three owners,Deckhand,0,Less than 5,Referred by a friend,Easy,1,1 day,13,9 to 14 hours,3,3 to 5 members,Owner-operated,Deckhand,Deckhand,1,Share system,Share,80,20,Yes,No,No,No,Yes,Yes,No,Neutral,3,Dissatisfied,2,Satisfied,4,Neutral,3,Neutral,3,Very Satisfied,5,Very Satisfied,5,Very Satisfied,5,Satisfied,4,No,Yes,Disagree,Agree,No,,,,44.2798,-68.324997,4660,10,9,11,14,-0.053118888
2013,2012-13,Complete,"Stonington, CT","Stonington, CT","Stonington, ME",Lobster,Lobster,Other,Lobster,Other,55 or older,,DK/NA,,DK/NA,Non-White,No,,,DK/NA (insured),,DK/NA,Other/Single,na,DK/NA,Yes,4,4th gen or greater,16,16 to 29,16,1,One owner,Deckhand,16,16 to 29,Previous work,Very easy,1,1 day,10,9 to 14 hours,3,3 to 5 members,Owner-operated,Deckhand,Deckhand,1,Share system,Share,60,40,Yes,No,No,No,No,Yes,No,DK/NA,,DK/NA,,DK/NA,,DK/NA,,DK/NA,,DK/NA,,DK/NA,,DK/NA,,DK/NA,,No answer,No answer,DK/NA,DK/NA,,Strongly Agree,Strongly Agree,Strongly Disagree,41.335899,-71.905899,6355,1,,,,0.58387566
2013,2012-13,Complete,"Stonington, CT","Stonington, CT","Stonington, ME",Lobster,Lobster,Other,Lobster,Other,45 to 54,52,HS or equivalent,HS or equivalent,White,White,No,"$30,000 - $39,999","$30,000 - $59,999",Another employer,Insured,Never Married,Other/Single,U.S.,English,Yes,2,2nd gen,35,30 or more,35,2,Two owners,Other,35,30 or more,Word of mouth,Easy,1,1 day,12,9 to 14 hours,3,3 to 5 members,Owner-operated,Mate,Other,1,Share system,Share,50,50,Yes,Yes,No,No,No,Yes,No,Dissatisfied,2,Dissatisfied,2,Satisfied,4,Satisfied,4,Satisfied,4,Dissatisfied,2,Very Satisfied,5,Satisfied,4,Very Satisfied,5,No,Yes,Strongly Disagree,Strongly Disagree,Yes,,,,41.335899,-71.905899,6355,1,8,10,14,0.58387566
2013,2012-13,Complete,"Stonington, ME","Stonington, ME","Stumpy Point, NC",Lobster,Lobster,Other,Lobster,Other,45 to 54,49,Less than HS,Less than HS,White,White,No,"$30,000 - $39,999","$30,000 - $59,999",Not insured,Not insured,Married,Married,U.S.,English,Yes,3,3rd gen,36,30 or more,36,1,One owner,Deckhand,12,5 to 15,Previous work,Very easy,1,1 day,7,8 hours or less,2,1 to 2 members,Owner-operated,Deckhand,Deckhand,1,Share system,Share,75,25,DK/NA,DK/NA,DK/NA,DK/NA,DK/NA,DK/NA,DK/NA,Dissatisfied,2,Satisfied,4,Satisfied,4,Satisfied,4,Satisfied,4,Satisfied,4,Very Satisfied,5,Satisfied,4,Satisfied,4,Yes,Yes,Disagree,Disagree,,Disagree,Disagree,Strongly Agree,44.1562,-68.666702,4681,10,10,12,13,-0.90738034
2013,2012-13,Complete,"Stonington, ME","Stonington, ME","Stumpy Point, NC",Lobster,Lobster,Other,Lobster,Other,35 to 44,38,Associate's/two-year degree,Associate's/two-year degree,White,White,No,,,Not insured,Not insured,Married,Married,U.S.,English,Yes,6,4th gen or greater,18,16 to 29,18,1,One owner,Deckhand,7,5 to 15,Previous work,Very easy,1,1 day,12,9 to 14 hours,3,3 to 5 members,Owner-operated,Deckhand,Deckhand,1,Share system,Share,,,DK/NA,DK/NA,DK/NA,DK/NA,DK/NA,DK/NA,DK/NA,Satisfied,4,Satisfied,4,Satisfied,4,Satisfied,4,Satisfied,4,Satisfied,4,Very Satisfied,5,Satisfied,4,Very Satisfied,5,Yes,No,Disagree,Disagree,,Agree,DK/NA,Strongly Agree,44.1562,-68.666702,4681,10,12,12,14,-0.90738034
2013,2012-13,Complete,"Stonington, ME","Stonington, ME","Stumpy Point, NC",Lobster,Lobster,Other,Lobster,Other,Under 25,24,HS or equivalent,HS or equivalent,White,White,No,"$20,000 - $29,999","Less than $30,000",Not insured,Not insured,Never Married,Other/Single,U.S.,English,Yes,2,2nd gen,5,5 to 15,5,1,One owner,Deckhand,3,Less than 5,Previous work,Very easy,1,1 day,8,8 hours or less,3,3 to 5 members,Owner-operated,Deckhand,Deckhand,1,Share system,Share,65,35,DK/NA,DK/NA,DK/NA,DK/NA,DK/NA,DK/NA,DK/NA,Satisfied,4,Dissatisfied,2,Satisfied,4,Satisfied,4,Satisfied,4,Satisfied,4,Very Satisfied,5,Satisfied,4,Neutral,3,Yes,Yes,Disagree,Disagree,,Agree,Strongly Disagree,Strongly Agree,44.1562,-68.666702,4681,10,10,12,12,-0.90738034
2013,2012-13,Complete,"Stonington, ME","Stonington, ME","Stumpy Point, NC",Lobster,Lobster,Other,Lobster,Other,Under 25,24,HS or equivalent,HS or equivalent,White,White,No,"$20,000 - $29,999","Less than $30,000",Not insured,Not insured,Never Married,Other/Single,U.S.,English,Yes,3,3rd gen,5,5 to 15,5,1,One owner,Deckhand,3,Less than 5,Previous work,Very easy,1,1 day,8,8 hours or less,3,3 to 5 members,Owner-operated,Deckhand,Deckhand,1,Share system,Share,65,35,DK/NA,DK/NA,DK/NA,DK/NA,DK/NA,DK/NA,DK/NA,Satisfied,4,Dissatisfied,2,Satisfied,4,Satisfied,4,Dissatisfied,2,Satisfied,4,Satisfied,4,Satisfied,4,Neutral,3,Yes,Yes,Disagree,Agree,,Disagree,Strongly Disagree,Strongly Agree,44.1562,-68.666702,4681,10,10,10,11,-0.90738034
2013,2012-13,Complete,"Stonington, ME","Stonington, ME","Stumpy Point, NC",Lobster,Lobster,Other,Lobster,Other,45 to 54,45,Less than HS,Less than HS,White,White,No,"$40,000 - $49,999","$30,000 - $59,999",Not insured,Not insured,Married,Married,U.S.,English,No,4,4th gen or greater,30,30 or more,30,1,One owner,Deckhand,3,Less than 5,Previous work,Very easy,1,1 day,8,8 hours or less,2,1 to 2 members,Owner-operated,Deckhand,Deckhand,1,Share system,Share,80,20,DK/NA,DK/NA,DK/NA,DK/NA,DK/NA,DK/NA,DK/NA,Dissatisfied,2,Dissatisfied,2,Satisfied,4,Satisfied,4,Dissatisfied,2,Dissatisfied,2,Very Satisfied,5,Satisfied,4,Satisfied,4,Yes,Don't know,Disagree,Agree,No,,,,44.1562,-68.666702,4681,10,8,8,13,-0.90738034
2013,2012-13,Complete,"Stonington, ME","Stonington, ME","Stumpy Point, NC",Lobster,Lobster,Other,Lobster,Other,45 to 54,47,Less than HS,Less than HS,White,White,No,,,Not insured,Not insured,Married,Married,U.S.,English,No,4,4th gen or greater,40,30 or more,40,1,One owner,Deckhand,15,5 to 15,Previous work,Very easy,1,1 day,6,8 hours or less,2,1 to 2 members,Owner-operated,Deckhand,Deckhand,1,Share system,Share,80,20,DK/NA,DK/NA,DK/NA,DK/NA,DK/NA,DK/NA,DK/NA,Dissatisfied,2,Dissatisfied,2,Satisfied,4,Satisfied,4,Satisfied,4,Satisfied,4,Very Satisfied,5,Satisfied,4,Satisfied,4,Yes,Yes,Disagree,Strongly Disagree,No,,,,44.1562,-68.666702,4681,10,8,12,13,-0.90738034
2013,2012-13,Complete,"Stonington, ME","Stonington, ME","Stumpy Point, NC",Lobster,Lobster,Other,Lobster,Other,25 to 34,34,Less than HS,Less than HS,White,White,No,"$30,000 - $39,999","$30,000 - $59,999",Not insured,Not insured,Married,Married,U.S.,English,Yes,5,4th gen or greater,15,5 to 15,15,1,One owner,Deckhand,10,5 to 15,Previous work,Very easy,1,1 day,6,8 hours or less,2,1 to 2 members,Owner-operated,Deckhand,Deckhand,1,Share system,Share,80,20,DK/NA,DK/NA,DK/NA,DK/NA,DK/NA,DK/NA,DK/NA,Dissatisfied,2,Dissatisfied,2,Satisfied,4,Satisfied,4,Dissatisfied,2,Dissatisfied,2,Very Satisfied,5,Satisfied,4,Satisfied,4,Yes,Yes,Disagree,Agree,No,,,,44.1562,-68.666702,4681,10,8,8,13,-0.90738034
2013,2012-13,Complete,"Beaufort, NC","Beaufort, NC","Beaufort, NC",Mackerel,Other,Other,Other,Other,35 to 44,43,HS or equivalent,HS or equivalent,White,White,No,"$40,000 - $49,999","$30,000 - $59,999",Not insured,Not insured,Divorced,Other/Single,U.S.,English,No,4,4th gen or greater,30,30 or more,30,1,One owner,Captain,1,Less than 5,Word of mouth,Easy,2,2 to 4 days,24,18 hours or more,2,1 to 2 members,Owner-operated,Captain,Captain,0,Share system,Share,70,30,No,No,No,No,No,No,Yes,Satisfied,4,Satisfied,4,Satisfied,4,Satisfied,4,Satisfied,4,Satisfied,4,Satisfied,4,Satisfied,4,Satisfied,4,No,Yes,Strongly Agree,Strongly Agree,No,,,,34.718201,-76.663803,28512,4,12,12,12,-0.3108187
2013,2012-13,Complete,"Chatham, MA","Chatham, MA","Chatham, MA",Monkfish,Other,Other,Other,Other,Under 25,24,HS or equivalent,HS or equivalent,White,White,No,"$50,000 - $59,999","$30,000 - $59,999",Not insured,Not insured,Never Married,Other/Single,U.S.,English,No,1,1st gen,0,Less than 5,0,1,One owner,Deckhand,1,Less than 5,Referred by a friend,Easy,1,1 day,15,15 to 17 hours,4,3 to 5 members,Owner-operated,Deckhand,Deckhand,1,Share system,Share,30,70,DK/NA,DK/NA,DK/NA,DK/NA,DK/NA,DK/NA,DK/NA,Satisfied,4,Satisfied,4,Satisfied,4,Satisfied,4,Satisfied,4,Satisfied,4,Satisfied,4,Satisfied,4,Neutral,3,Yes,Yes,Agree,Disagree,,Neutral,Agree,Neutral,41.682098,-69.959801,2633,1,12,12,11,0.28912377
2013,2012-13,Complete,"Gloucester, MA","Gloucester, MA","Gloucester, MA",Monkfish,Other,Other,Other,Other,25 to 34,32,Bachelor's/four year degree,Bachelor's/four year degree,White,White,No,"$30,000 - $39,999","$30,000 - $59,999",Fed or state insurance,Insured,Never Married,Other/Single,U.S.,English,No,1,1st gen,4,Less than 5,4,2,Two owners,Deckhand,1,Less than 5,Word of mouth,Very easy,1,1 day,12,9 to 14 hours,3,3 to 5 members,DK/NA,Deckhand,Deckhand,1,Share system,Share,75,25,Yes,No,No,No,Yes,Yes,No,Satisfied,4,Neutral,3,Satisfied,4,Satisfied,4,Neutral,3,Satisfied,4,Very Satisfied,5,Satisfied,4,Satisfied,4,No,Yes,Disagree,Strongly Agree,No,,,,42.615898,-70.662003,1930,1,11,11,13,0.34651935
2013,2012-13,Complete,"New Bedford, MA","New Bedford, MA","New Gloucester, ME",Monkfish,Other,Other,Other,Other,45 to 54,52,HS or equivalent,HS or equivalent,White,White,No,"$30,000 - $39,999","$30,000 - $59,999",DK/NA (source),Insured,Married,Married,Outside U.S.,Portuguese,No,1,1st gen,18,16 to 29,18,4,Four or more,Engine Mechanic,1,Less than 5,Referred by a friend,Easy,8,More than 7 days,18,18 hours or more,5,3 to 5 members,Owner-operated,Multiple Positions,Multiple Positions,1,Share system,Share,50,50,Yes,Yes,Yes,Yes,No,No,No,Very Dissatisfied,1,Dissatisfied,2,Very Dissatisfied,1,Dissatisfied,2,Dissatisfied,2,Dissatisfied,2,Dissatisfied,2,Neutral,3,Satisfied,4,No,No,Agree,Agree,No,,,,41.6362,-70.934196,2740,1,4,6,9,0.13545999
2013,2012-13,Complete,"Plymouth, MA","Plymouth, MA","Point Judith, RI",Monkfish,Other,Other,Other,Other,35 to 44,41,HS or equivalent,HS or equivalent,White,White,No,"$90,000 - $99,999","$90,000 - $119,999",Fed or state insurance,Insured,Married,Married,U.S.,English,Yes,1,1st gen,18,16 to 29,18,3,Three owners,Deckhand,19,16 to 29,Previous work,Very easy,1,1 day,13,9 to 14 hours,3,3 to 5 members,Hired Captain,Captain,Captain,0,Multiple payment systems,Other,50,50,Yes,No,No,No,No,No,No,Very Satisfied,5,Satisfied,4,Dissatisfied,2,Dissatisfied,2,Neutral,3,Dissatisfied,2,Very Satisfied,5,Very Satisfied,5,Very Satisfied,5,No,Yes,Disagree,Disagree,Yes,,,,41.958401,-70.667297,2360,1,11,7,15,-0.081079327
2013,2012-13,Complete,"Point Judith, RI","Point Judith, RI","Point Lookout, NY",Monkfish,Other,Other,Other,Other,Under 25,24,Associate's/two-year degree,Associate's/two-year degree,White,White,No,"$20,000 - $29,999","Less than $30,000",Other,Insured,Never Married,Other/Single,U.S.,English,Yes,3,3rd gen,3,Less than 5,3,1,One owner,Deckhand,3,Less than 5,Related to owner,Very easy,1,1 day,12,9 to 14 hours,3,3 to 5 members,Owner-operated,Deckhand,Deckhand,1,Share system,Share,70,30,No,No,No,Yes,No,No,No,Dissatisfied,2,Satisfied,4,Very Dissatisfied,1,Satisfied,4,Satisfied,4,Very Satisfied,5,Very Satisfied,5,Very Satisfied,5,Very Satisfied,5,Yes,No,Strongly Disagree,Disagree,Yes,,,,41.365398,-71.486702,2882,1,7,13,15,-0.075379163
2013,2012-13,Complete,"Point Judith, RI","Point Judith, RI","Point Lookout, NY",Monkfish,Other,Other,Other,Other,Under 25,24,HS or equivalent,HS or equivalent,White,White,No,"$10,000 - $19,999","Less than $30,000",Not insured,Not insured,Never Married,Other/Single,U.S.,English,Yes,2,2nd gen,10,5 to 15,10,1,One owner,Deckhand,10,5 to 15,Related to owner,Very easy,1,1 day,10,9 to 14 hours,4,3 to 5 members,Owner-operated,Deckhand,Deckhand,1,Multiple payment systems,Other,50,50,DK/NA,DK/NA,DK/NA,DK/NA,DK/NA,DK/NA,DK/NA,Neutral,3,Dissatisfied,2,Very Satisfied,5,Neutral,3,DK/NA,,Neutral,3,Satisfied,4,Satisfied,4,Very Satisfied,5,No,Yes,Disagree,Agree,No,,,,41.365398,-71.486702,2882,1,10,,13,-0.075379163
2013,2012-13,Complete,"New Bedford, MA","Sakonnet Point, RI","Sandwich, MA",Monkfish,Other,Other,Other,Other,Under 25,22,Less than HS,Less than HS,White,White,No,,,Private insurance,Insured,Never Married,Other/Single,U.S.,English,No,1,1st gen,2,Less than 5,2,1,One owner,Deckhand,1,Less than 5,Referred by a friend,Difficult,1,1 day,8,8 hours or less,3,3 to 5 members,Owner-operated,Deckhand,Deckhand,1,Share system,Share,60,40,Yes,Yes,No,No,No,No,No,Satisfied,4,Dissatisfied,2,Dissatisfied,2,Satisfied,4,Satisfied,4,Satisfied,4,Satisfied,4,Satisfied,4,Satisfied,4,No,No,Disagree,Agree,,Disagree,Agree,Disagree,41.4543,-71.194801,2837,2,8,12,12,0
2013,2012-13,Complete,"Wanchese, NC","Wanchese, NC","Wanchese, NC",Monkfish,Other,Other,Other,Other,25 to 34,34,Associate's/two-year degree,Associate's/two-year degree,White,White,No,"$30,000 - $39,999","$30,000 - $59,999",Spouse/partner,Insured,Married,Married,U.S.,English,Yes,3,3rd gen,8,5 to 15,8,1,One owner,Deckhand,4,Less than 5,Previous work,Very easy,1,1 day,12,9 to 14 hours,2,1 to 2 members,Owner-operated,Deckhand,Deckhand,1,Share system,Share,70,30,DK/NA,DK/NA,DK/NA,DK/NA,DK/NA,DK/NA,DK/NA,Very Dissatisfied,1,Very Dissatisfied,1,Dissatisfied,2,Satisfied,4,Satisfied,4,Dissatisfied,2,Very Satisfied,5,Very Satisfied,5,Satisfied,4,No,Yes,Disagree,Agree,,Strongly Agree,Strongly Disagree,Strongly Agree,35.842701,-75.638496,27981,10,4,10,14,0.53377718
2013,2012-13,Complete,"Wanchese, NC","Wanchese, NC","Wanchese, NC",Monkfish,Other,Other,Other,Other,35 to 44,36,Associate's/two-year degree,Associate's/two-year degree,White,White,No,"$40,000 - $49,999","$30,000 - $59,999",Private insurance,Insured,Married,Married,U.S.,English,No,3,3rd gen,17,16 to 29,17,1,One owner,Deckhand,5,5 to 15,Previous work,Easy,1,1 day,9,9 to 14 hours,2,1 to 2 members,Owner-operated,Deckhand,Deckhand,1,Share system,Share,70,30,DK/NA,DK/NA,DK/NA,DK/NA,DK/NA,DK/NA,DK/NA,Satisfied,4,Satisfied,4,Satisfied,4,Satisfied,4,Satisfied,4,Satisfied,4,Very Satisfied,5,Very Satisfied,5,Satisfied,4,Yes,Yes,Strongly Disagree,Disagree,Yes,,,,35.842701,-75.638496,27981,10,12,12,14,0.53377718
2013,2012-13,Complete,"Beaufort, NC","Morehead City, NC","Beaufort, NC",Other,Other,Other,Other,Other,25 to 34,33,Associate's/two-year degree,Associate's/two-year degree,White,White,No,"$40,000 - $49,999","$30,000 - $59,999",Spouse/partner,Insured,Never Married,Other/Single,U.S.,English,Yes,4,4th gen or greater,32,30 or more,32,1,One owner,Deckhand,10,5 to 15,,Very difficult,1,1 day,12,9 to 14 hours,2,1 to 2 members,Owner-operated,Captain,Captain,0,Multiple payment systems,Other,34,66,DK/NA,DK/NA,DK/NA,DK/NA,DK/NA,DK/NA,DK/NA,Neutral,3,Neutral,3,Neutral,3,Neutral,3,Neutral,3,Neutral,3,Neutral,3,Neutral,3,Dissatisfied,2,No,Yes,Strongly Agree,Strongly Agree,,Strongly Agree,Strongly Disagree,Agree,34.7229,-76.725998,28557,4,9,9,8,0.057275034
2013,2012-13,Complete,"Seabrook, NH","Seabrook, NH","Seaford, VA",Other,Other,Other,Other,Other,25 to 34,25,HS or equivalent,HS or equivalent,White,White,No,"$20,000 - $29,999","Less than $30,000",Not insured,Not insured,Living with partner,Other/Single,U.S.,English,Yes,2,2nd gen,9,5 to 15,9,1,One owner,Deckhand,9,5 to 15,Previous work,Easy,1,1 day,15,15 to 17 hours,2,1 to 2 members,Hired Captain,Deckhand,Deckhand,1,Share system,Share,80,20,No,No,No,Yes,No,No,No,Dissatisfied,2,Dissatisfied,2,Satisfied,4,Dissatisfied,2,Dissatisfied,2,Dissatisfied,2,Satisfied,4,Satisfied,4,Satisfied,4,No,No,Agree,Agree,No,,,,42.890999,-70.865501,3844,1,8,6,12,-0.27508262
2013,2012-13,Complete,"Portland, ME","Yarmouth, ME","Yarmouth, ME",Other,Other,Other,Other,Other,Under 25,23,HS or equivalent,HS or equivalent,White,White,No,"$30,000 - $39,999","$30,000 - $59,999",Spouse/partner,Insured,Married,Married,U.S.,English,No,1,1st gen,2,Less than 5,2,1,One owner,Deckhand,2,Less than 5,,Very easy,1,1 day,5,8 hours or less,2,1 to 2 members,Owner-operated,Deckhand,Deckhand,1,Share system,Share,80,20,DK/NA,DK/NA,DK/NA,DK/NA,DK/NA,DK/NA,DK/NA,Satisfied,4,Dissatisfied,2,Satisfied,4,Satisfied,4,Satisfied,4,Satisfied,4,Satisfied,4,Satisfied,4,Satisfied,4,Yes,Don't know,Agree,Disagree,,Disagree,Disagree,Agree,43.801102,-70.187897,4096,1,10,12,12,0.069422498
2013,2012-13,Complete,"Oriental, NC","McClellanville, SC","McClellanville, SC",Oyster,Other,Other,Other,Other,45 to 54,45,HS or equivalent,HS or equivalent,White,White,No,"$40,000 - $49,999","$30,000 - $59,999",Private insurance,Insured,Never Married,Other/Single,U.S.,English,Yes,3,3rd gen,30,30 or more,30,1,One owner,Deckhand,0,Less than 5,Previous work,Easy,7,5 to 7 days,17,15 to 17 hours,2,1 to 2 members,Owner-operated,Multiple Positions,Multiple Positions,1,Share system,Share,60,40,No,No,No,Yes,No,No,No,Satisfied,4,Dissatisfied,2,Very Satisfied,5,Dissatisfied,2,Dissatisfied,2,Very Satisfied,5,Very Satisfied,5,Dissatisfied,2,Neutral,3,Yes,Yes,Disagree,Agree,Yes,,,,33.088001,-79.4673,29458,2,11,9,10,0.13624464
2013,2012-13,Complete,"Oyster, VA","Oyster, VA","Minceville, VA",Oyster,Other,Other,Other,Other,25 to 34,30,Less than HS,Less than HS,White,White,No,"Less than $10,000","Less than $30,000",Spouse/partner,Insured,Separated,Other/Single,U.S.,English,Yes,4,4th gen or greater,17,16 to 29,17,1,One owner,Deckhand,17,16 to 29,Related to owner,Very easy,1,1 day,8,8 hours or less,2,1 to 2 members,Owner-operated,Mate,Other,1,Share system,Share,75,25,Yes,No,No,No,No,No,No,Very Dissatisfied,1,Very Dissatisfied,1,Satisfied,4,Very Dissatisfied,1,Satisfied,4,Dissatisfied,2,Very Satisfied,5,Satisfied,4,Very Satisfied,5,No,Yes,Strongly Disagree,Strongly Disagree,No,,,,37.286499,-75.922401,23310,10,6,7,14,0.027262686
2013,2012-13,Complete,"Newport News, VA","Resue, VA","Rockland, ME",Oyster,Other,Other,Other,Other,45 to 54,54,HS or equivalent,HS or equivalent,White,White,No,"$70,000 - $79,999","$60,000 - $89,999",Not insured,Not insured,Married,Married,U.S.,English,Yes,5,4th gen or greater,41,30 or more,41,5,Four or more,Other,12,5 to 15,Previous work,Very difficult,1,1 day,6,8 hours or less,2,1 to 2 members,Owner-operated,Captain,Captain,0,Share system,Share,50,50,No,No,No,No,No,No,Yes,Satisfied,4,Very Dissatisfied,1,Satisfied,4,Satisfied,4,Dissatisfied,2,Very Dissatisfied,1,Very Satisfied,5,Satisfied,4,Satisfied,4,No,Yes,Disagree,Agree,,Strongly Agree,Strongly Disagree,Strongly Agree,36.996601,-76.553902,23314,1,9,7,13,-0.24072821
2013,2012-13,Complete,"Cape May, NJ","Atlantic City, NJ","Atlantic City, NJ",Scallop,Scallop,Other,Other,Scallop,45 to 54,50,HS or equivalent,HS or equivalent,White,White,No,"$120,000 or more","$120,000 or more",Not insured,Not insured,Living with partner,Other/Single,U.S.,English,No,,,15,5 to 15,15,1,One owner,Deckhand,3,Less than 5,Previous work,Very easy,1,1 day,12,9 to 14 hours,4,3 to 5 members,Owner-operated,Mate,Other,1,Per trip,Other,,,DK/NA,DK/NA,DK/NA,DK/NA,DK/NA,DK/NA,DK/NA,Very Satisfied,5,Very Satisfied,5,Very Satisfied,5,Satisfied,4,Satisfied,4,Neutral,3,Very Satisfied,5,Very Satisfied,5,Very Satisfied,5,Yes,Yes,Strongly Disagree,Strongly Agree,No,,,,39.3643,-74.422897,8401,1,15,11,15,-0.53189749
2013,2012-13,Complete,"Cape May, NJ","Atlantic City, NJ","Atlantic City, NJ",Scallop,Scallop,Other,Other,Scallop,35 to 44,39,Less than HS,Less than HS,White,White,No,,,Not insured,Not insured,Married,Married,U.S.,English,Yes,3,3rd gen,25,16 to 29,25,1,One owner,Deckhand,3,Less than 5,Word of mouth,Very easy,1,1 day,20,18 hours or more,3,3 to 5 members,Owner-operated,Captain,Captain,0,Per trip,Other,,,DK/NA,DK/NA,DK/NA,DK/NA,DK/NA,DK/NA,DK/NA,Neutral,3,Neutral,3,Satisfied,4,Very Dissatisfied,1,Neutral,3,Neutral,3,Very Satisfied,5,Very Satisfied,5,Very Satisfied,5,Yes,Yes,Strongly Disagree,Strongly Disagree,,Disagree,Neutral,Agree,39.3643,-74.422897,8401,1,10,7,15,-0.53189749
2013,2012-13,Complete,"Cape May, NJ","Atlantic City, NJ","Atlantic City, NJ",Scallop,Scallop,Other,Other,Scallop,Under 25,19,HS or equivalent,HS or equivalent,White,White,No,"$40,000 - $49,999","$30,000 - $59,999",DK/NA (source),Insured,Never Married,Other/Single,U.S.,English,No,1,1st gen,3,Less than 5,3,3,Three owners,Deckhand,0,Less than 5,Referred by a friend,Very easy,1,1 day,20,18 hours or more,3,3 to 5 members,Owner-operated,Deckhand,Deckhand,1,Per trip,Other,,,DK/NA,DK/NA,DK/NA,DK/NA,DK/NA,DK/NA,DK/NA,Very Satisfied,5,Very Satisfied,5,Neutral,3,Dissatisfied,2,Dissatisfied,2,Satisfied,4,Satisfied,4,Satisfied,4,Neutral,3,Yes,Yes,Neutral,Neutral,No,,,,39.3643,-74.422897,8401,1,13,8,11,-0.53189749
2013,2012-13,Complete,"Cape May, NJ","Atlantic City, NJ","Atlantic City, NJ",Scallop,Scallop,Other,Other,Scallop,25 to 34,28,HS or equivalent,HS or equivalent,White,White,No,"$60,000 - $69,999","$60,000 - $89,999",Not insured,Not insured,Never Married,Other/Single,U.S.,DK/NA,No,1,1st gen,2,Less than 5,2,1,One owner,Deckhand,20,16 to 29,Referred by a friend,Very easy,1,1 day,20,18 hours or more,3,3 to 5 members,Owner-operated,Deckhand,Deckhand,1,Per trip,Other,,,DK/NA,DK/NA,DK/NA,DK/NA,DK/NA,DK/NA,DK/NA,Satisfied,4,Satisfied,4,Satisfied,4,Dissatisfied,2,Neutral,3,Neutral,3,Satisfied,4,Satisfied,4,Satisfied,4,Yes,Don't know,Agree,Agree,,Disagree,DK/NA,Agree,39.3643,-74.422897,8401,1,12,8,12,-0.53189749
2013,2012-13,Complete,"Cape May, NJ","Barnegat Light, NJ","Barnegat Light, NJ",Scallop,Scallop,Other,Other,Scallop,35 to 44,42,HS or equivalent,HS or equivalent,White,White,No,"$30,000 - $39,999","$30,000 - $59,999",Not insured,Not insured,Married,Married,U.S.,English,No,2,2nd gen,23,16 to 29,23,1,One owner,Deckhand,3,Less than 5,Word of mouth,Neither easy nor difficult,3,2 to 4 days,9,9 to 14 hours,3,3 to 5 members,Hired Captain,Deckhand,Deckhand,1,Per trip,Other,,,DK/NA,DK/NA,DK/NA,DK/NA,DK/NA,DK/NA,DK/NA,Satisfied,4,Neutral,3,Very Satisfied,5,Neutral,3,Satisfied,4,Dissatisfied,2,Very Satisfied,5,Satisfied,4,Satisfied,4,Yes,Yes,Disagree,Agree,,DK/NA,Agree,Disagree,39.757599,-74.106201,8006,1,12,9,13,-0.33928156
2013,2012-13,Complete,"Newport News, VA","Cape May, NJ","Cape May, NJ",Scallop,Scallop,Other,Other,Scallop,Under 25,22,Less than HS,Less than HS,White,White,No,"$70,000 - $79,999","$60,000 - $89,999",Other,Insured,Never Married,Other/Single,U.S.,English,Yes,1,1st gen,4,Less than 5,4,2,Two owners,Deckhand,2,Less than 5,Previous work,Neither easy nor difficult,9,More than 7 days,18,18 hours or more,7,6 or more members,Hired Captain,Deckhand,Deckhand,1,Share system,Share,40,60,Yes,Yes,No,Yes,Yes,No,Yes,Very Satisfied,5,Satisfied,4,Neutral,3,Satisfied,4,Neutral,3,Neutral,3,Very Satisfied,5,Very Satisfied,5,Neutral,3,Yes,Yes,Disagree,Agree,,Agree,Neutral,Agree,38.935101,-74.905998,8204,1,12,10,13,-0.005133186
2013,2012-13,Complete,"Cape May, NJ","Cape May, NJ","Cape May, NJ",Scallop,Scallop,Other,Other,Scallop,45 to 54,53,HS or equivalent,HS or equivalent,White,White,No,"$120,000 or more","$120,000 or more",Private insurance,Insured,Married,Married,U.S.,English,Yes,1,1st gen,32,30 or more,32,1,One owner,Cook,30,30 or more,Word of mouth,Difficult,8,More than 7 days,18,18 hours or more,7,6 or more members,Hired Captain,Captain,Captain,0,Share system,Share,45,55,Yes,No,No,Yes,No,No,No,Dissatisfied,2,Dissatisfied,2,Satisfied,4,Satisfied,4,Dissatisfied,2,Dissatisfied,2,Very Satisfied,5,Very Satisfied,5,Dissatisfied,2,Yes,No,Disagree,Disagree,Yes,,,,38.935101,-74.905998,8204,1,8,8,12,-0.005133186
2013,2012-13,Complete,"Cape May, NJ","Cape May, NJ","Cape May, NJ",Scallop,Scallop,Other,Other,Scallop,25 to 34,27,Bachelor's/four year degree,Bachelor's/four year degree,White,White,No,"$120,000 or more","$120,000 or more",Private insurance,Insured,Never Married,Other/Single,U.S.,English,No,4,4th gen or greater,6,5 to 15,6,1,One owner,Deckhand,4,Less than 5,Referred by a friend,Easy,10,More than 7 days,18,18 hours or more,7,6 or more members,Owner-operated,Deckhand,Deckhand,1,Share system,Share,44,56,Yes,No,No,Yes,No,No,No,Satisfied,4,Satisfied,4,Very Satisfied,5,Very Dissatisfied,1,Dissatisfied,2,Dissatisfied,2,Neutral,3,Neutral,3,Dissatisfied,2,Yes,No,Disagree,Disagree,No,,,,38.935101,-74.905998,8204,1,13,5,8,-0.005133186
2013,2012-13,Complete,"Cape May, NJ","Cape May, NJ","Cape May, NJ",Scallop,Scallop,Other,Other,Scallop,35 to 44,35,HS or equivalent,HS or equivalent,White,White,No,"$90,000 - $99,999","$90,000 - $119,999",Employer (vessel),Insured,Married,Married,U.S.,English,No,1,1st gen,18,16 to 29,18,1,One owner,Deckhand,4,Less than 5,Previous work,Very easy,7,5 to 7 days,17,15 to 17 hours,7,6 or more members,Hired Captain,Captain,Captain,0,Share system,Share,47,53,Yes,Yes,No,No,Yes,No,No,Dissatisfied,2,Dissatisfied,2,Neutral,3,Neutral,3,Neutral,3,Satisfied,4,Satisfied,4,Very Satisfied,5,Very Satisfied,5,No,Yes,Strongly Disagree,Agree,,Strongly Disagree,Neutral,Agree,38.935101,-74.905998,8204,1,7,10,14,-0.005133186
2013,2012-13,Complete,"Newport News, VA","Cape May, NJ","Cape May, NJ",Scallop,Scallop,Other,Other,Scallop,35 to 44,35,HS or equivalent,HS or equivalent,White,White,No,"$70,000 - $79,999","$60,000 - $89,999",Private insurance,Insured,Divorced,Other/Single,U.S.,English,Yes,3,3rd gen,17,16 to 29,17,2,Two owners,Deckhand,4,Less than 5,Previous work,Very easy,9,More than 7 days,18,18 hours or more,7,6 or more members,Hired Captain,Deckhand,Deckhand,1,Share system,Share,45,55,Yes,Yes,No,Yes,No,No,Yes,Very Satisfied,5,Satisfied,4,Satisfied,4,Neutral,3,Neutral,3,Dissatisfied,2,Very Satisfied,5,Satisfied,4,Satisfied,4,No,Yes,Strongly Disagree,Neutral,,Strongly Agree,DK/NA,Neutral,38.935101,-74.905998,8204,1,13,8,13,-0.005133186
2013,2012-13,Complete,"Cape May, NJ","Cape May, NJ","Cape May, NJ",Scallop,Scallop,Other,Other,Scallop,35 to 44,36,HS or equivalent,HS or equivalent,White,White,No,"$90,000 - $99,999","$90,000 - $119,999",Not insured,Not insured,Married,Married,U.S.,English,Yes,3,3rd gen,21,16 to 29,21,1,One owner,Deckhand,1,Less than 5,Word of mouth,Very easy,5,5 to 7 days,16,15 to 17 hours,5,3 to 5 members,Owner-operated,Deckhand,Deckhand,1,Share system,Share,50,50,Yes,No,No,Yes,No,No,No,Satisfied,4,Dissatisfied,2,Very Satisfied,5,Satisfied,4,Neutral,3,Very Satisfied,5,Very Satisfied,5,Very Satisfied,5,Satisfied,4,No,Yes,Disagree,Neutral,,Disagree,Agree,Strongly Agree,38.935101,-74.905998,8204,1,11,12,14,-0.005133186
2013,2012-13,Complete,"Cape May, NJ","Cape May, NJ","Cape May, NJ",Scallop,Scallop,Other,Other,Scallop,25 to 34,26,HS or equivalent,HS or equivalent,White,White,No,"$120,000 or more","$120,000 or more",Employer (vessel),Insured,Married,Married,U.S.,English,Yes,1,1st gen,4,Less than 5,4,1,One owner,Deckhand,4,Less than 5,Referred by a friend,Very easy,9,More than 7 days,18,18 hours or more,7,6 or more members,Owner-operated,Deckhand,Deckhand,1,Share system,Share,42,58,Yes,No,No,Yes,Yes,No,No,Satisfied,4,Satisfied,4,Very Satisfied,5,Satisfied,4,Dissatisfied,2,Dissatisfied,2,Satisfied,4,Satisfied,4,Dissatisfied,2,No,No,Neutral,Agree,,Agree,Neutral,Agree,38.935101,-74.905998,8204,1,13,8,10,-0.005133186
2013,2012-13,Complete,"Oyster, VA","Cape May, NJ","Cape May, NJ",Scallop,Scallop,Other,Other,Scallop,35 to 44,36,Less than HS,Less than HS,American Indian/Alaska Native,Non-White,No,"$40,000 - $49,999","$30,000 - $59,999",Private insurance,Insured,Married,Married,U.S.,English,Yes,5,4th gen or greater,17,16 to 29,17,5,Four or more,Deckhand,3,Less than 5,Previous work,Very easy,11,More than 7 days,18,18 hours or more,6,6 or more members,Hired Captain,Deckhand,Deckhand,1,Share system,Share,60,40,Yes,Yes,No,Yes,Yes,No,Yes,Very Dissatisfied,1,Very Dissatisfied,1,Neutral,3,Very Dissatisfied,1,Dissatisfied,2,Dissatisfied,2,Very Satisfied,5,Very Dissatisfied,1,Very Satisfied,5,No,Yes,Strongly Disagree,Strongly Disagree,Yes,,,,38.935101,-74.905998,8204,1,5,5,11,-0.005133186
2013,2012-13,Complete,"Cape May, NJ","Cape May, NJ","Cape May, NJ",Scallop,Scallop,Other,Other,Scallop,55 or older,55,HS or equivalent,HS or equivalent,White,White,No,"$120,000 or more","$120,000 or more",Private insurance,Insured,Married,Married,U.S.,English,Yes,1,1st gen,37,30 or more,37,2,Two owners,Deckhand,25,16 to 29,Previous work,Very easy,8,More than 7 days,15,15 to 17 hours,7,6 or more members,Owner-operated,Multiple Positions,Multiple Positions,1,Share system,Share,44,56,Yes,Yes,No,Yes,Yes,No,No,Very Satisfied,5,Satisfied,4,Very Satisfied,5,Very Satisfied,5,Very Dissatisfied,1,Very Dissatisfied,1,Very Satisfied,5,Very Satisfied,5,Very Satisfied,5,Yes,Yes,Disagree,Agree,Yes,,,,38.935101,-74.905998,8204,1,14,7,15,-0.005133186
2013,2012-13,Complete,"Oyster, VA","Cape May, NJ","Cape May, NJ",Scallop,Scallop,Other,Other,Scallop,55 or older,65,Associate's/two-year degree,Associate's/two-year degree,White,White,No,"Less than $10,000","Less than $30,000",Fed or state insurance,Insured,Divorced,Other/Single,U.S.,English,Yes,2,2nd gen,40,30 or more,40,1,One owner,Deckhand,3,Less than 5,,Very easy,3,2 to 4 days,12,9 to 14 hours,4,3 to 5 members,Owner-operated,Other,Other,1,Share system,Share,50,50,DK/NA,DK/NA,DK/NA,DK/NA,DK/NA,DK/NA,DK/NA,Very Dissatisfied,1,Very Dissatisfied,1,Satisfied,4,Satisfied,4,Satisfied,4,Satisfied,4,Very Satisfied,5,Very Satisfied,5,Very Satisfied,5,Yes,Yes,Strongly Disagree,Disagree,Yes,,,,38.935101,-74.905998,8204,1,6,12,15,-0.005133186
2013,2012-13,Complete,"Cape May, NJ","Cape May, NJ","Cape May, NJ",Scallop,Scallop,Other,Other,Scallop,45 to 54,49,Less than HS,Less than HS,Black,Non-White,No,"$60,000 - $69,999","$60,000 - $89,999",Fed or state insurance,Insured,Married,Married,U.S.,English,No,1,1st gen,20,16 to 29,20,1,One owner,Deckhand,8,5 to 15,Referred by a friend,Difficult,9,More than 7 days,15,15 to 17 hours,7,6 or more members,Owner-operated,Deckhand,Deckhand,1,Share system,Share,60,40,Yes,No,No,Yes,No,No,No,Satisfied,4,Dissatisfied,2,Satisfied,4,Satisfied,4,Dissatisfied,2,Dissatisfied,2,Very Satisfied,5,Very Satisfied,5,Dissatisfied,2,No,Yes,Disagree,Disagree,,Agree,Disagree,Agree,38.935101,-74.905998,8204,1,10,8,12,-0.005133186
2013,2012-13,Complete,"Newport News, VA","Cape May, NJ","Cape May, NJ",Scallop,Scallop,Other,Other,Scallop,55 or older,55,Bachelor's/four year degree,Bachelor's/four year degree,Some other race,Non-White,Yes,"$120,000 or more","$120,000 or more",Private insurance,Insured,Married,Married,Outside U.S.,Spanish,No,1,1st gen,32,30 or more,32,1,One owner,Deckhand,1,Less than 5,,Very easy,7,5 to 7 days,18,18 hours or more,7,6 or more members,Hired Captain,Captain,Captain,0,Share system,Share,45,55,Yes,Yes,No,Yes,No,No,Yes,Satisfied,4,Dissatisfied,2,Satisfied,4,Satisfied,4,Neutral,3,Neutral,3,Satisfied,4,Satisfied,4,Satisfied,4,Yes,Yes,Disagree,Agree,Yes,,,,38.935101,-74.905998,8204,1,10,10,12,-0.005133186
2013,2012-13,Complete,"Cape May, NJ","Cape May, NJ","Cape May, NJ",Scallop,Scallop,Other,Other,Scallop,35 to 44,42,Associate's/two-year degree,Associate's/two-year degree,White,White,No,"$40,000 - $49,999","$30,000 - $59,999",Fed or state insurance,Insured,Married,Married,U.S.,English,No,1,1st gen,18,16 to 29,18,1,One owner,Deckhand,2,Less than 5,Word of mouth,Easy,5,5 to 7 days,24,18 hours or more,3,3 to 5 members,Hired Captain,Mate,Other,1,Share system,Share,60,40,Yes,Yes,No,No,No,No,No,Dissatisfied,2,Neutral,3,Very Satisfied,5,Neutral,3,Neutral,3,Satisfied,4,Very Satisfied,5,Very Satisfied,5,Neutral,3,Yes,Yes,Strongly Agree,Strongly Agree,Yes,,,,38.935101,-74.905998,8204,1,10,10,13,-0.005133186
2013,2012-13,Complete,"Cape May, NJ","Cape May, NJ","Cape May, NJ",Scallop,Scallop,Other,Other,Scallop,35 to 44,41,Less than HS,Less than HS,White,White,No,"$40,000 - $49,999","$30,000 - $59,999",Spouse/partner,Insured,Married,Married,U.S.,English,No,1,1st gen,20,16 to 29,20,2,Two owners,Deckhand,10,5 to 15,Referred by a friend,Difficult,8,More than 7 days,16,15 to 17 hours,5,3 to 5 members,Hired Captain,Deckhand,Deckhand,1,Share system,Share,60,40,No,No,No,Yes,Yes,No,No,Satisfied,4,Very Satisfied,5,Satisfied,4,Neutral,3,Neutral,3,Neutral,3,Very Satisfied,5,Very Satisfied,5,DK/NA,,No,Yes,Disagree,Disagree,No,,,,38.935101,-74.905998,8204,1,13,9,,-0.005133186
2013,2012-13,Complete,"Newport News, VA","Cape May, NJ","Cape May, NJ",Scallop,Scallop,Other,Other,Scallop,25 to 34,32,HS or equivalent,HS or equivalent,White,White,No,"$70,000 - $79,999","$60,000 - $89,999",Not insured,Not insured,Never Married,Other/Single,U.S.,English,No,2,2nd gen,12,5 to 15,12,2,Two owners,Deckhand,2,Less than 5,Previous work,Very easy,7,5 to 7 days,18,18 hours or more,7,6 or more members,Hired Captain,Multiple Positions,Multiple Positions,1,Share system,Share,50,50,Yes,Yes,No,Yes,No,No,Yes,Very Satisfied,5,Satisfied,4,Neutral,3,Dissatisfied,2,Dissatisfied,2,Dissatisfied,2,Satisfied,4,Satisfied,4,Very Satisfied,5,Yes,Don't know,Disagree,Strongly Disagree,No,,,,38.935101,-74.905998,8204,1,12,6,13,-0.005133186
2013,2012-13,Complete,"Cape May, NJ","Cape May, NJ","Cape May, NJ",Scallop,Scallop,Other,Other,Scallop,35 to 44,40,HS or equivalent,HS or equivalent,White,White,No,"$90,000 - $99,999","$90,000 - $119,999",Not insured,Not insured,Married,Married,U.S.,English,Yes,1,1st gen,27,16 to 29,27,3,Three owners,Deckhand,3,Less than 5,Word of mouth,Easy,10,More than 7 days,18,18 hours or more,5,3 to 5 members,Hired Captain,Captain,Captain,0,Share system,Share,50,50,Yes,No,No,Yes,No,No,No,Dissatisfied,2,Neutral,3,Satisfied,4,Dissatisfied,2,Satisfied,4,Dissatisfied,2,Very Satisfied,5,Very Satisfied,5,Very Satisfied,5,No,Yes,Strongly Disagree,Agree,Yes,,,,38.935101,-74.905998,8204,1,9,8,15,-0.005133186
2013,2012-13,Complete,"Cape May, NJ","Cape May, NJ","Cape May, NJ",Scallop,Scallop,Other,Other,Scallop,25 to 34,28,HS or equivalent,HS or equivalent,Multiracial,Non-White,No,"$80,000 - $89,999","$60,000 - $89,999",Not insured,Not insured,Living with partner,Other/Single,U.S.,English,No,1,1st gen,7,5 to 15,7,1,One owner,Deckhand,6,5 to 15,Referred by a friend,Difficult,4,2 to 4 days,18,18 hours or more,5,3 to 5 members,Hired Captain,Deckhand,Deckhand,1,Share system,Share,42,58,No,No,No,No,No,No,Yes,Satisfied,4,Satisfied,4,Satisfied,4,Satisfied,4,Satisfied,4,Satisfied,4,Very Satisfied,5,Very Satisfied,5,Satisfied,4,Yes,Yes,Strongly Disagree,Strongly Disagree,,Agree,Neutral,Neutral,38.935101,-74.905998,8204,1,12,12,14,-0.005133186
2013,2012-13,Complete,"Cape May, NJ","Cape May, NJ","Cape May, NJ",Scallop,Scallop,Other,Other,Scallop,25 to 34,26,HS or equivalent,HS or equivalent,White,White,No,"$120,000 or more","$120,000 or more",Spouse/partner,Insured,Married,Married,U.S.,English,Yes,2,2nd gen,7,5 to 15,7,1,One owner,Deckhand,7,5 to 15,Related to owner,Very easy,8,More than 7 days,16,15 to 17 hours,7,6 or more members,Owner-operated,Engine Mechanic,Other,1,Share system,Share,46,54,Yes,No,No,Yes,Yes,No,No,Satisfied,4,Satisfied,4,Satisfied,4,Dissatisfied,2,Dissatisfied,2,Satisfied,4,Satisfied,4,Satisfied,4,Neutral,3,Yes,Yes,Disagree,Agree,,Agree,DK/NA,Agree,38.935101,-74.905998,8204,1,12,8,11,-0.005133186
2013,2012-13,Complete,"Cape May, NJ","Cape May, NJ",No answer,Scallop,Scallop,Other,Other,Scallop,45 to 54,52,HS or equivalent,HS or equivalent,White,White,No,"$120,000 or more","$120,000 or more",Private insurance,Insured,Married,Married,U.S.,English,Yes,1,1st gen,35,30 or more,35,1,One owner,Deckhand,18,16 to 29,Previous work,Very easy,10,More than 7 days,19,18 hours or more,7,6 or more members,Hired Captain,Captain,Captain,0,Share system,Share,45,55,Yes,Yes,No,Yes,Yes,No,Yes,Very Satisfied,5,Dissatisfied,2,Satisfied,4,Neutral,3,Neutral,3,Dissatisfied,2,Very Satisfied,5,Very Satisfied,5,Very Satisfied,5,No,Yes,Strongly Disagree,Agree,Yes,,,,38.935101,-74.905998,8204,1,11,8,15,-0.005133186
2013,2012-13,Complete,"Cape May, NJ","Cape May, NJ","Cape May, NJ",Scallop,Scallop,Other,Other,Scallop,25 to 34,25,HS or equivalent,HS or equivalent,White,White,No,"$70,000 - $79,999","$60,000 - $89,999",DK/NA (source),Insured,Never Married,Other/Single,U.S.,English,Yes,3,3rd gen,7,5 to 15,7,1,One owner,Deckhand,6,5 to 15,Previous work,Very easy,7,5 to 7 days,18,18 hours or more,7,6 or more members,Hired Captain,Mate,Other,1,Per trip,Other,,,DK/NA,DK/NA,DK/NA,DK/NA,DK/NA,DK/NA,DK/NA,Very Dissatisfied,1,Very Dissatisfied,1,Very Dissatisfied,1,Very Dissatisfied,1,Neutral,3,Very Satisfied,5,Very Satisfied,5,Very Satisfied,5,Very Satisfied,5,No,Yes,Disagree,Strongly Disagree,No,,,,38.935101,-74.905998,8204,1,3,9,15,-0.005133186
2013,2012-13,Complete,"Plymouth, MA","Chatham, MA","Chatham, MA",Scallop,Scallop,Other,Other,Scallop,45 to 54,53,HS or equivalent,HS or equivalent,White,White,No,"$60,000 - $69,999","$60,000 - $89,999",Private insurance,Insured,Married,Married,U.S.,English,Yes,4,4th gen or greater,42,30 or more,42,1,One owner,Deckhand,1,Less than 5,Referred by a friend,Very easy,1,1 day,13,9 to 14 hours,4,3 to 5 members,Owner-operated,Deckhand,Deckhand,1,Share system,Share,,,DK/NA,DK/NA,DK/NA,DK/NA,DK/NA,DK/NA,DK/NA,Satisfied,4,Satisfied,4,Satisfied,4,Satisfied,4,Satisfied,4,Neutral,3,Neutral,3,Neutral,3,Neutral,3,No,Yes,Disagree,Agree,No,,,,41.682098,-69.959801,2633,1,12,11,9,0.28912377
2013,2012-13,Complete,"Newport News, VA","Chincoteague, VA","Chincoteague, VA",Scallop,Scallop,Other,Other,Scallop,45 to 54,47,HS or equivalent,HS or equivalent,Some other race,Non-White,Yes,"$50,000 - $59,999","$30,000 - $59,999",Not insured,Not insured,Divorced,Other/Single,U.S.,English,No,1,1st gen,24,16 to 29,24,1,One owner,Deckhand,6,5 to 15,Previous work,Very easy,8,More than 7 days,18,18 hours or more,5,3 to 5 members,Hired Captain,Mate,Other,1,Share system,Share,40,60,Yes,Yes,No,Yes,Yes,No,No,Dissatisfied,2,Dissatisfied,2,Dissatisfied,2,Very Dissatisfied,1,Very Dissatisfied,1,Dissatisfied,2,Very Satisfied,5,Very Satisfied,5,Satisfied,4,No,No,Strongly Disagree,Strongly Agree,,Strongly Agree,Strongly Disagree,Strongly Agree,37.933201,-75.378799,23336,10,6,4,14,0.22265321
2013,2012-13,Complete,"Newport News, VA","Engelhard, NC","Point Pleasant, NJ",Scallop,Scallop,Other,Other,Scallop,35 to 44,40,HS or equivalent,HS or equivalent,White,White,No,"$80,000 - $89,999","$60,000 - $89,999",Private insurance,Insured,Never Married,Other/Single,U.S.,English,No,1,1st gen,25,16 to 29,25,1,One owner,Deckhand,10,5 to 15,Previous work,Very easy,1,1 day,16,15 to 17 hours,4,3 to 5 members,Owner-operated,Deckhand,Deckhand,1,Share system,Share,70,30,No,No,No,Yes,No,No,No,Neutral,3,Satisfied,4,Very Satisfied,5,Dissatisfied,2,Neutral,3,Neutral,3,Very Satisfied,5,Very Satisfied,5,Very Satisfied,5,No,Yes,Strongly Disagree,Agree,,Strongly Agree,Strongly Disagree,Strongly Agree,35.509701,-75.996101,27824,10,12,8,15,0.07452397
2013,2012-13,Complete,"Newport News, VA","Engelhard, NC","Point Pleasant, NJ",Scallop,Scallop,Other,Other,Scallop,45 to 54,45,HS or equivalent,HS or equivalent,White,White,No,,,Not insured,Not insured,Never Married,Other/Single,U.S.,English,Yes,2,2nd gen,35,30 or more,35,1,One owner,Deckhand,7,5 to 15,Previous work,Very easy,1,1 day,16,15 to 17 hours,4,3 to 5 members,Owner-operated,Multiple Positions,Multiple Positions,1,Share system,Share,70,30,No,No,No,Yes,No,No,No,Dissatisfied,2,Dissatisfied,2,Dissatisfied,2,Very Dissatisfied,1,Neutral,3,Neutral,3,Satisfied,4,Neutral,3,Dissatisfied,2,No,No,Strongly Agree,Strongly Agree,,Strongly Agree,Disagree,Strongly Agree,35.509701,-75.996101,27824,10,6,7,9,0.07452397
2013,2012-13,Complete,"Plymouth, MA","Hyannis, MA","New Gloucester, ME",Scallop,Scallop,Other,Other,Scallop,55 or older,56,Associate's/two-year degree,Associate's/two-year degree,White,White,No,"$100,000 - $119,999","$90,000 - $119,999",Spouse/partner,Insured,Married,Married,U.S.,English,No,8,4th gen or greater,34,30 or more,34,2,Two owners,Deckhand,1,Less than 5,Referred by a friend,Very easy,10,More than 7 days,10,9 to 14 hours,7,6 or more members,Hired Captain,Multiple Positions,Multiple Positions,1,Share system,Share,50,50,No,No,No,No,No,No,Yes,Very Satisfied,5,Neutral,3,Satisfied,4,Very Dissatisfied,1,Dissatisfied,2,Dissatisfied,2,Dissatisfied,2,Dissatisfied,2,Dissatisfied,2,Yes,Yes,Strongly Agree,Strongly Agree,No,,,,37.0299,-76.3452,2601,1,12,5,6,0.3224192
2013,2012-13,Complete,"Newport News, VA","Jones Inlet, NY","Jones Inlet, NY",Scallop,Scallop,Other,Other,Scallop,25 to 34,31,HS or equivalent,HS or equivalent,Black,Non-White,No,"$40,000 - $49,999","$30,000 - $59,999",Other,Insured,Never Married,Other/Single,U.S.,English,Yes,3,3rd gen,16,16 to 29,16,4,Four or more,Deckhand,5,5 to 15,Related to non-owner,Very easy,1,1 day,7,8 hours or less,4,3 to 5 members,Owner-operated,Deckhand,Deckhand,1,Share system,Share,50,50,Yes,Yes,No,Yes,No,No,No,Dissatisfied,2,Satisfied,4,Neutral,3,Very Dissatisfied,1,Neutral,3,Satisfied,4,Very Satisfied,5,Satisfied,4,Neutral,3,No,Yes,Disagree,Agree,,Agree,Strongly Disagree,Strongly Agree,40.6106,-73.444504,13360,10,9,8,12,0.20293041
2013,2012-13,Complete,"Beaufort, NC","New Bedford, MA","New Gloucester, ME",Scallop,Scallop,Other,Other,Scallop,Under 25,22,Less than HS,Less than HS,White,White,No,"$40,000 - $49,999","$30,000 - $59,999",Not insured,Not insured,Never Married,Other/Single,U.S.,English,Yes,3,3rd gen,5,5 to 15,5,3,Three owners,Other,0,Less than 5,Related to non-owner,Very difficult,14,More than 7 days,12,9 to 14 hours,6,6 or more members,Hired Captain,Deckhand,Deckhand,1,Share system,Share,40,60,No,No,No,No,Yes,No,No,Dissatisfied,2,Dissatisfied,2,Dissatisfied,2,Satisfied,4,Satisfied,4,Dissatisfied,2,Satisfied,4,Satisfied,4,Dissatisfied,2,Yes,Yes,Disagree,Disagree,,Agree,Strongly Disagree,Strongly Agree,41.6362,-70.934196,2740,1,6,10,10,0.13545999
2013,2012-13,Complete,"Newport News, VA","New Bedford, MA","New Gloucester, ME",Scallop,Scallop,Other,Other,Scallop,25 to 34,31,Bachelor's/four year degree,Bachelor's/four year degree,White,White,No,"$120,000 or more","$120,000 or more",Private insurance,Insured,Never Married,Other/Single,U.S.,English,Yes,5,4th gen or greater,23,16 to 29,23,1,One owner,Deckhand,4,Less than 5,Referred by a friend,Very easy,9,More than 7 days,19,18 hours or more,7,6 or more members,Hired Captain,Deckhand,Deckhand,1,Per trip,Other,,,DK/NA,DK/NA,DK/NA,DK/NA,DK/NA,DK/NA,DK/NA,Very Satisfied,5,Neutral,3,Very Satisfied,5,Very Dissatisfied,1,Dissatisfied,2,Satisfied,4,Very Satisfied,5,Very Satisfied,5,Satisfied,4,No,Yes,Disagree,Agree,,Strongly Agree,Disagree,Agree,41.6362,-70.934196,2740,1,13,7,14,0.13545999
2013,2012-13,Complete,"New Bedford, MA","New Bedford, MA","New Gloucester, ME",Scallop,Scallop,Other,Other,Scallop,35 to 44,44,Less than HS,Less than HS,Some other race,Non-White,Yes,"$120,000 or more","$120,000 or more",Not insured,Not insured,Married,Married,Outside U.S.,English & Spanish,No,1,1st gen,13,5 to 15,13,1,One owner,Deckhand,1,Less than 5,Previous work,Easy,10,More than 7 days,18,18 hours or more,7,6 or more members,Hired Captain,Deckhand,Deckhand,1,Share system,Share,55,45,Yes,Yes,No,Yes,Yes,No,No,Satisfied,4,Satisfied,4,Dissatisfied,2,Satisfied,4,Dissatisfied,2,Satisfied,4,Satisfied,4,Satisfied,4,Dissatisfied,2,Yes,Yes,Disagree,Disagree,,Agree,Disagree,Agree,41.6362,-70.934196,2740,1,10,10,10,0.13545999
2013,2012-13,Complete,"New Bedford, MA","New Bedford, MA","New Gloucester, ME",Scallop,Scallop,Other,Other,Scallop,35 to 44,41,HS or equivalent,HS or equivalent,White,White,No,"$50,000 - $59,999","$30,000 - $59,999",Private insurance,Insured,Never Married,Other/Single,U.S.,English,No,1,1st gen,12,5 to 15,12,1,One owner,Deckhand,4,Less than 5,Referred by a friend,Neither easy nor difficult,10,More than 7 days,17,15 to 17 hours,3,3 to 5 members,Hired Captain,Multiple Positions,Multiple Positions,1,Share system,Share,50,50,No,No,No,No,No,No,Yes,Dissatisfied,2,Neutral,3,DK/NA,,Neutral,3,Satisfied,4,Neutral,3,Satisfied,4,Satisfied,4,Satisfied,4,Yes,Yes,Disagree,Agree,No,,,,41.6362,-70.934196,2740,1,,10,12,0.13545999
2013,2012-13,Complete,"Newport News, VA","New Bedford, MA","New Gloucester, ME",Scallop,Scallop,Other,Other,Scallop,25 to 34,25,HS or equivalent,HS or equivalent,Some other race,Non-White,Yes,"$50,000 - $59,999","$30,000 - $59,999",Not insured,Not insured,Never Married,Other/Single,Outside U.S.,Spanish,Yes,2,2nd gen,6,5 to 15,6,1,One owner,Deckhand,3,Less than 5,Previous work,Very easy,9,More than 7 days,19,18 hours or more,7,6 or more members,Hired Captain,Deckhand,Deckhand,1,Share system,Share,41,59,Yes,No,No,Yes,Yes,No,Yes,Very Satisfied,5,Satisfied,4,Satisfied,4,Neutral,3,Neutral,3,Neutral,3,Very Satisfied,5,Very Satisfied,5,Neutral,3,Yes,Yes,Disagree,Agree,No,,,,41.6362,-70.934196,2740,1,13,9,13,0.13545999
2013,2012-13,Complete,"Newport News, VA","New Bedford, MA","New Gloucester, ME",Scallop,Scallop,Other,Other,Scallop,25 to 34,33,Associate's/two-year degree,Associate's/two-year degree,White,White,No,"$80,000 - $89,999","$60,000 - $89,999",Private insurance,Insured,Divorced,Other/Single,U.S.,English,No,2,2nd gen,11,5 to 15,11,1,One owner,Deckhand,4,Less than 5,Previous work,Easy,9,More than 7 days,18,18 hours or more,7,6 or more members,Hired Captain,Deckhand,Deckhand,1,Share system,Share,40,60,Yes,No,No,Yes,Yes,No,Yes,Very Satisfied,5,Satisfied,4,Neutral,3,Neutral,3,Dissatisfied,2,Dissatisfied,2,Very Satisfied,5,Very Satisfied,5,Satisfied,4,Yes,Yes,Disagree,Agree,,Agree,DK/NA,Agree,41.6362,-70.934196,2740,1,12,7,14,0.13545999
2013,2012-13,Complete,"Newport News, VA","New Bedford, MA","New Gloucester, ME",Scallop,Scallop,Other,Other,Scallop,35 to 44,42,HS or equivalent,HS or equivalent,White,White,No,"$80,000 - $89,999","$60,000 - $89,999",Private insurance,Insured,Married,Married,U.S.,English,No,2,2nd gen,25,16 to 29,25,1,One owner,Deckhand,5,5 to 15,Previous work,Very easy,7,5 to 7 days,18,18 hours or more,5,3 to 5 members,Hired Captain,Captain,Captain,0,Share system,Share,50,50,Yes,Yes,No,Yes,No,No,No,Satisfied,4,Satisfied,4,Neutral,3,Neutral,3,Dissatisfied,2,Neutral,3,Satisfied,4,Satisfied,4,Very Satisfied,5,No,Yes,Strongly Disagree,Agree,Yes,,,,41.6362,-70.934196,2740,1,11,8,13,0.13545999
2013,2012-13,Complete,"New Bedford, MA","New Bedford, MA","New Gloucester, ME",Scallop,Scallop,Other,Other,Scallop,45 to 54,53,HS or equivalent,HS or equivalent,DK/NA,Non-White,No,"$30,000 - $39,999","$30,000 - $59,999",Spouse/partner,Insured,Married,Married,U.S.,English,No,1,1st gen,8,5 to 15,8,2,Two owners,Deckhand,5,5 to 15,Referred by a friend,Very easy,5,5 to 7 days,20,18 hours or more,5,3 to 5 members,Owner-operated,Deckhand,Deckhand,1,Share system,Share,45,55,Yes,No,No,No,Yes,No,No,Satisfied,4,Neutral,3,Dissatisfied,2,Neutral,3,Dissatisfied,2,Very Dissatisfied,1,Very Satisfied,5,Very Satisfied,5,Very Satisfied,5,Yes,Yes,Disagree,Strongly Disagree,,Strongly Agree,Strongly Disagree,Neutral,41.6362,-70.934196,2740,1,9,6,15,0.13545999
2013,2012-13,Complete,"Newport News, VA","New Bedford, MA","New Gloucester, ME",Scallop,Scallop,Other,Other,Scallop,25 to 34,34,Associate's/two-year degree,Associate's/two-year degree,White,White,No,"$100,000 - $119,999","$90,000 - $119,999",Private insurance,Insured,Never Married,Other/Single,U.S.,English,No,1,1st gen,4,Less than 5,4,3,Three owners,Deckhand,3,Less than 5,Previous work,Very easy,9,More than 7 days,18,18 hours or more,7,6 or more members,Hired Captain,Deckhand,Deckhand,1,Share system,Share,40,60,Yes,Yes,No,Yes,No,No,Yes,Very Satisfied,5,Satisfied,4,Satisfied,4,Dissatisfied,2,Neutral,3,Satisfied,4,Very Satisfied,5,Satisfied,4,Satisfied,4,Yes,Yes,Strongly Disagree,Disagree,,Neutral,DK/NA,Agree,41.6362,-70.934196,2740,1,13,9,13,0.13545999
2013,2012-13,Complete,"New Bedford, MA","New Bedford, MA","New Gloucester, ME",Scallop,Scallop,Other,Other,Scallop,25 to 34,34,HS or equivalent,HS or equivalent,White,White,No,"$40,000 - $49,999","$30,000 - $59,999",Private insurance,Insured,Never Married,Other/Single,U.S.,English,No,1,1st gen,2,Less than 5,2,2,Two owners,Deckhand,2,Less than 5,Referred by a friend,DK/NA,5,5 to 7 days,16,15 to 17 hours,5,3 to 5 members,Owner-operated,Deckhand,Deckhand,1,Share system,Share,,,Yes,No,No,No,Yes,No,No,Dissatisfied,2,Dissatisfied,2,Neutral,3,Neutral,3,Dissatisfied,2,Dissatisfied,2,Very Satisfied,5,Very Satisfied,5,Very Satisfied,5,Yes,Yes,Agree,Agree,No,,,,41.6362,-70.934196,2740,1,7,7,15,0.13545999
2013,2012-13,Complete,"Chincoteague, VA","New Bedford, MA","New Gloucester, ME",Scallop,Scallop,Other,Other,Scallop,35 to 44,44,HS or equivalent,HS or equivalent,White,White,No,,,Private insurance,Insured,Divorced,Other/Single,U.S.,English,Yes,5,4th gen or greater,34,30 or more,34,1,One owner,Deckhand,1,Less than 5,Previous work,Very easy,9,More than 7 days,18,18 hours or more,7,6 or more members,Hired Captain,Deckhand,Deckhand,1,Share system,Share,40,60,Yes,Yes,No,Yes,Yes,No,No,DK/NA,,Neutral,3,Satisfied,4,Neutral,3,Dissatisfied,2,Satisfied,4,Very Satisfied,5,Very Satisfied,5,Very Satisfied,5,Yes,Yes,Strongly Disagree,Strongly Disagree,Yes,,,,41.6362,-70.934196,2740,1,,9,15,0.13545999
2013,2012-13,Complete,"New Bedford, MA","New Bedford, MA","New Gloucester, ME",Scallop,Scallop,Other,Other,Scallop,Under 25,20,HS or equivalent,HS or equivalent,White,White,No,,,Private insurance,Insured,Never Married,Other/Single,U.S.,English,Yes,1,1st gen,2,Less than 5,2,1,One owner,Other,7,5 to 15,Referred by a friend,Very difficult,7,5 to 7 days,7,8 hours or less,7,6 or more members,Hired Captain,Deckhand,Deckhand,1,Share system,Share,,,DK/NA,DK/NA,DK/NA,DK/NA,DK/NA,DK/NA,DK/NA,Dissatisfied,2,Dissatisfied,2,Satisfied,4,Dissatisfied,2,Neutral,3,Dissatisfied,2,Satisfied,4,Satisfied,4,Satisfied,4,Yes,No,Disagree,Agree,,Strongly Agree,Agree,Strongly Agree,41.6362,-70.934196,2740,1,8,7,12,0.13545999
2013,2012-13,Complete,"Newport News, VA","New Bedford, MA","New Gloucester, ME",Scallop,Scallop,Other,Other,Scallop,25 to 34,32,HS or equivalent,HS or equivalent,Some other race,Non-White,Yes,"$120,000 or more","$120,000 or more",Not insured,Not insured,Married,Married,Outside U.S.,English,Yes,3,3rd gen,12,5 to 15,12,1,One owner,Deckhand,1,Less than 5,Referred by a friend,Easy,10,More than 7 days,18,18 hours or more,7,6 or more members,Hired Captain,Mate,Other,1,Share system,Share,60,40,Yes,Yes,No,Yes,Yes,No,No,Very Satisfied,5,Dissatisfied,2,Neutral,3,Neutral,3,Neutral,3,Satisfied,4,Very Satisfied,5,Very Satisfied,5,Neutral,3,Yes,Yes,Strongly Disagree,Agree,No,,,,41.6362,-70.934196,2740,1,10,10,13,0.13545999
2013,2012-13,Complete,"Newport News, VA","New Bedford, MA","New Gloucester, ME",Scallop,Scallop,Other,Other,Scallop,55 or older,55,HS or equivalent,HS or equivalent,White,White,No,"$120,000 or more","$120,000 or more",Private insurance,Insured,Married,Married,U.S.,English,Yes,1,1st gen,37,30 or more,37,2,Two owners,Deckhand,9,5 to 15,Previous work,Very easy,8,More than 7 days,18,18 hours or more,7,6 or more members,Hired Captain,Captain,Captain,0,Share system,Share,40,60,Yes,Yes,No,Yes,No,No,Yes,Very Satisfied,5,Satisfied,4,Satisfied,4,Neutral,3,Neutral,3,Dissatisfied,2,Very Satisfied,5,Very Satisfied,5,Very Satisfied,5,No,Yes,Strongly Disagree,Disagree,Yes,,,,41.6362,-70.934196,2740,1,13,8,15,0.13545999
2013,2012-13,Complete,"New Bedford, MA","New Bedford, MA","New Gloucester, ME",Scallop,Scallop,Other,Other,Scallop,45 to 54,50,Less than HS,Less than HS,American Indian/Alaska Native,Non-White,Yes,,,Fed or state insurance,Insured,Married,Married,U.S.,English,No,1,1st gen,33,30 or more,33,1,One owner,Deckhand,0,Less than 5,,Very difficult,11,More than 7 days,20,18 hours or more,4,3 to 5 members,Hired Captain,Multiple Positions,Multiple Positions,1,Share system,Share,55,45,Yes,Yes,No,Yes,No,No,No,Very Dissatisfied,1,Very Dissatisfied,1,Satisfied,4,Satisfied,4,Dissatisfied,2,Dissatisfied,2,Satisfied,4,Satisfied,4,Very Dissatisfied,1,Yes,Yes,Strongly Disagree,Strongly Disagree,Yes,,,,41.6362,-70.934196,2740,1,6,8,9,0.13545999
2013,2012-13,Complete,"New Bedford, MA","New Bedford, MA","New Gloucester, ME",Scallop,Scallop,Other,Other,Scallop,55 or older,60,HS or equivalent,HS or equivalent,White,White,No,"$10,000 - $19,999","Less than $30,000",Not insured,Not insured,Married,Married,Outside U.S.,Portuguese,No,1,1st gen,25,16 to 29,25,7,Four or more,Deckhand,1,Less than 5,Previous work,Difficult,11,More than 7 days,15,15 to 17 hours,7,6 or more members,Owner-operated,Deckhand,Deckhand,1,Share system,Share,40,60,Yes,No,No,Yes,Yes,No,No,Dissatisfied,2,Dissatisfied,2,Very Dissatisfied,1,Dissatisfied,2,Dissatisfied,2,Dissatisfied,2,Satisfied,4,Dissatisfied,2,Dissatisfied,2,No,No,Agree,Agree,No,,,,41.6362,-70.934196,2740,1,5,6,8,0.13545999
2013,2012-13,Complete,"New Bedford, MA","New Bedford, MA","New Gloucester, ME",Scallop,Scallop,Other,Other,Scallop,45 to 54,51,Less than HS,Less than HS,White,White,No,"$100,000 - $119,999","$90,000 - $119,999",Spouse/partner,Insured,Married,Married,Outside U.S.,Portuguese,No,3,3rd gen,25,16 to 29,25,1,One owner,Other,25,16 to 29,Previous work,Very easy,10,More than 7 days,16,15 to 17 hours,7,6 or more members,Hired Captain,Multiple Positions,Multiple Positions,1,Share system,Share,47,53,Yes,Yes,No,Yes,No,No,No,Satisfied,4,DK/NA,,Dissatisfied,2,Satisfied,4,Dissatisfied,2,Satisfied,4,Dissatisfied,2,Satisfied,4,Dissatisfied,2,No,Yes,Agree,Agree,,Agree,Agree,Agree,41.6362,-70.934196,2740,1,,10,8,0.13545999
2013,2012-13,Complete,"New Bedford, MA","New Bedford, MA","New Gloucester, ME",Scallop,Scallop,Other,Other,Scallop,35 to 44,38,Associate's/two-year degree,Associate's/two-year degree,White,White,No,"$120,000 or more","$120,000 or more",Private insurance,Insured,Divorced,Other/Single,U.S.,English,No,1,1st gen,20,16 to 29,20,1,One owner,Deckhand,5,5 to 15,Related to owner,Very difficult,7,5 to 7 days,20,18 hours or more,5,3 to 5 members,Hired Captain,Captain,Captain,0,Share system,Share,48,52,Yes,Yes,No,No,No,No,No,Very Satisfied,5,Satisfied,4,Satisfied,4,Satisfied,4,Very Dissatisfied,1,Satisfied,4,Satisfied,4,Very Satisfied,5,Very Satisfied,5,Yes,Yes,Neutral,Disagree,Yes,,,,41.6362,-70.934196,2740,1,13,9,14,0.13545999
2013,2012-13,Complete,"New Bedford, MA","New Bedford, MA","New Gloucester, ME",Scallop,Scallop,Other,Other,Scallop,25 to 34,26,HS or equivalent,HS or equivalent,White,White,No,,,Private insurance,Insured,Never Married,Other/Single,U.S.,English,No,1,1st gen,1,Less than 5,1,1,One owner,Deckhand,1,Less than 5,Word of mouth,Very difficult,4,2 to 4 days,10,9 to 14 hours,4,3 to 5 members,Hired Captain,Deckhand,Deckhand,1,Share system,Share,,,Yes,Yes,No,No,No,No,No,Satisfied,4,Satisfied,4,Satisfied,4,Satisfied,4,Satisfied,4,Satisfied,4,Very Satisfied,5,Satisfied,4,Satisfied,4,Yes,No,Disagree,Agree,No,,,,41.6362,-70.934196,2740,1,12,12,13,0.13545999
2013,2012-13,Complete,"Newport News, VA","New Bedford, MA","New Gloucester, ME",Scallop,Scallop,Other,Other,Scallop,45 to 54,51,HS or equivalent,HS or equivalent,Some other race,Non-White,Yes,"$120,000 or more","$120,000 or more",Private insurance,Insured,Divorced,Other/Single,Outside U.S.,Spanish,Yes,3,3rd gen,44,30 or more,44,2,Two owners,Deckhand,3,Less than 5,Previous work,Easy,9,More than 7 days,18,18 hours or more,7,6 or more members,Hired Captain,Deckhand,Deckhand,1,Share system,Share,40,60,Yes,Yes,No,Yes,No,No,No,Very Satisfied,5,Satisfied,4,Satisfied,4,Satisfied,4,Satisfied,4,Neutral,3,Satisfied,4,Satisfied,4,Satisfied,4,Yes,Yes,Strongly Disagree,Strongly Disagree,No,,,,41.6362,-70.934196,2740,1,13,11,12,0.13545999
2013,2012-13,Complete,"Newport News, VA","New Bedford, MA","New Gloucester, ME",Scallop,Scallop,Other,Other,Scallop,45 to 54,54,HS or equivalent,HS or equivalent,White,White,No,"$120,000 or more","$120,000 or more",Private insurance,Insured,Married,Married,U.S.,English,Yes,2,2nd gen,40,30 or more,40,1,One owner,Deckhand,5,5 to 15,Previous work,Very easy,8,More than 7 days,19,18 hours or more,7,6 or more members,Hired Captain,Captain,Captain,0,Share system,Share,45,55,Yes,Yes,No,Yes,Yes,No,No,Very Satisfied,5,Dissatisfied,2,Satisfied,4,Very Dissatisfied,1,Very Dissatisfied,1,Very Dissatisfied,1,Very Satisfied,5,Satisfied,4,Very Dissatisfied,1,No,No,Disagree,Agree,Yes,,,,41.6362,-70.934196,2740,1,11,3,10,0.13545999
2013,2012-13,Complete,"New Bedford, MA","New Bedford, MA","New Gloucester, ME",Scallop,Scallop,Other,Other,Scallop,55 or older,58,HS or equivalent,HS or equivalent,White,White,No,,,Private insurance,Insured,Married,Married,Outside U.S.,Portuguese,No,8,4th gen or greater,33,30 or more,33,1,One owner,Other,15,5 to 15,Previous work,Neither easy nor difficult,16,More than 7 days,16,15 to 17 hours,7,6 or more members,Hired Captain,Captain,Captain,0,Share system,Share,50,50,Yes,No,No,Yes,Yes,No,Yes,Dissatisfied,2,Dissatisfied,2,Satisfied,4,Satisfied,4,Satisfied,4,Dissatisfied,2,Satisfied,4,Satisfied,4,Satisfied,4,No,Yes,Strongly Agree,Disagree,Yes,,,,41.6362,-70.934196,2740,1,8,10,12,0.13545999
2013,2012-13,Complete,"Newport News, VA","New Bedford, MA","New Gloucester, ME",Scallop,Scallop,Other,Other,Scallop,35 to 44,38,HS or equivalent,HS or equivalent,White,White,No,,,Spouse/partner,Insured,Married,Married,U.S.,English,Yes,2,2nd gen,23,16 to 29,23,1,One owner,Deckhand,4,Less than 5,Previous work,Very easy,9,More than 7 days,19,18 hours or more,7,6 or more members,Hired Captain,Deckhand,Deckhand,1,Share system,Share,50,50,Yes,Yes,No,Yes,Yes,No,No,Very Satisfied,5,Satisfied,4,Neutral,3,Dissatisfied,2,Neutral,3,Dissatisfied,2,Very Satisfied,5,Very Satisfied,5,Neutral,3,No,Yes,Strongly Disagree,Neutral,,Neutral,DK/NA,Agree,41.6362,-70.934196,2740,1,12,7,13,0.13545999
2013,2012-13,Complete,"Newport News, VA","New Bedford, MA","New Gloucester, ME",Scallop,Scallop,Other,Other,Scallop,Under 25,23,HS or equivalent,HS or equivalent,Black,Non-White,No,"$40,000 - $49,999","$30,000 - $59,999",Not insured,Not insured,Never Married,Other/Single,U.S.,English,No,1,1st gen,5,5 to 15,5,1,One owner,Deckhand,2,Less than 5,Previous work,Easy,9,More than 7 days,18,18 hours or more,7,6 or more members,Hired Captain,Deckhand,Deckhand,1,Share system,Share,40,60,Yes,Yes,No,Yes,No,No,No,Satisfied,4,Satisfied,4,Satisfied,4,Satisfied,4,Satisfied,4,Satisfied,4,Very Satisfied,5,Satisfied,4,Neutral,3,Yes,Yes,Disagree,Agree,,Neutral,Disagree,Agree,41.6362,-70.934196,2740,1,12,12,12,0.13545999
2013,2012-13,Complete,"New Bedford, MA","New Bedford, MA","New Gloucester, ME",Scallop,Scallop,Other,Other,Scallop,45 to 54,45,HS or equivalent,HS or equivalent,DK/NA,Non-White,Yes,,,Private insurance,Insured,Living with partner,Other/Single,Outside U.S.,English,No,1,1st gen,20,16 to 29,20,3,Three owners,Deckhand,2,Less than 5,Referred by a friend,Neither easy nor difficult,10,More than 7 days,14,9 to 14 hours,7,6 or more members,Hired Captain,Deckhand,Deckhand,1,Share system,Share,48,52,Yes,Yes,No,Yes,No,No,No,Satisfied,4,Satisfied,4,Satisfied,4,Satisfied,4,Satisfied,4,Dissatisfied,2,Satisfied,4,Satisfied,4,Satisfied,4,Yes,Yes,Disagree,Agree,No,,,,41.6362,-70.934196,2740,1,12,10,12,0.13545999
2013,2012-13,Complete,"Newport News, VA","New Bedford, MA","New Gloucester, ME",Scallop,Scallop,Other,Other,Scallop,Under 25,21,Associate's/two-year degree,Associate's/two-year degree,White,White,No,"$90,000 - $99,999","$90,000 - $119,999",Other,Insured,Never Married,Other/Single,U.S.,English,No,1,1st gen,4,Less than 5,4,2,Two owners,Deckhand,1,Less than 5,Referred by a friend,Neither easy nor difficult,10,More than 7 days,18,18 hours or more,7,6 or more members,Hired Captain,Deckhand,Deckhand,1,Share system,Share,40,60,Yes,Yes,No,Yes,Yes,No,No,Very Satisfied,5,Satisfied,4,Satisfied,4,Satisfied,4,Satisfied,4,Neutral,3,Very Satisfied,5,Very Satisfied,5,Very Satisfied,5,Yes,Yes,Disagree,Disagree,,Agree,DK/NA,Agree,41.6362,-70.934196,2740,1,13,11,15,0.13545999
2013,2012-13,Complete,"Newport News, VA","New Bedford, MA","New Gloucester, ME",Scallop,Scallop,Other,Other,Scallop,35 to 44,42,HS or equivalent,HS or equivalent,White,White,No,"$60,000 - $69,999","$60,000 - $89,999",Not insured,Not insured,Divorced,Other/Single,U.S.,English,No,1,1st gen,23,16 to 29,23,2,Two owners,Deckhand,1,Less than 5,Previous work,Difficult,7,5 to 7 days,22,18 hours or more,5,3 to 5 members,Owner-operated,Mate,Other,1,Share system,Share,50,50,Yes,Yes,No,Yes,No,No,No,Dissatisfied,2,Very Dissatisfied,1,Satisfied,4,Very Dissatisfied,1,DK/NA,,Neutral,3,Very Satisfied,5,Satisfied,4,Dissatisfied,2,No,Yes,Strongly Disagree,Agree,,Strongly Agree,DK/NA,Strongly Agree,41.6362,-70.934196,2740,1,7,,11,0.13545999
2013,2012-13,Complete,"Newport News, VA","New Bedford, MA","New Gloucester, ME",Scallop,Scallop,Other,Other,Scallop,45 to 54,49,Less than HS,Less than HS,White,White,No,,,Spouse/partner,Insured,Divorced,Other/Single,U.S.,English,Yes,1,1st gen,30,30 or more,30,1,One owner,Deckhand,9,5 to 15,Previous work,Very easy,8,More than 7 days,24,18 hours or more,7,6 or more members,Hired Captain,Captain,Captain,0,Share system,Share,50,50,Yes,Yes,No,Yes,Yes,No,Yes,Satisfied,4,Dissatisfied,2,Satisfied,4,Satisfied,4,Dissatisfied,2,Very Dissatisfied,1,Very Satisfied,5,Very Satisfied,5,Very Satisfied,5,Yes,Yes,Neutral,Agree,Yes,,,,41.6362,-70.934196,2740,1,10,7,15,0.13545999
2013,2012-13,Complete,"New Bedford, MA","New Bedford, MA","New Gloucester, ME",Scallop,Scallop,Other,Other,Scallop,35 to 44,41,HS or equivalent,HS or equivalent,White,White,No,"$120,000 or more","$120,000 or more",Spouse/partner,Insured,Living with partner,Other/Single,U.S.,English,No,1,1st gen,21,16 to 29,21,2,Two owners,Other,8,5 to 15,Previous work,Very easy,9,More than 7 days,20,18 hours or more,20,6 or more members,Hired Captain,Captain,Captain,0,Share system,Share,48,52,Yes,Yes,No,Yes,Yes,No,Yes,Very Satisfied,5,Satisfied,4,Very Dissatisfied,1,Very Dissatisfied,1,Very Dissatisfied,1,Very Dissatisfied,1,Very Satisfied,5,Very Satisfied,5,Neutral,3,No,No,Disagree,Agree,,Disagree,Agree,Disagree,41.6362,-70.934196,2740,1,10,3,13,0.13545999
2013,2012-13,Complete,"New Bedford, MA","New Bedford, MA","New Gloucester, ME",Scallop,Scallop,Other,Other,Scallop,45 to 54,50,HS or equivalent,HS or equivalent,White,White,No,"$70,000 - $79,999","$60,000 - $89,999",Not insured,Not insured,Living with partner,Other/Single,U.S.,English,No,3,3rd gen,31,30 or more,31,1,One owner,Deckhand,1,Less than 5,Referred by a friend,Very difficult,10,More than 7 days,16,15 to 17 hours,7,6 or more members,Hired Captain,Deckhand,Deckhand,1,Per trip,Other,,,DK/NA,DK/NA,DK/NA,DK/NA,DK/NA,DK/NA,DK/NA,Dissatisfied,2,Very Dissatisfied,1,Satisfied,4,Neutral,3,Very Dissatisfied,1,Very Dissatisfied,1,Very Satisfied,5,Satisfied,4,Satisfied,4,No,No,Disagree,DK/NA,Yes,,,,41.6362,-70.934196,2740,1,7,5,13,0.13545999
2013,2012-13,Complete,"New Bedford, MA","New Bedford, MA","New Gloucester, ME",Scallop,Scallop,Other,Other,Scallop,35 to 44,38,Less than HS,Less than HS,White,White,No,"$90,000 - $99,999","$90,000 - $119,999",Not insured,Not insured,Never Married,Other/Single,U.S.,English,Yes,3,3rd gen,22,16 to 29,22,1,One owner,Deckhand,1,Less than 5,Word of mouth,Easy,10,More than 7 days,20,18 hours or more,7,6 or more members,Owner-operated,Deckhand,Deckhand,1,Share system,Share,45,55,Yes,Yes,No,Yes,No,No,No,Very Satisfied,5,Satisfied,4,Dissatisfied,2,Very Satisfied,5,Very Dissatisfied,1,Dissatisfied,2,Very Satisfied,5,Very Satisfied,5,Satisfied,4,Yes,Yes,Strongly Disagree,Disagree,,Neutral,Agree,Disagree,41.6362,-70.934196,2740,1,11,8,14,0.13545999
2013,2012-13,Complete,"Newport News, VA","New Bedford, MA","New Gloucester, ME",Scallop,Scallop,Other,Other,Scallop,35 to 44,36,HS or equivalent,HS or equivalent,Multiracial,Non-White,No,"$40,000 - $49,999","$30,000 - $59,999",Not insured,Not insured,Never Married,Other/Single,U.S.,English,No,1,1st gen,20,16 to 29,20,1,One owner,Deckhand,5,5 to 15,Previous work,Very easy,9,More than 7 days,18,18 hours or more,7,6 or more members,Hired Captain,Multiple Positions,Multiple Positions,1,Share system,Share,50,50,Yes,Yes,No,Yes,No,No,No,Satisfied,4,Satisfied,4,Neutral,3,Neutral,3,Neutral,3,Neutral,3,Satisfied,4,Neutral,3,Satisfied,4,No,Yes,Strongly Disagree,Disagree,,Agree,DK/NA,Agree,41.6362,-70.934196,2740,1,11,9,11,0.13545999
2013,2012-13,Complete,"New Bedford, MA","New Bedford, MA","New Gloucester, ME",Scallop,Scallop,Other,Other,Scallop,35 to 44,43,HS or equivalent,HS or equivalent,American Indian/Alaska Native,Non-White,Yes,,,Employer (vessel),Insured,Married,Married,Outside U.S.,English & Spanish,No,1,1st gen,7,5 to 15,7,2,Two owners,Deckhand,2,Less than 5,Referred by a friend,Neither easy nor difficult,7,5 to 7 days,18,18 hours or more,5,3 to 5 members,Owner-operated,Deckhand,Deckhand,1,Per trip,Other,,,DK/NA,DK/NA,DK/NA,DK/NA,DK/NA,DK/NA,DK/NA,Satisfied,4,Satisfied,4,Satisfied,4,Satisfied,4,Dissatisfied,2,Satisfied,4,Satisfied,4,Satisfied,4,Satisfied,4,Yes,Yes,Disagree,Disagree,No,,,,41.6362,-70.934196,2740,1,12,10,12,0.13545999
2013,2012-13,Complete,"New Bedford, MA","New Bedford, MA","New Gloucester, ME",Scallop,Scallop,Other,Other,Scallop,35 to 44,38,HS or equivalent,HS or equivalent,White,White,No,"$100,000 - $119,999","$90,000 - $119,999",Private insurance,Insured,Divorced,Other/Single,U.S.,Portuguese,No,1,1st gen,19,16 to 29,19,3,Three owners,Deckhand,0,Less than 5,Referred by a friend,Difficult,10,More than 7 days,18,18 hours or more,7,6 or more members,Owner-operated,Multiple Positions,Multiple Positions,1,Share system,Share,,,DK/NA,DK/NA,DK/NA,DK/NA,DK/NA,DK/NA,DK/NA,Very Dissatisfied,1,Neutral,3,Satisfied,4,Dissatisfied,2,Satisfied,4,Satisfied,4,Very Satisfied,5,Satisfied,4,Dissatisfied,2,Yes,No,Agree,Agree,,Disagree,DK/NA,Disagree,41.6362,-70.934196,2740,1,8,10,11,0.13545999
2013,2012-13,Complete,"New Bedford, MA","New Bedford, MA","New Gloucester, ME",Scallop,Scallop,Other,Other,Scallop,Under 25,21,HS or equivalent,HS or equivalent,White,White,Yes,"Less than $10,000","Less than $30,000",Not insured,Not insured,Never Married,Other/Single,Outside U.S.,Spanish,Yes,1,1st gen,0,Less than 5,0,1,One owner,Deckhand,0,Less than 5,Related to non-owner,Very difficult,9,More than 7 days,18,18 hours or more,5,3 to 5 members,Hired Captain,Deckhand,Deckhand,1,Share system,Share,,,DK/NA,DK/NA,DK/NA,DK/NA,DK/NA,DK/NA,DK/NA,Satisfied,4,Dissatisfied,2,Dissatisfied,2,Dissatisfied,2,Dissatisfied,2,Dissatisfied,2,Satisfied,4,Dissatisfied,2,Very Dissatisfied,1,Yes,Don't know,Agree,Agree,No,,,,41.6362,-70.934196,2740,1,8,6,7,0.13545999
2013,2012-13,Complete,"Newport News, VA","New Bedford, MA","New Gloucester, ME",Scallop,Scallop,Other,Other,Scallop,35 to 44,42,HS or equivalent,HS or equivalent,White,White,No,"$70,000 - $79,999","$60,000 - $89,999",Private insurance,Insured,Married,Married,U.S.,English,No,3,3rd gen,25,16 to 29,25,2,Two owners,Deckhand,6,5 to 15,Previous work,Very easy,7,5 to 7 days,18,18 hours or more,7,6 or more members,Hired Captain,Deckhand,Deckhand,1,Share system,Share,50,50,Yes,No,No,Yes,Yes,No,Yes,Very Satisfied,5,Satisfied,4,Satisfied,4,Neutral,3,Satisfied,4,Neutral,3,Satisfied,4,Satisfied,4,Satisfied,4,No,Yes,Strongly Disagree,Disagree,,Agree,DK/NA,Neutral,41.6362,-70.934196,2740,1,13,10,12,0.13545999
2013,2012-13,Complete,"Newport News, VA","New Bedford, MA","New Gloucester, ME",Scallop,Scallop,Other,Other,Scallop,45 to 54,51,HS or equivalent,HS or equivalent,White,White,No,"$70,000 - $79,999","$60,000 - $89,999",Private insurance,Insured,Married,Married,U.S.,English,No,1,1st gen,29,16 to 29,29,1,One owner,Deckhand,8,5 to 15,Previous work,Very easy,10,More than 7 days,18,18 hours or more,7,6 or more members,Hired Captain,Mate,Other,1,Share system,Share,40,60,Yes,Yes,No,Yes,No,No,No,Very Satisfied,5,Neutral,3,Satisfied,4,Very Satisfied,5,Dissatisfied,2,Very Satisfied,5,Very Satisfied,5,Very Satisfied,5,Very Satisfied,5,No,No,Disagree,Disagree,Yes,,,,41.6362,-70.934196,2740,1,12,12,15,0.13545999
2013,2012-13,Complete,"New Bedford, MA","New Bedford, MA","New Gloucester, ME",Scallop,Scallop,Other,Other,Scallop,45 to 54,47,HS or equivalent,HS or equivalent,Some other race,Non-White,Yes,"$80,000 - $89,999","$60,000 - $89,999",Employer (vessel),Insured,Married,Married,U.S.,English,No,,,10,5 to 15,10,1,One owner,Deckhand,1,Less than 5,Word of mouth,Easy,10,More than 7 days,9,9 to 14 hours,6,6 or more members,Owner-operated,Deckhand,Deckhand,1,Share system,Share,60,40,Yes,No,No,Yes,Yes,Yes,No,Very Satisfied,5,Satisfied,4,Satisfied,4,Satisfied,4,Satisfied,4,Very Satisfied,5,Satisfied,4,Satisfied,4,Satisfied,4,No,Yes,Disagree,Disagree,No,,,,41.6362,-70.934196,2740,1,13,13,12,0.13545999
2013,2012-13,Complete,"New Bedford, MA","New Bedford, MA","New Gloucester, ME",Scallop,Scallop,Other,Other,Scallop,35 to 44,41,HS or equivalent,HS or equivalent,White,White,No,"$120,000 or more","$120,000 or more",Not insured,Not insured,Never Married,Other/Single,U.S.,English,No,1,1st gen,23,16 to 29,23,4,Four or more,Deckhand,3,Less than 5,Previous work,Easy,6,5 to 7 days,18,18 hours or more,5,3 to 5 members,Owner-operated,Captain,Captain,0,Share system,Share,45,55,Yes,Yes,No,Yes,Yes,No,No,Very Satisfied,5,Satisfied,4,Satisfied,4,Dissatisfied,2,Dissatisfied,2,Satisfied,4,Satisfied,4,Satisfied,4,Very Satisfied,5,Yes,Yes,Agree,Agree,,Disagree,DK/NA,Agree,41.6362,-70.934196,2740,1,13,8,13,0.13545999
2013,2012-13,Complete,"Newport News, VA","New Bedford, MA","New Gloucester, ME",Scallop,Scallop,Other,Other,Scallop,55 or older,,Less than HS,Less than HS,Multiracial,Non-White,Yes,"$10,000 - $19,999","Less than $30,000",Not insured,Not insured,Divorced,Other/Single,Outside U.S.,English,Yes,2,2nd gen,41,30 or more,41,1,One owner,Deckhand,0,Less than 5,Referred by a friend,Very difficult,7,5 to 7 days,19,18 hours or more,7,6 or more members,Hired Captain,Deckhand,Deckhand,1,Share system,Share,,,Yes,Yes,No,Yes,No,No,No,Dissatisfied,2,Satisfied,4,Dissatisfied,2,Satisfied,4,Very Dissatisfied,1,Dissatisfied,2,Very Satisfied,5,Very Satisfied,5,Very Dissatisfied,1,No,Yes,Strongly Disagree,Neutral,No,,,,41.6362,-70.934196,2740,1,8,7,11,0.13545999
2013,2012-13,Complete,"Newport News, VA","Newport News, VA","North Kingstown, RI",Scallop,Scallop,Other,Other,Scallop,45 to 54,51,HS or equivalent,HS or equivalent,Multiracial,Non-White,Yes,"$120,000 or more","$120,000 or more",Private insurance,Insured,Married,Married,Outside U.S.,English,Yes,1,1st gen,32,30 or more,32,2,Two owners,Deckhand,7,5 to 15,Previous work,Very easy,10,More than 7 days,18,18 hours or more,7,6 or more members,Hired Captain,Captain,Captain,0,Share system,Share,41,59,Yes,Yes,No,Yes,Yes,No,Yes,Very Satisfied,5,Dissatisfied,2,Satisfied,4,Satisfied,4,Satisfied,4,Very Satisfied,5,Very Satisfied,5,Very Satisfied,5,Very Satisfied,5,Yes,Yes,Strongly Disagree,Strongly Disagree,No,,,,37.087101,-76.473,23601,1,11,13,15,-0.33170781
2013,2012-13,Complete,"Beaufort, NC","Newport News, VA","North Kingstown, RI",Scallop,Scallop,Other,Other,Scallop,45 to 54,45,HS or equivalent,HS or equivalent,White,White,No,"$70,000 - $79,999","$60,000 - $89,999",Not insured,Not insured,Married,Married,U.S.,English,No,1,1st gen,25,16 to 29,25,3,Three owners,Deckhand,8,5 to 15,Word of mouth,Neither easy nor difficult,8,More than 7 days,18,18 hours or more,7,6 or more members,Hired Captain,Deckhand,Deckhand,1,Share system,Share,40,60,Yes,No,No,Yes,Yes,No,No,Dissatisfied,2,Dissatisfied,2,Dissatisfied,2,Very Dissatisfied,1,Very Dissatisfied,1,Very Dissatisfied,1,Satisfied,4,Satisfied,4,Dissatisfied,2,No,No,Agree,Strongly Agree,No,,,,37.087101,-76.473,23601,1,6,3,10,-0.33170781
2013,2012-13,Complete,"Newport News, VA","Newport News, VA","North Kingstown, RI",Scallop,Scallop,Other,Other,Scallop,55 or older,60,HS or equivalent,HS or equivalent,Black,Non-White,No,"$120,000 or more","$120,000 or more",Private insurance,Insured,Married,Married,U.S.,English,Yes,2,2nd gen,33,30 or more,33,1,One owner,Deckhand,33,30 or more,Previous work,Very easy,10,More than 7 days,18,18 hours or more,5,3 to 5 members,Hired Captain,Captain,Captain,0,Share system,Share,40,60,Yes,Yes,No,Yes,No,No,Yes,Very Satisfied,5,Satisfied,4,Satisfied,4,Satisfied,4,Satisfied,4,Satisfied,4,Very Satisfied,5,Very Satisfied,5,Very Satisfied,5,Yes,Yes,Strongly Agree,Strongly Disagree,No,,,,37.087101,-76.473,23601,1,13,12,15,-0.33170781
2013,2012-13,Complete,"Newport News, VA","Newport News, VA","North Kingstown, RI",Scallop,Scallop,Other,Other,Scallop,35 to 44,42,HS or equivalent,HS or equivalent,White,White,No,"$70,000 - $79,999","$60,000 - $89,999",Private insurance,Insured,Divorced,Other/Single,U.S.,English,Yes,2,2nd gen,25,16 to 29,25,1,One owner,Deckhand,4,Less than 5,Previous work,Very easy,9,More than 7 days,18,18 hours or more,7,6 or more members,Hired Captain,Multiple Positions,Multiple Positions,1,Share system,Share,45,55,Yes,Yes,No,Yes,Yes,No,Yes,Satisfied,4,Satisfied,4,Neutral,3,Satisfied,4,Neutral,3,Satisfied,4,Satisfied,4,Satisfied,4,Satisfied,4,Yes,Yes,Strongly Disagree,Neutral,No,,,,37.087101,-76.473,23601,1,11,11,12,-0.33170781
2013,2012-13,Complete,"Newport News, VA","Newport News, VA","North Kingstown, RI",Scallop,Scallop,Other,Other,Scallop,35 to 44,44,HS or equivalent,HS or equivalent,Black,Non-White,No,"$80,000 - $89,999","$60,000 - $89,999",Private insurance,Insured,Separated,Other/Single,U.S.,English,No,1,1st gen,27,16 to 29,27,2,Two owners,Deckhand,1,Less than 5,,Neither easy nor difficult,13,More than 7 days,18,18 hours or more,7,6 or more members,Hired Captain,Deckhand,Deckhand,1,Share system,Share,40,60,Yes,Yes,No,Yes,Yes,No,Yes,Satisfied,4,Satisfied,4,Neutral,3,Satisfied,4,Dissatisfied,2,Satisfied,4,Satisfied,4,Neutral,3,Very Satisfied,5,Yes,Yes,Strongly Disagree,Agree,No,,,,37.087101,-76.473,23601,1,11,10,12,-0.33170781
2013,2012-13,Complete,"Newport News, VA","Newport News, VA","North Kingstown, RI",Scallop,Scallop,Other,Other,Scallop,35 to 44,42,HS or equivalent,HS or equivalent,Some other race,Non-White,Yes,"$50,000 - $59,999","$30,000 - $59,999",Private insurance,Insured,Married,Married,Outside U.S.,Spanish,Yes,1,1st gen,19,16 to 29,19,1,One owner,Deckhand,4,Less than 5,Previous work,Very easy,7,5 to 7 days,18,18 hours or more,6,6 or more members,Hired Captain,Multiple Positions,Multiple Positions,1,Share system,Share,40,60,Yes,Yes,No,Yes,No,No,No,Very Satisfied,5,Neutral,3,Neutral,3,Satisfied,4,Dissatisfied,2,Satisfied,4,Very Satisfied,5,Satisfied,4,Satisfied,4,Yes,Yes,Disagree,Agree,,Disagree,Neutral,Disagree,37.087101,-76.473,23601,1,11,10,13,-0.33170781
2013,2012-13,Complete,"Newport News, VA","Newport News, VA","North Kingstown, RI",Scallop,Scallop,Other,Other,Scallop,45 to 54,47,HS or equivalent,HS or equivalent,White,White,No,"$30,000 - $39,999","$30,000 - $59,999",Not insured,Not insured,Divorced,Other/Single,U.S.,English,Yes,2,2nd gen,31,30 or more,31,2,Two owners,Deckhand,3,Less than 5,Previous work,Easy,1,1 day,7,8 hours or less,5,3 to 5 members,Hired Captain,Deckhand,Deckhand,1,Share system,Share,50,50,Yes,Yes,No,Yes,No,No,No,Neutral,3,Neutral,3,Satisfied,4,Dissatisfied,2,Neutral,3,Neutral,3,Satisfied,4,Neutral,3,Neutral,3,No,No,Disagree,Agree,No,,,,37.087101,-76.473,23601,1,10,8,10,-0.33170781
2013,2012-13,Complete,"Newport News, VA","Newport News, VA","North Kingstown, RI",Scallop,Scallop,Other,Other,Scallop,25 to 34,29,HS or equivalent,HS or equivalent,White,White,No,"$100,000 - $119,999","$90,000 - $119,999",Spouse/partner,Insured,Married,Married,U.S.,English,Yes,2,2nd gen,10,5 to 15,10,1,One owner,Deckhand,10,5 to 15,Referred by a friend,Very easy,12,More than 7 days,17,15 to 17 hours,7,6 or more members,Hired Captain,Multiple Positions,Multiple Positions,1,Share system,Share,45,55,Yes,Yes,No,Yes,No,No,Yes,Very Satisfied,5,Neutral,3,Satisfied,4,Satisfied,4,Dissatisfied,2,Very Dissatisfied,1,Very Satisfied,5,Very Satisfied,5,Satisfied,4,Yes,Yes,Strongly Disagree,Agree,,Disagree,Agree,Strongly Agree,37.087101,-76.473,23601,1,12,7,14,-0.33170781
2013,2012-13,Complete,"Newport News, VA","Newport News, VA","North Kingstown, RI",Scallop,Scallop,Other,Other,Scallop,45 to 54,46,HS or equivalent,HS or equivalent,White,White,No,,,Not insured,Not insured,Never Married,Other/Single,U.S.,English,No,1,1st gen,22,16 to 29,22,2,Two owners,Deckhand,5,5 to 15,Previous work,Easy,14,More than 7 days,18,18 hours or more,7,6 or more members,Hired Captain,Deckhand,Deckhand,1,Share system,Share,40,60,Yes,Yes,No,Yes,Yes,No,Yes,Dissatisfied,2,Very Dissatisfied,1,Very Satisfied,5,Satisfied,4,Satisfied,4,Very Satisfied,5,Very Satisfied,5,Very Satisfied,5,Very Dissatisfied,1,Yes,Yes,Strongly Disagree,Strongly Disagree,No,,,,37.087101,-76.473,23601,1,8,13,11,-0.33170781
2013,2012-13,Complete,"Newport News, VA","Newport News, VA","North Kingstown, RI",Scallop,Scallop,Other,Other,Scallop,35 to 44,37,Associate's/two-year degree,Associate's/two-year degree,White,White,No,"$90,000 - $99,999","$90,000 - $119,999",Private insurance,Insured,Divorced,Other/Single,U.S.,English,No,1,1st gen,15,5 to 15,15,1,One owner,Deckhand,7,5 to 15,Previous work,Very easy,9,More than 7 days,18,18 hours or more,7,6 or more members,Hired Captain,Mate,Other,1,Share system,Share,40,60,Yes,Yes,No,Yes,Yes,No,No,Satisfied,4,Satisfied,4,Neutral,3,Dissatisfied,2,Dissatisfied,2,Neutral,3,Very Satisfied,5,Very Satisfied,5,Satisfied,4,No,Yes,Strongly Disagree,Disagree,,Agree,Neutral,Agree,37.087101,-76.473,23601,1,11,7,14,-0.33170781
2013,2012-13,Complete,"Newport News, VA","Newport News, VA","North Kingstown, RI",Scallop,Scallop,Other,Other,Scallop,25 to 34,26,HS or equivalent,HS or equivalent,Some other race,Non-White,Yes,"$60,000 - $69,999","$60,000 - $89,999",Not insured,Not insured,Married,Married,Outside U.S.,Spanish,Yes,1,1st gen,6,5 to 15,6,1,One owner,Deckhand,1,Less than 5,Referred by a friend,Neither easy nor difficult,9,More than 7 days,19,18 hours or more,7,6 or more members,Hired Captain,Deckhand,Deckhand,1,Share system,Share,55,45,Yes,Yes,No,Yes,Yes,No,Yes,Satisfied,4,Satisfied,4,Dissatisfied,2,Satisfied,4,Dissatisfied,2,Neutral,3,Very Satisfied,5,Very Satisfied,5,Very Dissatisfied,1,Yes,Yes,Disagree,Disagree,,Agree,DK/NA,Agree,37.087101,-76.473,23601,1,10,9,11,-0.33170781
2013,2012-13,Complete,"Newport News, VA","Newport News, VA","North Kingstown, RI",Scallop,Scallop,Other,Other,Scallop,Under 25,23,HS or equivalent,HS or equivalent,Multiracial,Non-White,Yes,"$40,000 - $49,999","$30,000 - $59,999",Not insured,Not insured,Living with partner,Other/Single,U.S.,English & Spanish,Yes,1,1st gen,2,Less than 5,2,2,Two owners,Deckhand,0,Less than 5,Related to non-owner,Neither easy nor difficult,7,5 to 7 days,20,18 hours or more,7,6 or more members,Hired Captain,Deckhand,Deckhand,1,Share system,Share,40,60,Yes,No,No,Yes,Yes,No,No,Very Satisfied,5,Satisfied,4,Satisfied,4,Neutral,3,Neutral,3,Neutral,3,Very Satisfied,5,Satisfied,4,Satisfied,4,Yes,Yes,Neutral,Agree,No,,,,37.087101,-76.473,23601,1,13,9,13,-0.33170781
2013,2012-13,Complete,"Newport News, VA","Newport News, VA","North Kingstown, RI",Scallop,Scallop,Other,Other,Scallop,35 to 44,40,Associate's/two-year degree,Associate's/two-year degree,Multiracial,Non-White,No,"$100,000 - $119,999","$90,000 - $119,999",Private insurance,Insured,Divorced,Other/Single,U.S.,English,Yes,3,3rd gen,26,16 to 29,26,1,One owner,Deckhand,5,5 to 15,Previous work,Very easy,8,More than 7 days,20,18 hours or more,6,6 or more members,Hired Captain,Multiple Positions,Multiple Positions,1,Share system,Share,50,50,Yes,Yes,No,Yes,No,No,Yes,Satisfied,4,Satisfied,4,Neutral,3,Neutral,3,Dissatisfied,2,Satisfied,4,Very Satisfied,5,Very Satisfied,5,Very Satisfied,5,Yes,Yes,Strongly Disagree,Agree,,Strongly Agree,DK/NA,Agree,37.087101,-76.473,23601,1,11,9,15,-0.33170781
2013,2012-13,Complete,"Newport News, VA","Newport News, VA","Point Pleasant, NJ",Scallop,Scallop,Other,Other,Scallop,35 to 44,36,HS or equivalent,HS or equivalent,White,White,No,"$30,000 - $39,999","$30,000 - $59,999",Not insured,Not insured,Divorced,Other/Single,U.S.,English,Yes,5,4th gen or greater,20,16 to 29,20,1,One owner,Deckhand,10,5 to 15,Previous work,Very easy,1,1 day,8,8 hours or less,4,3 to 5 members,Owner-operated,Mate,Other,1,Share system,Share,70,30,No,No,No,Yes,No,No,No,Satisfied,4,Dissatisfied,2,Neutral,3,Dissatisfied,2,Dissatisfied,2,Very Satisfied,5,Very Satisfied,5,Very Satisfied,5,Very Satisfied,5,No,Yes,Strongly Disagree,Disagree,No,,,,37.087101,-76.473,23601,1,9,9,15,-0.33170781
2013,2012-13,Complete,"Newport News, VA","Newport News, VA","North Kingstown, RI",Scallop,Scallop,Other,Other,Scallop,35 to 44,35,HS or equivalent,HS or equivalent,Multiracial,Non-White,Yes,"$100,000 - $119,999","$90,000 - $119,999",Private insurance,Insured,Married,Married,U.S.,English,No,1,1st gen,12,5 to 15,12,1,One owner,Deckhand,5,5 to 15,Previous work,Very easy,8,More than 7 days,19,18 hours or more,7,6 or more members,Hired Captain,Mate,Other,1,Share system,Share,45,55,Yes,Yes,No,Yes,Yes,No,Yes,Satisfied,4,Dissatisfied,2,Satisfied,4,Very Dissatisfied,1,Very Satisfied,5,Satisfied,4,Very Satisfied,5,Very Satisfied,5,Very Satisfied,5,Don't know,Yes,Disagree,Strongly Disagree,No,,,,37.087101,-76.473,23601,1,10,10,15,-0.33170781
2013,2012-13,Complete,"Newport News, VA","Newport News, VA","North Kingstown, RI",Scallop,Scallop,Other,Other,Scallop,35 to 44,40,Less than HS,Less than HS,White,White,No,"$50,000 - $59,999","$30,000 - $59,999",Private insurance,Insured,Married,Married,U.S.,English,Yes,3,3rd gen,23,16 to 29,23,1,One owner,Deckhand,8,5 to 15,Previous work,Very easy,7,5 to 7 days,18,18 hours or more,7,6 or more members,Hired Captain,Deckhand,Deckhand,1,Share system,Share,40,60,Yes,No,No,Yes,No,No,No,Satisfied,4,Satisfied,4,Neutral,3,Dissatisfied,2,Neutral,3,Neutral,3,Satisfied,4,Satisfied,4,Satisfied,4,Yes,Yes,Strongly Disagree,Neutral,,Agree,DK/NA,Neutral,37.087101,-76.473,23601,1,11,8,12,-0.33170781
2013,2012-13,Complete,"Newport News, VA","Newport News, VA","North Kingstown, RI",Scallop,Scallop,Other,Other,Scallop,25 to 34,34,HS or equivalent,HS or equivalent,Some other race,Non-White,Yes,"$60,000 - $69,999","$60,000 - $89,999",Private insurance,Insured,Married,Married,Outside U.S.,Spanish,Yes,1,1st gen,10,5 to 15,10,1,One owner,Deckhand,3,Less than 5,Previous work,Easy,10,More than 7 days,19,18 hours or more,7,6 or more members,Hired Captain,Deckhand,Deckhand,1,Share system,Share,45,55,Yes,Yes,No,Yes,Yes,No,No,Very Satisfied,5,Satisfied,4,Neutral,3,Neutral,3,Neutral,3,Satisfied,4,Very Satisfied,5,Satisfied,4,Neutral,3,No,Yes,Disagree,Disagree,,Disagree,DK/NA,Neutral,37.087101,-76.473,23601,1,12,10,12,-0.33170781
2013,2012-13,Complete,"Newport News, VA","Newport News, VA","North Kingstown, RI",Scallop,Scallop,Other,Other,Scallop,35 to 44,40,HS or equivalent,HS or equivalent,White,White,No,"$80,000 - $89,999","$60,000 - $89,999",Not insured,Not insured,Divorced,Other/Single,U.S.,English,Yes,2,2nd gen,22,16 to 29,22,2,Two owners,Deckhand,2,Less than 5,Previous work,Easy,9,More than 7 days,18,18 hours or more,7,6 or more members,Hired Captain,Deckhand,Deckhand,1,Share system,Share,55,45,Yes,Yes,No,Yes,No,No,No,Satisfied,4,Neutral,3,Neutral,3,Dissatisfied,2,Neutral,3,Neutral,3,Satisfied,4,Satisfied,4,Satisfied,4,No,Yes,Disagree,Agree,,Agree,DK/NA,Agree,37.087101,-76.473,23601,1,10,8,12,-0.33170781
2013,2012-13,Complete,"Newport News, VA","Newport News, VA","North Kingstown, RI",Scallop,Scallop,Other,Other,Scallop,35 to 44,43,Less than HS,Less than HS,Black,Non-White,No,"$90,000 - $99,999","$90,000 - $119,999",Private insurance,Insured,Married,Married,U.S.,English,Yes,3,3rd gen,26,16 to 29,26,1,One owner,Deckhand,6,5 to 15,Previous work,Very easy,11,More than 7 days,18,18 hours or more,7,6 or more members,Hired Captain,Multiple Positions,Multiple Positions,1,Share system,Share,40,60,Yes,Yes,No,Yes,No,No,No,Satisfied,4,Satisfied,4,Satisfied,4,Satisfied,4,Neutral,3,Neutral,3,Satisfied,4,Satisfied,4,Very Satisfied,5,Yes,Yes,Strongly Disagree,Disagree,Yes,,,,37.087101,-76.473,23601,1,12,10,13,-0.33170781
2013,2012-13,Complete,"Newport News, VA","Newport News, VA","North Kingstown, RI",Scallop,Scallop,Other,Other,Scallop,Under 25,22,HS or equivalent,HS or equivalent,Some other race,Non-White,Yes,"$30,000 - $39,999","$30,000 - $59,999",Not insured,Not insured,Living with partner,Other/Single,Outside U.S.,Spanish,Yes,1,1st gen,4,Less than 5,4,2,Two owners,Deckhand,0,Less than 5,Referred by a friend,Neither easy nor difficult,8,More than 7 days,18,18 hours or more,7,6 or more members,Hired Captain,Deckhand,Deckhand,1,Share system,Share,50,50,Yes,Yes,No,Yes,No,No,Yes,Satisfied,4,Satisfied,4,Satisfied,4,Neutral,3,Neutral,3,Satisfied,4,Very Satisfied,5,Satisfied,4,Satisfied,4,Yes,Don't know,Disagree,Neutral,,DK/NA,DK/NA,Disagree,37.087101,-76.473,23601,1,12,10,13,-0.33170781
2013,2012-13,Complete,"Newport News, VA","Newport News, VA","New Gloucester, ME",Scallop,Scallop,Other,Other,Scallop,45 to 54,48,HS or equivalent,HS or equivalent,White,White,No,"$90,000 - $99,999","$90,000 - $119,999",Private insurance,Insured,Married,Married,U.S.,English,No,1,1st gen,32,30 or more,32,1,One owner,Deckhand,3,Less than 5,Previous work,Very easy,10,More than 7 days,18,18 hours or more,7,6 or more members,Hired Captain,Mate,Other,1,Share system,Share,50,50,Yes,Yes,No,Yes,No,No,No,Satisfied,4,Satisfied,4,Satisfied,4,Dissatisfied,2,Very Dissatisfied,1,Dissatisfied,2,Very Satisfied,5,Satisfied,4,Satisfied,4,No,Yes,Strongly Disagree,Disagree,No,,,,37.087101,-76.473,23601,1,12,5,13,-0.33170781
2013,2012-13,Complete,"Cape May, NJ","Point Judith, RI","Point Lookout, NY",Scallop,Scallop,Other,Other,Scallop,Under 25,24,HS or equivalent,HS or equivalent,White,White,No,"$90,000 - $99,999","$90,000 - $119,999",Private insurance,Insured,Never Married,Other/Single,U.S.,English,Yes,1,1st gen,5,5 to 15,5,4,Four or more,Other,4,Less than 5,Word of mouth,Very easy,5,5 to 7 days,18,18 hours or more,5,3 to 5 members,Hired Captain,Deckhand,Deckhand,1,Share system,Share,53,47,Yes,No,No,Yes,No,No,No,Satisfied,4,Very Dissatisfied,1,Very Satisfied,5,Very Satisfied,5,Neutral,3,Satisfied,4,Very Satisfied,5,Very Satisfied,5,Very Satisfied,5,No,Yes,Strongly Disagree,Disagree,No,,,,41.365398,-71.486702,2882,1,10,12,15,-0.075379163
2013,2012-13,Complete,"Point Judith, RI","Point Judith, RI","Cape May, NJ",Scallop,Scallop,Other,Other,Scallop,35 to 44,35,Associate's/two-year degree,Associate's/two-year degree,White,White,No,,,Not insured,Not insured,Married,Married,U.S.,English,No,1,1st gen,14,5 to 15,14,1,One owner,Other,5,5 to 15,,Very difficult,10,More than 7 days,14,9 to 14 hours,5,3 to 5 members,Owner-operated,Multiple Positions,Multiple Positions,1,Share system,Share,51,49,Yes,No,No,Yes,No,No,Yes,Satisfied,4,Very Satisfied,5,Very Satisfied,5,Dissatisfied,2,Satisfied,4,Dissatisfied,2,Satisfied,4,Satisfied,4,Satisfied,4,No,Yes,Agree,Agree,,Agree,Agree,Agree,41.365398,-71.486702,2882,1,14,8,12,-0.075379163
2013,2012-13,Complete,"Newport News, VA","Point Lookout, NY","Point Pleasant, NJ",Scallop,Scallop,Other,Other,Scallop,35 to 44,40,Less than HS,Less than HS,Black,Non-White,No,"$60,000 - $69,999","$60,000 - $89,999",Private insurance,Insured,Married,Married,U.S.,English,Yes,2,2nd gen,30,30 or more,30,2,Two owners,Deckhand,3,Less than 5,Previous work,Easy,8,More than 7 days,18,18 hours or more,7,6 or more members,Hired Captain,Multiple Positions,Multiple Positions,1,Share system,Share,60,40,Yes,No,No,Yes,Yes,No,No,Satisfied,4,Satisfied,4,Dissatisfied,2,Dissatisfied,2,Neutral,3,Satisfied,4,Satisfied,4,Satisfied,4,Satisfied,4,No,Yes,Disagree,Neutral,No,,,,40.5923,-73.580704,11569,1,10,9,12,0.094816469
2013,2012-13,Complete,"Newport News, VA","Point Pleasant, NJ","Portland, ME",Scallop,Scallop,Other,Other,Scallop,45 to 54,48,HS or equivalent,HS or equivalent,White,White,No,"$60,000 - $69,999","$60,000 - $89,999",Not insured,Not insured,Divorced,Other/Single,U.S.,English,Yes,2,2nd gen,33,30 or more,33,2,Two owners,Deckhand,0,Less than 5,,Very easy,1,1 day,18,18 hours or more,3,3 to 5 members,Hired Captain,Captain,Captain,0,Share system,Share,50,50,No,No,No,Yes,No,No,No,Satisfied,4,Dissatisfied,2,Satisfied,4,Dissatisfied,2,Satisfied,4,Satisfied,4,Very Satisfied,5,Satisfied,4,Very Satisfied,5,Yes,No,Disagree,Disagree,,Strongly Agree,DK/NA,Strongly Agree,40.083199,-74.068199,8742,1,10,10,14,-0.90694255
2013,2012-13,Complete,"Newport News, VA","Seaford, VA","South Bristol, ME",Scallop,Scallop,Other,Other,Scallop,Under 25,22,HS or equivalent,HS or equivalent,Multiracial,Non-White,Yes,"Less than $10,000","Less than $30,000",Not insured,Not insured,Never Married,Other/Single,U.S.,English & Spanish,No,2,2nd gen,3,Less than 5,3,1,One owner,Deckhand,1,Less than 5,Referred by a friend,Very easy,1,1 day,4,8 hours or less,4,3 to 5 members,Owner-operated,Deckhand,Deckhand,1,Per trip,Other,,,DK/NA,DK/NA,DK/NA,DK/NA,DK/NA,DK/NA,DK/NA,Neutral,3,Satisfied,4,Very Dissatisfied,1,Very Dissatisfied,1,Very Dissatisfied,1,Very Dissatisfied,1,Very Satisfied,5,Very Satisfied,5,Very Satisfied,5,No,Yes,Strongly Disagree,Disagree,,Strongly Agree,Strongly Disagree,Strongly Agree,37.1982,-76.432999,23696,1,8,3,15,-0.24950619
2013,2012-13,Complete,"Newport News, VA","Seaford, VA","South Bristol, ME",Scallop,Scallop,Other,Other,Scallop,35 to 44,40,Less than HS,Less than HS,Multiracial,Non-White,Yes,"$40,000 - $49,999","$30,000 - $59,999",Employer (vessel),Insured,Married,Married,Outside U.S.,Spanish,Yes,2,2nd gen,12,5 to 15,12,1,One owner,Deckhand,1,Less than 5,Referred by a friend,Neither easy nor difficult,10,More than 7 days,18,18 hours or more,7,6 or more members,Hired Captain,Multiple Positions,Multiple Positions,1,Share system,Share,50,50,Yes,No,No,Yes,Yes,No,Yes,Satisfied,4,Satisfied,4,Very Dissatisfied,1,Neutral,3,Satisfied,4,Very Satisfied,5,Satisfied,4,Satisfied,4,Satisfied,4,Yes,No,Strongly Disagree,Strongly Disagree,No,,,,37.1982,-76.432999,23696,1,9,12,12,-0.24950619
2013,2012-13,Complete,"Newport News, VA","Seaford, VA","South Bristol, ME",Scallop,Scallop,Other,Other,Scallop,25 to 34,34,HS or equivalent,HS or equivalent,American Indian/Alaska Native,Non-White,Yes,"$120,000 or more","$120,000 or more",Not insured,Not insured,Married,Married,Outside U.S.,Spanish,No,1,1st gen,10,5 to 15,10,1,One owner,Deckhand,9,5 to 15,Previous work,Very easy,10,More than 7 days,18,18 hours or more,7,6 or more members,Hired Captain,Mate,Other,1,Share system,Share,45,55,Yes,Yes,No,Yes,Yes,No,No,Very Satisfied,5,Satisfied,4,Satisfied,4,Dissatisfied,2,Neutral,3,Dissatisfied,2,Satisfied,4,Satisfied,4,Satisfied,4,Yes,Yes,Disagree,Disagree,No,,,,37.1982,-76.432999,23696,1,13,7,12,-0.24950619
2013,2012-13,Complete,"Newport News, VA","Seaford, VA","South Bristol, ME",Scallop,Scallop,Other,Other,Scallop,55 or older,55,Less than HS,Less than HS,White,White,No,"$100,000 - $119,999","$90,000 - $119,999",Private insurance,Insured,Never Married,Other/Single,U.S.,English,No,1,1st gen,27,16 to 29,27,1,One owner,Deckhand,1,Less than 5,,Easy,9,More than 7 days,18,18 hours or more,7,6 or more members,Hired Captain,Deckhand,Deckhand,1,Share system,Share,45,55,Yes,Yes,No,Yes,Yes,No,Yes,Very Satisfied,5,Satisfied,4,Satisfied,4,Satisfied,4,Dissatisfied,2,Neutral,3,Very Satisfied,5,Satisfied,4,Satisfied,4,Yes,No,Strongly Disagree,Strongly Disagree,Yes,,,,37.1982,-76.432999,23696,1,13,9,13,-0.24950619
2013,2012-13,Complete,"Cape May, NJ","Cape May, NJ","Cape May, NJ",Scup,Other,Other,Other,Other,55 or older,,Bachelor's/four year degree,Bachelor's/four year degree,White,White,No,"$60,000 - $69,999","$60,000 - $89,999",Not insured,Not insured,Married,Married,U.S.,English,Yes,1,1st gen,,30 or more,,3,Three owners,Captain,20,16 to 29,Word of mouth,Easy,3,2 to 4 days,18,18 hours or more,3,3 to 5 members,Hired Captain,Captain,Captain,0,Share system,Share,50,50,Yes,Yes,No,Yes,No,No,No,Satisfied,4,Neutral,3,Neutral,3,Satisfied,4,Neutral,3,Satisfied,4,Very Satisfied,5,Satisfied,4,Very Satisfied,5,Yes,Yes,Disagree,Strongly Disagree,Yes,,,,38.935101,-74.905998,8204,1,10,11,14,-0.005133186
2013,2012-13,Complete,"Point Judith, RI","Point Judith, RI","Point Lookout, NY",Scup,Other,Other,Other,Other,Under 25,20,Less than HS,Less than HS,White,White,No,"$30,000 - $39,999","$30,000 - $59,999",Not insured,Not insured,Never Married,Other/Single,U.S.,English,Yes,20,4th gen or greater,4,Less than 5,4,1,One owner,Deckhand,2,Less than 5,Referred by a friend,Easy,1,1 day,13,9 to 14 hours,2,1 to 2 members,Owner-operated,Deckhand,Deckhand,1,Share system,Share,80,20,DK/NA,DK/NA,DK/NA,DK/NA,DK/NA,DK/NA,DK/NA,Satisfied,4,Satisfied,4,Dissatisfied,2,Satisfied,4,Satisfied,4,Very Satisfied,5,Very Satisfied,5,Very Satisfied,5,Satisfied,4,No,Yes,Disagree,Disagree,No,,,,41.365398,-71.486702,2882,1,10,13,14,-0.075379163
2013,2012-13,Complete,"Oriental, NC","Bayou la Batre, AL","Bayou la Batre, AL",Shrimp,Other,Other,Other,Other,35 to 44,35,HS or equivalent,HS or equivalent,White,White,No,"$40,000 - $49,999","$30,000 - $59,999",Fed or state insurance,Insured,Never Married,Other/Single,U.S.,English,Yes,2,2nd gen,35,30 or more,35,3,Three owners,Deckhand,1,Less than 5,Word of mouth,Very easy,30,More than 7 days,18,18 hours or more,3,3 to 5 members,Owner-operated,Other,Other,1,DK/NA,DK/NA,,,DK/NA,DK/NA,DK/NA,DK/NA,DK/NA,DK/NA,DK/NA,Neutral,3,Dissatisfied,2,Neutral,3,Dissatisfied,2,Dissatisfied,2,DK/NA,,Very Satisfied,5,Very Satisfied,5,Neutral,3,Don't know,No,Strongly Agree,Agree,,Agree,DK/NA,Agree,30.407,-88.260696,36509,1,8,,13,0.10911466
2013,2012-13,Complete,"Beaufort, NC","Beaufort, NC","Beaufort, NC",Shrimp,Other,Other,Other,Other,55 or older,57,HS or equivalent,HS or equivalent,White,White,No,"$10,000 - $19,999","Less than $30,000",Not insured,Not insured,Never Married,Other/Single,U.S.,English,Yes,5,4th gen or greater,35,30 or more,35,1,One owner,Deckhand,0,Less than 5,Previous work,Easy,10,More than 7 days,24,18 hours or more,3,3 to 5 members,Hired Captain,Deckhand,Deckhand,1,Share system,Share,50,50,Yes,Yes,No,Yes,No,Yes,No,Very Dissatisfied,1,Very Dissatisfied,1,Satisfied,4,Dissatisfied,2,Dissatisfied,2,Dissatisfied,2,Very Satisfied,5,Satisfied,4,Very Satisfied,5,No,No,Disagree,Agree,No,,,,34.718201,-76.663803,28512,4,6,6,14,-0.3108187
2013,2012-13,Complete,"Oriental, NC","Cape Canaveral, FL","Cape Canaveral, FL",Shrimp,Other,Other,Other,Other,Under 25,22,Associate's/two-year degree,Associate's/two-year degree,White,White,No,"$20,000 - $29,999","Less than $30,000",Fed or state insurance,Insured,Never Married,Other/Single,U.S.,English,Yes,3,3rd gen,0,Less than 5,0,1,One owner,Deckhand,0,Less than 5,Related to non-owner,Very easy,29,More than 7 days,18,18 hours or more,4,3 to 5 members,Hired Captain,Deckhand,Deckhand,1,Share system,Share,50,50,No,No,No,Yes,No,No,No,Dissatisfied,2,Dissatisfied,2,Neutral,3,Dissatisfied,2,Satisfied,4,Very Satisfied,5,Very Satisfied,5,Very Satisfied,5,Satisfied,4,Yes,No,Disagree,Agree,No,,,,28.3922,-80.607697,32920,1,7,11,14,-0.099049069
2013,2012-13,Complete,"Oriental, NC","Cape Canaveral, FL","Cape Canaveral, FL",Shrimp,Other,Other,Other,Other,55 or older,65,HS or equivalent,HS or equivalent,White,White,No,"$100,000 - $119,999","$90,000 - $119,999",Fed or state insurance,Insured,Married,Married,U.S.,English,Yes,2,2nd gen,50,30 or more,50,1,One owner,Deckhand,4,Less than 5,,Very easy,20,More than 7 days,20,18 hours or more,4,3 to 5 members,Hired Captain,Captain,Captain,0,Share system,Share,50,50,Yes,No,No,Yes,No,No,No,Satisfied,4,Neutral,3,Neutral,3,Neutral,3,Neutral,3,Neutral,3,Satisfied,4,Satisfied,4,Very Satisfied,5,Yes,Yes,Disagree,Strongly Disagree,,Agree,Disagree,Agree,28.3922,-80.607697,32920,1,10,9,13,-0.099049069
2013,2012-13,Complete,"Seabrook, NH","Hampton, NH","Hampton, NH",Shrimp,Other,Other,Other,Other,25 to 34,25,Bachelor's/four year degree,Bachelor's/four year degree,White,White,No,"$10,000 - $19,999","Less than $30,000",Private insurance,Insured,Never Married,Other/Single,U.S.,English,No,1,1st gen,0,Less than 5,0,1,One owner,Deckhand,0,Less than 5,Word of mouth,Easy,1,1 day,15,15 to 17 hours,4,3 to 5 members,Owner-operated,Deckhand,Deckhand,1,Share system,Share,70,30,Yes,No,No,Yes,Yes,No,No,Satisfied,4,Dissatisfied,2,Satisfied,4,Satisfied,4,Satisfied,4,Satisfied,4,Very Satisfied,5,Very Satisfied,5,Satisfied,4,Yes,Yes,Disagree,Agree,,Disagree,Disagree,Disagree,37.0299,-76.3452,3842,1,10,12,14,0.1084077
2013,2012-13,Complete,"Oriental, NC","McClellanville, SC","McClellanville, SC",Shrimp,Other,Other,Other,Other,35 to 44,44,HS or equivalent,HS or equivalent,White,White,No,"$30,000 - $39,999","$30,000 - $59,999",Spouse/partner,Insured,Living with partner,Other/Single,U.S.,English,Yes,2,2nd gen,30,30 or more,30,1,One owner,Deckhand,3,Less than 5,Word of mouth,Easy,5,5 to 7 days,16,15 to 17 hours,3,3 to 5 members,Owner-operated,Deckhand,Deckhand,1,Share system,Share,80,20,No,No,No,Yes,No,No,No,Very Dissatisfied,1,Satisfied,4,Satisfied,4,Dissatisfied,2,Satisfied,4,Very Satisfied,5,Very Satisfied,5,Very Satisfied,5,Very Satisfied,5,No,Yes,Strongly Disagree,Strongly Disagree,Yes,,,,33.088001,-79.4673,29458,2,9,11,15,0.13624464
2013,2012-13,Complete,"Oriental, NC","McClellanville, SC","McClellanville, SC",Shrimp,Other,Other,Other,Other,Under 25,21,HS or equivalent,HS or equivalent,White,White,No,"$40,000 - $49,999","$30,000 - $59,999",Not insured,Not insured,Living with partner,Other/Single,U.S.,English,Yes,1,1st gen,3,Less than 5,3,1,One owner,Deckhand,3,Less than 5,Previous work,Very easy,5,5 to 7 days,16,15 to 17 hours,3,3 to 5 members,Owner-operated,Deckhand,Deckhand,1,Share system,Share,80,20,No,No,No,Yes,No,No,No,Satisfied,4,Neutral,3,Very Satisfied,5,Dissatisfied,2,Dissatisfied,2,Satisfied,4,Very Satisfied,5,Satisfied,4,Very Satisfied,5,No,Yes,Strongly Disagree,Strongly Disagree,,Disagree,Disagree,Disagree,33.088001,-79.4673,29458,2,12,8,14,0.13624464
2013,2012-13,Complete,"Newport News, VA","Newport News, VA","North Kingstown, RI",Shrimp,Other,Other,Other,Other,35 to 44,44,Less than HS,Less than HS,Black,Non-White,No,,,Not insured,Not insured,Never Married,Other/Single,U.S.,English,Yes,2,2nd gen,23,16 to 29,23,1,One owner,Deckhand,1,Less than 5,,Very easy,7,5 to 7 days,24,18 hours or more,3,3 to 5 members,Hired Captain,Captain,Captain,0,Share system,Share,50,50,Yes,Yes,No,Yes,No,No,No,Dissatisfied,2,Very Dissatisfied,1,Neutral,3,Very Dissatisfied,1,Very Dissatisfied,1,Satisfied,4,Satisfied,4,Neutral,3,Very Satisfied,5,No,Don't know,Strongly Agree,Strongly Agree,Yes,,,,37.087101,-76.473,23601,1,6,6,12,-0.33170781
2013,2012-13,Complete,"Cape May, NJ","Wanchese, NC","Wanchese, NC",Shrimp,Other,Other,Other,Other,25 to 34,30,Less than HS,Less than HS,White,White,No,"$100,000 - $119,999","$90,000 - $119,999",Not insured,Not insured,Never Married,Other/Single,U.S.,English,No,1,1st gen,3,Less than 5,3,2,Two owners,Deckhand,0,Less than 5,Referred by a friend,Difficult,10,More than 7 days,15,15 to 17 hours,3,3 to 5 members,Owner-operated,Deckhand,Deckhand,1,Share system,Share,50,50,Yes,No,No,Yes,No,No,No,Satisfied,4,Satisfied,4,Very Satisfied,5,Neutral,3,Satisfied,4,Neutral,3,Very Satisfied,5,Satisfied,4,Neutral,3,Yes,Yes,Disagree,Disagree,No,,,,35.842701,-75.638496,27981,10,13,10,12,0.53377718
2013,2012-13,Complete,"Point Judith, RI","Point Judith, RI","Point Lookout, NY",Skate,Other,Other,Other,Other,25 to 34,27,Associate's/two-year degree,Associate's/two-year degree,White,White,No,"$10,000 - $19,999","Less than $30,000",Not insured,Not insured,Never Married,Other/Single,U.S.,English,Yes,1,1st gen,10,5 to 15,10,1,One owner,Deckhand,1,Less than 5,Word of mouth,Very easy,1,1 day,12,9 to 14 hours,4,3 to 5 members,Owner-operated,Deckhand,Deckhand,1,Share system,Share,50,50,No,No,No,No,No,No,Yes,Dissatisfied,2,Very Dissatisfied,1,Satisfied,4,Very Satisfied,5,Neutral,3,Very Satisfied,5,Very Satisfied,5,Very Satisfied,5,Very Satisfied,5,No,No,Strongly Disagree,Strongly Disagree,,Disagree,Strongly Disagree,Strongly Agree,41.365398,-71.486702,2882,1,7,13,15,-0.075379163
2013,2012-13,Complete,"Point Judith, RI","Point Judith, RI","Point Lookout, NY",Skate,Other,Other,Other,Other,55 or older,57,Bachelor's/four year degree,Bachelor's/four year degree,White,White,No,"$30,000 - $39,999","$30,000 - $59,999",Not insured,Not insured,Divorced,Other/Single,U.S.,English,No,2,2nd gen,10,5 to 15,10,1,One owner,Deckhand,10,5 to 15,Word of mouth,Very easy,1,1 day,12,9 to 14 hours,4,3 to 5 members,Owner-operated,Deckhand,Deckhand,1,Share system,Share,50,50,DK/NA,DK/NA,DK/NA,DK/NA,DK/NA,DK/NA,DK/NA,Dissatisfied,2,Very Dissatisfied,1,Very Satisfied,5,Very Satisfied,5,Very Satisfied,5,Very Satisfied,5,Very Satisfied,5,Very Satisfied,5,Very Satisfied,5,No,Yes,Disagree,Agree,Yes,,,,41.365398,-71.486702,2882,1,8,15,15,-0.075379163
2013,2012-13,Complete,"Wanchese, NC","Wanchese, NC","Wanchese, NC",Skate,Other,Other,Other,Other,35 to 44,41,HS or equivalent,HS or equivalent,White,White,No,"$30,000 - $39,999","$30,000 - $59,999",Private insurance,Insured,Married,Married,U.S.,English,Yes,8,4th gen or greater,35,30 or more,35,1,One owner,Captain,17,16 to 29,Previous work,Very easy,1,1 day,14,9 to 14 hours,2,1 to 2 members,Hired Captain,Captain,Captain,0,Share system,Share,30,70,Yes,No,No,No,Yes,No,Yes,Dissatisfied,2,Very Dissatisfied,1,Very Dissatisfied,1,Satisfied,4,Satisfied,4,Dissatisfied,2,Very Satisfied,5,Very Satisfied,5,Satisfied,4,No,Yes,Disagree,Agree,,Strongly Agree,Disagree,Strongly Agree,35.842701,-75.638496,27981,10,4,10,14,0.53377718
2013,2012-13,Complete,"Wanchese, NC","Wanchese, NC","Wanchese, NC",Skate,Other,Other,Other,Other,Under 25,18,HS or equivalent,HS or equivalent,White,White,No,"$10,000 - $19,999","Less than $30,000",Not insured,Not insured,Never Married,Other/Single,U.S.,English,No,2,2nd gen,1,Less than 5,1,1,One owner,Deckhand,1,Less than 5,Referred by a friend,Neither easy nor difficult,1,1 day,9,9 to 14 hours,2,1 to 2 members,Owner-operated,Deckhand,Deckhand,1,Share system,Share,75,25,DK/NA,DK/NA,DK/NA,DK/NA,DK/NA,DK/NA,DK/NA,Satisfied,4,Satisfied,4,Satisfied,4,Dissatisfied,2,Satisfied,4,Satisfied,4,Satisfied,4,Satisfied,4,Dissatisfied,2,Yes,No,Agree,Agree,,DK/NA,DK/NA,DK/NA,35.842701,-75.638496,27981,10,12,10,10,0.53377718
2013,2012-13,Complete,"Wanchese, NC","Wanchese, NC","Wanchese, NC",Skate,Other,Other,Other,Other,25 to 34,33,Associate's/two-year degree,Associate's/two-year degree,White,White,No,"$20,000 - $29,999","Less than $30,000",Spouse/partner,Insured,Married,Married,U.S.,English,Yes,3,3rd gen,24,16 to 29,24,1,One owner,Deckhand,6,5 to 15,Previous work,Difficult,1,1 day,14,9 to 14 hours,3,3 to 5 members,Owner-operated,Multiple Positions,Multiple Positions,1,Share system,Share,,,No,No,No,No,No,No,No,Satisfied,4,Neutral,3,Dissatisfied,2,Dissatisfied,2,Satisfied,4,Dissatisfied,2,Very Satisfied,5,Satisfied,4,Neutral,3,No,Yes,Disagree,Agree,No,,,,35.842701,-75.638496,27981,10,9,8,12,0.53377718
2013,2012-13,Complete,"Chatham, MA","Chatham, MA","Chatham, MA",Spiny Dogfish,Other,Other,Other,Other,35 to 44,37,HS or equivalent,HS or equivalent,White,White,No,"$20,000 - $29,999","Less than $30,000",Private insurance,Insured,Married,Married,U.S.,English,No,1,1st gen,16,16 to 29,16,2,Two owners,Mate/1st Mate,2,Less than 5,Referred by a friend,Easy,1,1 day,12,9 to 14 hours,3,3 to 5 members,Owner-operated,Multiple Positions,Multiple Positions,1,Share system,Share,60,40,No,No,No,No,Yes,No,No,Dissatisfied,2,Very Dissatisfied,1,Very Satisfied,5,Satisfied,4,Satisfied,4,Very Satisfied,5,Very Satisfied,5,Satisfied,4,Dissatisfied,2,No,No,Neutral,Neutral,No,,,,41.682098,-69.959801,2633,1,8,13,11,0.28912377
2013,2012-13,Complete,"Gloucester, MA","Gloucester, MA","Gloucester, MA",Spiny Dogfish,Other,Other,Other,Other,45 to 54,47,Associate's/two-year degree,Associate's/two-year degree,White,White,No,"$20,000 - $29,999","Less than $30,000",DK/NA (insured),,Never Married,Other/Single,U.S.,English,No,1,1st gen,30,30 or more,30,1,One owner,Deckhand,2,Less than 5,Previous work,Difficult,1,1 day,10,9 to 14 hours,2,1 to 2 members,Owner-operated,Deckhand,Deckhand,1,Share system,Share,50,50,Yes,No,No,No,No,No,No,Dissatisfied,2,Very Dissatisfied,1,Satisfied,4,Satisfied,4,Dissatisfied,2,Satisfied,4,Neutral,3,Neutral,3,Satisfied,4,No,No,Disagree,Agree,No,,,,42.615898,-70.662003,1930,1,7,10,10,0.34651935
2013,2012-13,Complete,"Wanchese, NC","Wanchese, NC","Wanchese, NC",Spiny Dogfish,Other,Other,Other,Other,25 to 34,34,HS or equivalent,HS or equivalent,White,White,No,"$30,000 - $39,999","$30,000 - $59,999",Spouse/partner,Insured,Married,Married,U.S.,English,No,1,1st gen,10,5 to 15,10,1,One owner,Deckhand,3,Less than 5,Previous work,Easy,1,1 day,8,8 hours or less,2,1 to 2 members,Owner-operated,Deckhand,Deckhand,1,Share system,Share,70,30,DK/NA,DK/NA,DK/NA,DK/NA,DK/NA,DK/NA,DK/NA,Dissatisfied,2,Dissatisfied,2,Dissatisfied,2,Dissatisfied,2,Neutral,3,Neutral,3,Satisfied,4,Satisfied,4,Neutral,3,Yes,Don't know,Agree,Agree,No,,,,35.842701,-75.638496,27981,10,6,8,11,0.53377718
2013,2012-13,Complete,"Wanchese, NC","Wanchese, NC","Wanchese, NC",Spiny Dogfish,Other,Other,Other,Other,25 to 34,30,HS or equivalent,HS or equivalent,White,White,No,"$30,000 - $39,999","$30,000 - $59,999",Not insured,Not insured,Never Married,Other/Single,U.S.,English,No,1,1st gen,5,5 to 15,5,2,Two owners,Deckhand,3,Less than 5,Previous work,Very easy,1,1 day,8,8 hours or less,2,1 to 2 members,Owner-operated,Deckhand,Deckhand,1,Share system,Share,70,30,DK/NA,DK/NA,DK/NA,DK/NA,DK/NA,DK/NA,DK/NA,Satisfied,4,Satisfied,4,Satisfied,4,Satisfied,4,Neutral,3,Very Satisfied,5,Very Satisfied,5,Satisfied,4,Dissatisfied,2,Yes,No,Disagree,Disagree,No,,,,35.842701,-75.638496,27981,10,12,12,11,0.53377718
2013,2012-13,Complete,"Cape May, NJ","Cape May, NJ","Cape May, NJ",Squid,Other,Other,Other,Other,35 to 44,40,Less than HS,Less than HS,American Indian/Alaska Native,Non-White,No,"$20,000 - $29,999","Less than $30,000",Not insured,Not insured,Divorced,Other/Single,U.S.,English,Yes,10,4th gen or greater,41,30 or more,41,1,One owner,Deckhand,0,Less than 5,,Very easy,4,2 to 4 days,12,9 to 14 hours,4,3 to 5 members,Owner-operated,Deckhand,Deckhand,1,Share system,Share,50,50,No,Yes,No,Yes,No,No,No,Satisfied,4,Dissatisfied,2,Satisfied,4,Very Satisfied,5,Satisfied,4,Satisfied,4,Very Satisfied,5,Very Satisfied,5,Satisfied,4,No,Yes,Disagree,Disagree,,Disagree,Disagree,Agree,38.935101,-74.905998,8204,1,10,13,14,-0.005133186
2013,2012-13,Complete,"Beaufort, NC","Islip, NY","Islip, NY",Squid,Other,Other,Other,Other,35 to 44,40,HS or equivalent,HS or equivalent,White,White,No,"$50,000 - $59,999","$30,000 - $59,999",Not insured,Not insured,Never Married,Other/Single,U.S.,English,No,3,3rd gen,20,16 to 29,20,1,One owner,Deckhand,5,5 to 15,Related to owner,Very easy,2,2 to 4 days,18,18 hours or more,2,1 to 2 members,Hired Captain,Captain,Captain,0,Per trip,Other,,,DK/NA,DK/NA,DK/NA,DK/NA,DK/NA,DK/NA,DK/NA,Satisfied,4,Satisfied,4,Satisfied,4,Satisfied,4,Satisfied,4,Very Satisfied,5,Very Dissatisfied,1,Very Satisfied,5,Very Satisfied,5,Yes,Yes,Disagree,Agree,Yes,,,,40.729801,-73.210403,11706,1,12,13,11,-0.17476055
2013,2012-13,Complete,"Montauk, NY","Montauk, NY","Montauk, NY",Squid,Other,Other,Other,Other,Under 25,23,HS or equivalent,HS or equivalent,White,White,No,"$30,000 - $39,999","$30,000 - $59,999",Not insured,Not insured,Never Married,Other/Single,U.S.,English,No,1,1st gen,0,Less than 5,0,1,One owner,Deckhand,1,Less than 5,Related to non-owner,Very easy,2,2 to 4 days,18,18 hours or more,3,3 to 5 members,Owner-operated,Deckhand,Deckhand,1,Share system,Share,60,40,Yes,No,No,Yes,No,Yes,No,Dissatisfied,2,Dissatisfied,2,Dissatisfied,2,Dissatisfied,2,Dissatisfied,2,Neutral,3,Neutral,3,Neutral,3,Neutral,3,Yes,Don't know,Agree,Agree,,Neutral,Disagree,Agree,41.0359,-71.954498,11954,2,6,7,9,0.35286254
2013,2012-13,Complete,"Montauk, NY","Montauk, NY","Montauk, NY",Squid,Other,Other,Other,Other,25 to 34,25,HS or equivalent,HS or equivalent,White,White,No,"$50,000 - $59,999","$30,000 - $59,999",Spouse/partner,Insured,Married,Married,U.S.,English,No,1,1st gen,15,5 to 15,15,1,One owner,Deckhand,2,Less than 5,Referred by a friend,Easy,2,2 to 4 days,18,18 hours or more,3,3 to 5 members,Owner-operated,Deckhand,Deckhand,1,Share system,Share,60,40,Yes,No,No,Yes,No,Yes,No,Satisfied,4,Dissatisfied,2,Neutral,3,Dissatisfied,2,Neutral,3,Dissatisfied,2,Very Satisfied,5,Very Satisfied,5,Very Satisfied,5,No,Yes,Disagree,Agree,No,,,,41.0359,-71.954498,11954,2,9,7,15,0.35286254
2013,2012-13,Complete,"Stonington, CT","New Bedford, MA","New Gloucester, ME",Squid,Other,Other,Other,Other,45 to 54,46,HS or equivalent,HS or equivalent,White,White,No,"$50,000 - $59,999","$30,000 - $59,999",Spouse/partner,Insured,Living with partner,Other/Single,U.S.,English,No,1,1st gen,14,5 to 15,14,1,One owner,Cook,14,5 to 15,,Easy,4,2 to 4 days,24,18 hours or more,3,3 to 5 members,Owner-operated,Engine Mechanic,Other,1,Share system,Share,,,Yes,Yes,No,Yes,No,No,No,Dissatisfied,2,Neutral,3,Dissatisfied,2,Satisfied,4,Satisfied,4,Neutral,3,Satisfied,4,DK/NA,,Dissatisfied,2,No,No,Disagree,Agree,,Agree,DK/NA,Agree,41.6362,-70.934196,2740,1,7,11,,0.13545999
2013,2012-13,Complete,"Point Judith, RI","Point Judith, RI","Point Lookout, NY",Squid,Other,Other,Other,Other,35 to 44,44,HS or equivalent,HS or equivalent,White,White,No,"$50,000 - $59,999","$30,000 - $59,999",Private insurance,Insured,Divorced,Other/Single,U.S.,English,Yes,1,1st gen,23,16 to 29,23,2,Two owners,Cook,0,Less than 5,Word of mouth,Very easy,5,5 to 7 days,13,9 to 14 hours,4,3 to 5 members,Hired Captain,Deckhand,Deckhand,1,Share system,Share,55,45,DK/NA,DK/NA,DK/NA,DK/NA,DK/NA,DK/NA,DK/NA,Satisfied,4,Very Satisfied,5,Satisfied,4,Dissatisfied,2,Dissatisfied,2,Dissatisfied,2,Very Satisfied,5,Very Satisfied,5,Very Satisfied,5,Yes,No,Strongly Agree,Agree,No,,,,41.365398,-71.486702,2882,1,13,6,15,-0.075379163
2013,2012-13,Complete,"Point Judith, RI","Point Judith, RI","Point Lookout, NY",Squid,Other,Other,Other,Other,45 to 54,48,HS or equivalent,HS or equivalent,White,White,No,"$80,000 - $89,999","$60,000 - $89,999",Not insured,Not insured,Married,Married,U.S.,English,Yes,1,1st gen,28,16 to 29,28,1,One owner,Deckhand,10,5 to 15,Word of mouth,Easy,1,1 day,10,9 to 14 hours,2,1 to 2 members,Owner-operated,Deckhand,Deckhand,1,Share system,Share,50,50,No,Yes,No,Yes,Yes,No,No,Satisfied,4,Satisfied,4,Satisfied,4,Satisfied,4,Satisfied,4,Satisfied,4,Very Satisfied,5,Very Satisfied,5,Satisfied,4,Yes,No,Disagree,Agree,,Agree,Agree,Disagree,41.365398,-71.486702,2882,1,12,12,14,-0.075379163
2013,2012-13,Complete,"Point Judith, RI","Point Judith, RI","Point Lookout, NY",Squid,Other,Other,Other,Other,45 to 54,45,Less than HS,Less than HS,White,White,No,"$90,000 - $99,999","$90,000 - $119,999",Not insured,Not insured,Married,Married,U.S.,English,Yes,3,3rd gen,25,16 to 29,25,1,One owner,Deckhand,10,5 to 15,Previous work,Very easy,7,5 to 7 days,24,18 hours or more,5,3 to 5 members,Hired Captain,Captain,Captain,0,Share system,Share,50,50,No,No,No,No,Yes,No,No,Neutral,3,Very Dissatisfied,1,Satisfied,4,Very Dissatisfied,1,Dissatisfied,2,Dissatisfied,2,Very Satisfied,5,Very Satisfied,5,Very Satisfied,5,No,Yes,Strongly Disagree,Agree,,Strongly Agree,Disagree,Strongly Agree,41.365398,-71.486702,2882,1,8,5,15,-0.075379163
2013,2012-13,Complete,"Point Judith, RI","Point Judith, RI","Point Lookout, NY",Squid,Other,Other,Other,Other,35 to 44,35,HS or equivalent,HS or equivalent,White,White,No,"$50,000 - $59,999","$30,000 - $59,999",Fed or state insurance,Insured,Married,Married,U.S.,English,No,1,1st gen,5,5 to 15,5,1,One owner,Deckhand,5,5 to 15,Word of mouth,Very easy,10,More than 7 days,16,15 to 17 hours,4,3 to 5 members,Hired Captain,Mate,Other,1,Multiple payment systems,Other,50,50,Yes,No,No,No,Yes,No,Yes,Dissatisfied,2,Very Dissatisfied,1,Very Satisfied,5,Very Dissatisfied,1,Neutral,3,Neutral,3,Very Satisfied,5,Satisfied,4,Neutral,3,No,No,Neutral,Disagree,No,,,,41.365398,-71.486702,2882,1,8,7,12,-0.075379163
2013,2012-13,Complete,"New Bedford, MA","Point Judith, RI","Point Lookout, NY",Squid,Other,Other,Other,Other,45 to 54,52,Associate's/two-year degree,Associate's/two-year degree,White,White,No,"$20,000 - $29,999","Less than $30,000",Fed or state insurance,Insured,Never Married,Other/Single,U.S.,English,No,1,1st gen,5,5 to 15,5,3,Three owners,Other,1,Less than 5,Word of mouth,Very difficult,4,2 to 4 days,4,8 hours or less,4,3 to 5 members,Hired Captain,Multiple Positions,Multiple Positions,1,Share system,Share,70,30,Yes,Yes,No,Yes,No,Yes,No,Dissatisfied,2,Dissatisfied,2,Dissatisfied,2,Satisfied,4,Dissatisfied,2,Satisfied,4,Satisfied,4,Satisfied,4,Dissatisfied,2,Yes,No,Disagree,Agree,No,,,,41.365398,-71.486702,2882,1,6,10,10,-0.075379163
2013,2012-13,Complete,"Point Judith, RI","Point Judith, RI","Point Lookout, NY",Squid,Other,Other,Other,Other,45 to 54,46,HS or equivalent,HS or equivalent,White,White,No,"$50,000 - $59,999","$30,000 - $59,999",Spouse/partner,Insured,Divorced,Other/Single,U.S.,English,No,1,1st gen,1,Less than 5,1,1,One owner,Deckhand,0,Less than 5,Word of mouth,Very easy,1,1 day,10,9 to 14 hours,3,3 to 5 members,Owner-operated,Deckhand,Deckhand,1,Share system,Share,,,DK/NA,DK/NA,DK/NA,DK/NA,DK/NA,DK/NA,DK/NA,Satisfied,4,Very Dissatisfied,1,Dissatisfied,2,Dissatisfied,2,Very Dissatisfied,1,Satisfied,4,Very Satisfied,5,Very Satisfied,5,Very Satisfied,5,Yes,No,Strongly Disagree,Agree,No,,,,41.365398,-71.486702,2882,1,7,7,15,-0.075379163
2013,2012-13,Complete,"Point Judith, RI","Point Judith, RI","Point Lookout, NY",Squid,Other,Other,Other,Other,45 to 54,45,HS or equivalent,HS or equivalent,White,White,No,"$10,000 - $19,999","Less than $30,000",Spouse/partner,Insured,Married,Married,U.S.,English,No,3,3rd gen,32,30 or more,32,1,One owner,Deckhand,3,Less than 5,Referred by a friend,Very easy,2,2 to 4 days,18,18 hours or more,2,1 to 2 members,Owner-operated,Deckhand,Deckhand,1,Per trip,Other,,,DK/NA,DK/NA,DK/NA,DK/NA,DK/NA,DK/NA,DK/NA,Very Dissatisfied,1,Very Dissatisfied,1,Neutral,3,Dissatisfied,2,Neutral,3,Very Dissatisfied,1,Very Satisfied,5,Satisfied,4,Very Dissatisfied,1,Yes,Yes,Strongly Disagree,Agree,No,,,,41.365398,-71.486702,2882,1,5,6,10,-0.075379163
2013,2012-13,Complete,"Stonington, CT","Stonington, CT","Stonington, ME",Squid,Other,Other,Other,Other,35 to 44,39,HS or equivalent,HS or equivalent,White,White,No,"Less than $10,000","Less than $30,000",Fed or state insurance,Insured,Never Married,Other/Single,U.S.,English,No,1,1st gen,20,16 to 29,20,3,Three owners,Deckhand,3,Less than 5,Referred by a friend,Easy,1,1 day,8,8 hours or less,2,1 to 2 members,Hired Captain,Deckhand,Deckhand,1,Share system,Share,50,50,Yes,Yes,No,No,No,No,No,Very Dissatisfied,1,Very Dissatisfied,1,Very Satisfied,5,Very Satisfied,5,Dissatisfied,2,Satisfied,4,Very Satisfied,5,Very Satisfied,5,Very Satisfied,5,Yes,Yes,Strongly Disagree,Strongly Agree,,Strongly Agree,Strongly Agree,Strongly Agree,41.335899,-71.905899,6355,1,7,11,15,0.58387566
2013,2012-13,Complete,"Wanchese, NC","Wanchese, NC","Wanchese, NC",Striped Bass,Other,Other,Other,Other,35 to 44,35,Associate's/two-year degree,Associate's/two-year degree,White,White,No,,,Spouse/partner,Insured,Married,Married,U.S.,English,No,2,2nd gen,4,Less than 5,4,1,One owner,Deckhand,2,Less than 5,Previous work,Very easy,1,1 day,12,9 to 14 hours,2,1 to 2 members,Owner-operated,Deckhand,Deckhand,1,Share system,Share,67,33,DK/NA,DK/NA,DK/NA,DK/NA,DK/NA,DK/NA,DK/NA,Very Dissatisfied,1,Dissatisfied,2,Satisfied,4,Satisfied,4,Satisfied,4,Satisfied,4,Satisfied,4,Satisfied,4,Satisfied,4,Yes,Yes,Disagree,Agree,No,,,,35.842701,-75.638496,27981,10,7,12,12,0.53377718
2013,2012-13,Complete,"Cape May, NJ","Atlantic City, NJ","Atlantic City, NJ",Surf Clam/Ocean Quahogs,Other,Other,Other,Other,Under 25,24,HS or equivalent,HS or equivalent,White,White,No,"$70,000 - $79,999","$60,000 - $89,999",Not insured,Not insured,Never Married,Other/Single,U.S.,English,Yes,2,2nd gen,5,5 to 15,5,1,One owner,Deckhand,10,5 to 15,Word of mouth,Easy,3,2 to 4 days,16,15 to 17 hours,4,3 to 5 members,Owner-operated,Deckhand,Deckhand,1,Per trip,Other,,,DK/NA,DK/NA,DK/NA,DK/NA,DK/NA,DK/NA,DK/NA,Satisfied,4,Very Dissatisfied,1,Dissatisfied,2,Very Dissatisfied,1,Dissatisfied,2,Dissatisfied,2,Satisfied,4,Very Satisfied,5,Dissatisfied,2,No,No,Disagree,Agree,,Disagree,Disagree,Agree,39.3643,-74.422897,8401,1,7,5,11,-0.53189749
2013,2012-13,Complete,"Cape May, NJ","Atlantic City, NJ","Atlantic City, NJ",Surf Clam/Ocean Quahogs,Other,Other,Other,Other,25 to 34,33,HS or equivalent,HS or equivalent,White,White,No,"$100,000 - $119,999","$90,000 - $119,999",Not insured,Not insured,Married,Married,U.S.,English,Yes,2,2nd gen,16,16 to 29,16,1,One owner,Deckhand,10,5 to 15,Word of mouth,Easy,3,2 to 4 days,18,18 hours or more,3,3 to 5 members,Hired Captain,Captain,Captain,0,Per trip,Other,,,DK/NA,DK/NA,DK/NA,DK/NA,DK/NA,DK/NA,DK/NA,Satisfied,4,Satisfied,4,Dissatisfied,2,Very Dissatisfied,1,Dissatisfied,2,Dissatisfied,2,Dissatisfied,2,Neutral,3,Very Satisfied,5,Yes,No,Agree,Agree,No,,,,39.3643,-74.422897,8401,1,10,5,10,-0.53189749
2013,2012-13,Complete,"Cape May, NJ","Atlantic City, NJ","Atlantic City, NJ",Surf Clam/Ocean Quahogs,Other,Other,Other,Other,35 to 44,39,HS or equivalent,HS or equivalent,White,White,No,"$100,000 - $119,999","$90,000 - $119,999",Private insurance,Insured,Married,Married,U.S.,English,Yes,3,3rd gen,22,16 to 29,22,1,One owner,Deckhand,7,5 to 15,Related to owner,Very easy,2,2 to 4 days,12,9 to 14 hours,4,3 to 5 members,Hired Captain,Captain,Captain,0,Per trip,Other,,,DK/NA,DK/NA,DK/NA,DK/NA,DK/NA,DK/NA,DK/NA,Satisfied,4,Satisfied,4,Very Satisfied,5,Dissatisfied,2,Dissatisfied,2,Dissatisfied,2,Dissatisfied,2,Dissatisfied,2,Very Dissatisfied,1,No,Yes,Disagree,Agree,No,,,,39.3643,-74.422897,8401,1,13,6,5,-0.53189749
2013,2012-13,Complete,"Chincoteague, VA","Chincoteague, VA","Chincoteague, VA",Surf Clam/Ocean Quahogs,Other,Other,Other,Other,25 to 34,34,HS or equivalent,HS or equivalent,White,White,No,"$30,000 - $39,999","$30,000 - $59,999",Private insurance,Insured,Married,Married,U.S.,English,No,2,2nd gen,17,16 to 29,17,2,Two owners,Deckhand,3,Less than 5,Previous work,Easy,1,1 day,7,8 hours or less,2,1 to 2 members,Hired Captain,Deckhand,Deckhand,1,Hourly,Other,,,DK/NA,DK/NA,DK/NA,DK/NA,DK/NA,DK/NA,DK/NA,Satisfied,4,Neutral,3,Satisfied,4,Very Satisfied,5,Satisfied,4,Very Satisfied,5,Satisfied,4,Satisfied,4,Dissatisfied,2,Yes,Yes,Strongly Disagree,Disagree,Yes,,,,37.933201,-75.378799,23336,10,11,14,10,0.22265321
2013,2012-13,Complete,"Chincoteague, VA","Chincoteague, VA","Chincoteague, VA",Surf Clam/Ocean Quahogs,Other,Other,Other,Other,25 to 34,34,Less than HS,Less than HS,White,White,No,"$20,000 - $29,999","Less than $30,000",Spouse/partner,Insured,Separated,Other/Single,U.S.,English,Yes,2,2nd gen,18,16 to 29,18,1,One owner,Deckhand,1,Less than 5,Previous work,Very easy,1,1 day,8,8 hours or less,2,1 to 2 members,Hired Captain,Multiple Positions,Multiple Positions,1,Hourly,Other,,,DK/NA,DK/NA,DK/NA,DK/NA,DK/NA,DK/NA,DK/NA,Satisfied,4,Satisfied,4,Satisfied,4,Satisfied,4,Satisfied,4,Satisfied,4,Satisfied,4,Satisfied,4,Neutral,3,Yes,Yes,Strongly Disagree,Disagree,,Neutral,DK/NA,Disagree,37.933201,-75.378799,23336,10,12,12,11,0.22265321
2013,2012-13,Complete,"Chincoteague, VA","Chincoteague, VA","Chincoteague, VA",Surf Clam/Ocean Quahogs,Other,Other,Other,Other,25 to 34,31,HS or equivalent,HS or equivalent,Some other race,Non-White,Yes,"$10,000 - $19,999","Less than $30,000",Not insured,Not insured,Married,Married,Outside U.S.,Spanish,Yes,1,1st gen,3,Less than 5,3,2,Two owners,Deckhand,1,Less than 5,Referred by a friend,Neither easy nor difficult,1,1 day,6,8 hours or less,2,1 to 2 members,Owner-operated,Deckhand,Deckhand,1,Per trip,Other,,,DK/NA,DK/NA,DK/NA,DK/NA,DK/NA,DK/NA,DK/NA,Neutral,3,Neutral,3,Satisfied,4,Satisfied,4,Satisfied,4,Satisfied,4,Satisfied,4,Satisfied,4,Dissatisfied,2,Yes,No,Neutral,Agree,,DK/NA,DK/NA,Disagree,37.933201,-75.378799,23336,10,10,12,10,0.22265321
2013,2012-13,Complete,"Oyster, VA","Oyster, VA","Paquoson, VA",Surf Clam/Ocean Quahogs,Other,Other,Other,Other,55 or older,56,Less than HS,Less than HS,White,White,No,"$20,000 - $29,999","Less than $30,000",Not insured,Not insured,Married,Married,U.S.,English,No,3,3rd gen,40,30 or more,40,2,Two owners,Deckhand,14,5 to 15,Related to owner,Very difficult,1,1 day,9,9 to 14 hours,2,1 to 2 members,Owner-operated,Deckhand,Deckhand,1,Share system,Share,75,25,Yes,No,No,No,Yes,Yes,No,Very Dissatisfied,1,Dissatisfied,2,Satisfied,4,Satisfied,4,Satisfied,4,Satisfied,4,Satisfied,4,Very Satisfied,5,Very Satisfied,5,No,No,Strongly Disagree,Agree,No,,,,37.286499,-75.922401,23310,10,7,12,14,0.027262686
2013,2012-13,Complete,"Chincoteague, VA","Wachapreague, VA","Wachapreague, VA",Surf Clam/Ocean Quahogs,Other,Other,Other,Other,25 to 34,25,HS or equivalent,HS or equivalent,White,White,No,"$20,000 - $29,999","Less than $30,000",Not insured,Not insured,Married,Married,U.S.,English,Yes,3,3rd gen,15,5 to 15,15,2,Two owners,Deckhand,4,Less than 5,Previous work,Very easy,1,1 day,6,8 hours or less,2,1 to 2 members,Owner-operated,Mate,Other,1,Share system,Share,60,40,DK/NA,DK/NA,DK/NA,DK/NA,DK/NA,DK/NA,DK/NA,Satisfied,4,Dissatisfied,2,Very Satisfied,5,Very Satisfied,5,Neutral,3,Satisfied,4,Very Satisfied,5,Satisfied,4,Very Satisfied,5,Yes,Yes,Strongly Disagree,Agree,No,,,,37.604301,-75.689697,23480,10,11,12,14,-0.15130951
2013,2012-13,Complete,"Beaufort, NC","Barnegat Light, NJ","Barnegat Light, NJ",Swordfish,Other,Other,Other,Other,55 or older,56,HS or equivalent,HS or equivalent,White,White,No,"$80,000 - $89,999","$60,000 - $89,999",Not insured,Not insured,Married,Married,U.S.,English,Yes,3,3rd gen,39,30 or more,39,1,One owner,Deckhand,2,Less than 5,Word of mouth,Very easy,8,More than 7 days,20,18 hours or more,5,3 to 5 members,Hired Captain,Captain,Captain,0,Share system,Share,50,50,DK/NA,DK/NA,DK/NA,DK/NA,DK/NA,DK/NA,DK/NA,Satisfied,4,Satisfied,4,Very Dissatisfied,1,Neutral,3,Satisfied,4,Very Dissatisfied,1,Very Satisfied,5,Very Satisfied,5,Neutral,3,Yes,Yes,Strongly Disagree,Strongly Disagree,Yes,,,,39.757599,-74.106201,8006,1,9,8,13,-0.33928156
2013,2012-13,Complete,"Beaufort, NC","Barnegat Light, NJ","Barnegat Light, NJ",Swordfish,Other,Other,Other,Other,Under 25,21,HS or equivalent,HS or equivalent,White,White,No,"Less than $10,000","Less than $30,000",Fed or state insurance,Insured,Never Married,Other/Single,U.S.,English,Yes,3,3rd gen,0,Less than 5,0,2,Two owners,Deckhand,0,Less than 5,Related to owner,Very easy,12,More than 7 days,19,18 hours or more,5,3 to 5 members,Owner-operated,Deckhand,Deckhand,1,Per trip,Other,,,DK/NA,DK/NA,DK/NA,DK/NA,DK/NA,DK/NA,DK/NA,DK/NA,,Satisfied,4,Neutral,3,Dissatisfied,2,Satisfied,4,Neutral,3,Very Satisfied,5,Satisfied,4,Neutral,3,Yes,No,Disagree,Agree,,Neutral,Neutral,Disagree,39.757599,-74.106201,8006,1,,9,12,-0.33928156
2013,2012-13,Complete,"Boston, MA","Cape Canaveral, FL","Cape Canaveral, FL",Swordfish,Other,Other,Other,Other,Under 25,23,HS or equivalent,HS or equivalent,White,White,No,"Less than $10,000","Less than $30,000",Not insured,Not insured,Never Married,Other/Single,U.S.,English,No,1,1st gen,1,Less than 5,1,1,One owner,Deckhand,1,Less than 5,Previous work,Very easy,21,More than 7 days,16,15 to 17 hours,6,6 or more members,Hired Captain,Deckhand,Deckhand,1,Share system,Share,50,50,No,Yes,No,Yes,No,No,No,Dissatisfied,2,Dissatisfied,2,Satisfied,4,Very Dissatisfied,1,Neutral,3,Satisfied,4,Very Satisfied,5,Satisfied,4,Neutral,3,No,Yes,Strongly Disagree,Disagree,No,,,,28.3922,-80.607697,32920,1,8,8,12,-0.099049069
2013,2012-13,Complete,"Boston, MA","Cape Canaveral, FL","Cape Canaveral, FL",Swordfish,Other,Other,Other,Other,Under 25,24,HS or equivalent,HS or equivalent,White,White,No,"Less than $10,000","Less than $30,000",Not insured,Not insured,Never Married,Other/Single,U.S.,English,No,1,1st gen,1,Less than 5,1,1,One owner,Deckhand,1,Less than 5,Previous work,Very easy,21,More than 7 days,16,15 to 17 hours,6,6 or more members,Hired Captain,Deckhand,Deckhand,1,Share system,Share,50,50,Yes,Yes,No,Yes,Yes,Yes,No,Neutral,3,Neutral,3,Satisfied,4,Very Dissatisfied,1,Neutral,3,Neutral,3,Satisfied,4,Neutral,3,Neutral,3,No,Yes,Strongly Disagree,Neutral,No,,,,28.3922,-80.607697,32920,1,10,7,10,-0.099049069
2013,2012-13,Complete,"Boston, MA",No answer,"Boston, MA",Swordfish,Other,Other,Other,Other,35 to 44,41,Bachelor's/four year degree,Bachelor's/four year degree,White,White,No,"$20,000 - $29,999","Less than $30,000",Fed or state insurance,Insured,Married,Married,U.S.,English,No,1,1st gen,8,5 to 15,8,1,One owner,Deckhand,1,Less than 5,Word of mouth,Neither easy nor difficult,21,More than 7 days,17,15 to 17 hours,5,3 to 5 members,Hired Captain,Deckhand,Deckhand,1,Share system,Share,50,50,Yes,Yes,No,Yes,Yes,Yes,No,Dissatisfied,2,Dissatisfied,2,Satisfied,4,Very Dissatisfied,1,Neutral,3,Neutral,3,Satisfied,4,Satisfied,4,Satisfied,4,No,Yes,Disagree,Agree,No,,,,,,,,8,7,12,
2013,2012-13,Complete,"Wanchese, NC","Wanchese, NC","Wanchese, NC",Tilefish,Other,Other,Other,Other,25 to 34,27,HS or equivalent,HS or equivalent,White,White,No,"$40,000 - $49,999","$30,000 - $59,999",Private insurance,Insured,Never Married,Other/Single,U.S.,English,No,3,3rd gen,12,5 to 15,12,1,One owner,Deckhand,4,Less than 5,Previous work,Difficult,3,2 to 4 days,12,9 to 14 hours,3,3 to 5 members,Owner-operated,Deckhand,Deckhand,1,Share system,Share,60,40,DK/NA,DK/NA,DK/NA,DK/NA,DK/NA,DK/NA,DK/NA,Satisfied,4,Dissatisfied,2,Satisfied,4,Dissatisfied,2,Satisfied,4,Satisfied,4,Satisfied,4,Satisfied,4,Satisfied,4,No,Yes,Disagree,Disagree,,Agree,Disagree,Agree,35.842701,-75.638496,27981,10,10,10,12,0.53377718
2013,2012-13,Complete,"Wanchese, NC","Wanchese, NC","Wanchese, NC",Tilefish,Other,Other,Other,Other,35 to 44,41,HS or equivalent,HS or equivalent,White,White,No,"$40,000 - $49,999","$30,000 - $59,999",Private insurance,Insured,Married,Married,U.S.,English,Yes,4,4th gen or greater,29,16 to 29,29,1,One owner,Deckhand,6,5 to 15,Previous work,Difficult,2,2 to 4 days,12,9 to 14 hours,3,3 to 5 members,Owner-operated,Deckhand,Deckhand,1,Share system,Share,60,40,DK/NA,DK/NA,DK/NA,DK/NA,DK/NA,DK/NA,DK/NA,Satisfied,4,Dissatisfied,2,Satisfied,4,Dissatisfied,2,Satisfied,4,Dissatisfied,2,Very Satisfied,5,Satisfied,4,Very Satisfied,5,No,Yes,Disagree,Agree,Yes,,,,35.842701,-75.638496,27981,10,10,8,14,0.53377718
2013,2012-13,Complete,"Cape May, NJ","Cape May, NJ","Cherry Point, SC",Tuna,Other,Other,Other,Other,55 or older,60,Less than HS,Less than HS,White,White,No,"$80,000 - $89,999","$60,000 - $89,999",Not insured,Not insured,Married,Married,U.S.,English,No,1,1st gen,38,30 or more,38,2,Two owners,Captain,38,30 or more,Word of mouth,Very easy,22,More than 7 days,20,18 hours or more,5,3 to 5 members,Hired Captain,Captain,Captain,0,Share system,Share,50,50,No,No,No,No,No,No,Yes,Satisfied,4,Very Dissatisfied,1,Neutral,3,Satisfied,4,Satisfied,4,Very Satisfied,5,Very Satisfied,5,Very Satisfied,5,Very Satisfied,5,No,Yes,Strongly Disagree,Disagree,No,,,,38.935101,-74.905998,8204,1,8,13,15,-0.005133186
2013,2012-13,Complete,"Chatham, MA","Chatham, MA","Chatham, MA",Tuna,Other,Other,Other,Other,35 to 44,44,Associate's/two-year degree,Associate's/two-year degree,White,White,No,"$40,000 - $49,999","$30,000 - $59,999",Spouse/partner,Insured,Married,Married,U.S.,English,Yes,1,1st gen,27,16 to 29,27,1,One owner,Deckhand,27,16 to 29,Referred by a friend,Easy,1,1 day,14,9 to 14 hours,2,1 to 2 members,Owner-operated,Deckhand,Deckhand,1,Share system,Share,75,25,DK/NA,DK/NA,DK/NA,DK/NA,DK/NA,DK/NA,DK/NA,Dissatisfied,2,Dissatisfied,2,Satisfied,4,Dissatisfied,2,Satisfied,4,Satisfied,4,Very Satisfied,5,Satisfied,4,Satisfied,4,No,Yes,Disagree,Agree,Yes,,,,41.682098,-69.959801,2633,1,8,10,13,0.28912377
2013,2012-13,Complete,"Plymouth, MA","Chatham, MA","Chatham, MA",Tuna,Other,Other,Other,Other,55 or older,57,Bachelor's/four year degree,Bachelor's/four year degree,White,White,No,"$10,000 - $19,999","Less than $30,000",Spouse/partner,Insured,Married,Married,U.S.,English,No,1,1st gen,30,30 or more,30,2,Two owners,Deckhand,20,16 to 29,Referred by a friend,Very easy,3,2 to 4 days,12,9 to 14 hours,3,3 to 5 members,Owner-operated,Deckhand,Deckhand,1,Share system,Share,75,25,Yes,No,No,No,No,No,No,Satisfied,4,Dissatisfied,2,Dissatisfied,2,Neutral,3,Dissatisfied,2,Dissatisfied,2,Very Satisfied,5,Satisfied,4,Very Satisfied,5,No,Yes,Disagree,Disagree,,Agree,Disagree,Agree,41.682098,-69.959801,2633,1,8,7,14,0.28912377
2013,2012-13,Complete,"New Bedford, MA","Fairhaven, MA","Fairhaven, MA",Tuna,Other,Other,Other,Other,35 to 44,41,HS or equivalent,HS or equivalent,American Indian/Alaska Native,Non-White,No,"$90,000 - $99,999","$90,000 - $119,999",Employer (vessel),Insured,Divorced,Other/Single,U.S.,English,No,4,4th gen or greater,28,16 to 29,28,3,Three owners,Other,3,Less than 5,Word of mouth,Easy,24,More than 7 days,18,18 hours or more,5,3 to 5 members,Owner-operated,Multiple Positions,Multiple Positions,1,Share system,Share,50,50,Yes,No,No,Yes,Yes,Yes,No,Satisfied,4,Dissatisfied,2,Dissatisfied,2,Dissatisfied,2,Dissatisfied,2,Satisfied,4,Satisfied,4,Satisfied,4,Satisfied,4,No,No,Agree,Disagree,Yes,,,,41.6376,-70.903603,2719,1,8,8,12,0.05582865
2013,2012-13,Complete,"Gloucester, MA","Gloucester, MA","Cundys Harbor, ME",Tuna,Other,Other,Other,Other,25 to 34,29,Less than HS,Less than HS,White,White,No,"$50,000 - $59,999","$30,000 - $59,999",DK/NA (insured),,Married,Married,U.S.,English,No,1,1st gen,16,16 to 29,16,10,Four or more,Deckhand,1,Less than 5,Referred by a friend,Easy,3,2 to 4 days,24,18 hours or more,2,1 to 2 members,Owner-operated,Multiple Positions,Multiple Positions,1,Share system,Share,50,50,Yes,Yes,No,Yes,Yes,No,No,Very Dissatisfied,1,Very Dissatisfied,1,Very Dissatisfied,1,Very Satisfied,5,Neutral,3,DK/NA,,Very Satisfied,5,Very Satisfied,5,Very Dissatisfied,1,No,Yes,Strongly Disagree,Agree,Yes,,,,42.615898,-70.662003,1930,1,3,,11,0.34651935
2013,2012-13,Complete,"New Bedford, MA","New Bedford, MA","New Gloucester, ME",Tuna,Other,Other,Other,Other,25 to 34,26,Associate's/two-year degree,Associate's/two-year degree,White,White,No,"$80,000 - $89,999","$60,000 - $89,999",Employer (vessel),Insured,Separated,Other/Single,U.S.,English,No,1,1st gen,1,Less than 5,1,1,One owner,Deckhand,1,Less than 5,Word of mouth,Easy,24,More than 7 days,18,18 hours or more,5,3 to 5 members,Owner-operated,Deckhand,Deckhand,1,Share system,Share,50,50,Yes,No,No,Yes,Yes,Yes,No,Very Satisfied,5,Satisfied,4,Dissatisfied,2,Very Satisfied,5,Very Satisfied,5,Very Satisfied,5,Very Satisfied,5,Satisfied,4,Very Satisfied,5,Yes,Yes,Disagree,Disagree,No,,,,41.6362,-70.934196,2740,1,11,15,14,0.13545999
2013,2012-13,Complete,"Seabrook, NH","Seabrook, NH","Seaford, VA",Tuna,Other,Other,Other,Other,35 to 44,41,HS or equivalent,HS or equivalent,White,White,No,"Less than $10,000","Less than $30,000",Not insured,Not insured,Separated,Other/Single,U.S.,English,Yes,1,1st gen,4,Less than 5,4,1,One owner,Mate/1st Mate,3,Less than 5,Related to owner,Neither easy nor difficult,4,2 to 4 days,15,15 to 17 hours,2,1 to 2 members,Owner-operated,Deckhand,Deckhand,1,Share system,Share,75,25,Yes,No,No,Yes,No,No,No,Satisfied,4,Very Satisfied,5,Satisfied,4,Very Satisfied,5,Satisfied,4,Very Satisfied,5,Very Satisfied,5,Very Satisfied,5,Very Satisfied,5,Yes,Yes,Strongly Disagree,Strongly Disagree,No,,,,42.890999,-70.865501,3844,1,13,14,15,-0.27508262
2019,2018-19,Complete,"Wanchese, NC","Wanchese, NC","Wanchese, NC",Atlantic Croacker,Other,Other,Other,Other,25 to 34,25,Associate's/two-year degree,Associate's/two-year degree,White,White,No,"$50,000 - $59,999","$30,000 - $59,999",Private insurance,Insured,Never Married,Other/Single,U.S.,English,Yes,3,3rd gen,6,5 to 15,6,1,One owner,Deckhand,0,Less than 5,Referred by a friend,Very easy,16,More than 7 days,12,9 to 14 hours,3,3 to 5 members,Hired Captain,Deckhand,Deckhand,1,Share system,Share,,,Yes,Yes,No,No,No,No,No,Satisfied,4,Neutral,3,Satisfied,4,Satisfied,4,Satisfied,4,Satisfied,4,Very Satisfied,5,Satisfied,4,Satisfied,4,Don't know,Yes,Disagree,Neutral,Yes,Agree,Neutral,Strongly Agree,35.842701,-75.638496,27981,10,11,12,13,0.53377718
2019,2018-19,Complete,"Cape Charles, VA","Cape Charles, VA","Cape Charles, VA",Black Drum,Other,Other,Other,Other,25 to 34,25,Associate's/two-year degree,Associate's/two-year degree,White,White,No,"$30,000 - $39,999","$30,000 - $59,999",Other,Insured,Never Married,Other/Single,U.S.,English,Yes,3,3rd gen,4,Less than 5,4,3,Three owners,Deckhand,1,Less than 5,Other,Easy,1,1 day,8,8 hours or less,2,1 to 2 members,Owner-operated,Deckhand,Deckhand,1,Other,Other,,,No,No,No,No,No,No,No,Satisfied,4,Neutral,3,Satisfied,4,Satisfied,4,Satisfied,4,Satisfied,4,Satisfied,4,Satisfied,4,Satisfied,4,Yes,Don't know,Strongly Disagree,Agree,Yes,Disagree,Neutral,Strongly Agree,37.267899,-76.017403,23310,10,11,12,12,0.027262686
2019,2018-19,Complete,"Point Pleasant, NJ","Point Pleasant, NJ","Portland, ME",Black Sea Bass,Other,Other,Other,Other,25 to 34,30,Bachelor's/four year degree,Bachelor's/four year degree,White,White,No,"$100,000 - $119,999","$90,000 - $119,999",Not insured,Not insured,Living with partner,Other/Single,U.S.,English,No,1,1st gen,1,Less than 5,1,1,One owner,Deckhand,0,Less than 5,Word of mouth,Very difficult,3,2 to 4 days,18,18 hours or more,2,1 to 2 members,Hired Captain,Deckhand,Deckhand,1,Share system,Share,,,Yes,Yes,No,Yes,Yes,No,No,Very Satisfied,5,Satisfied,4,Neutral,3,Dissatisfied,2,Satisfied,4,Dissatisfied,2,Very Satisfied,5,Very Satisfied,5,Very Satisfied,5,Yes,Yes,Strongly Disagree,Strongly Disagree,Yes,Neutral,Strongly Disagree,Strongly Agree,40.083199,-74.068199,8742,1,12,8,15,-0.90694255
2019,2018-19,Complete,"Cape May, NJ","Point Pleasant, NJ","Cape May, NJ",Black Sea Bass,Other,Other,Other,Other,55 or older,63,Less than HS,Less than HS,White,White,No,"$100,000 - $119,999","$90,000 - $119,999",Private insurance,Insured,Married,Married,U.S.,English,Yes,3,3rd gen,45,30 or more,45,1,One owner,Mate/1st Mate,40,30 or more,Related to non-owner,Very easy,7,5 to 7 days,16,15 to 17 hours,5,3 to 5 members,Hired Captain,Captain,Captain,0,Share system,Share,,,No,No,No,No,No,No,No,Satisfied,4,Satisfied,4,Satisfied,4,Neutral,3,Satisfied,4,Satisfied,4,Very Satisfied,5,Very Satisfied,5,Very Satisfied,5,Yes,Yes,Strongly Disagree,Strongly Disagree,Yes,Strongly Agree,Agree,Strongly Agree,40.083199,-74.068199,8742,1,12,11,15,-0.90694255
2019,2018-19,Complete,"Hampton Bays/Shinnecock, NY","Southold, NY",Multiple Ports,Black Sea Bass,Other,Other,Other,Other,25 to 34,27,Bachelor's/four year degree,Bachelor's/four year degree,White,White,No,"$80,000 - $89,999","$60,000 - $89,999",Fed or state insurance,Insured,Never Married,Other/Single,U.S.,English,Yes,3,3rd gen,11,5 to 15,11,2,Two owners,Deckhand,4,Less than 5,Related to owner,Easy,1,1 day,9,9 to 14 hours,2,1 to 2 members,Owner-operated,Captain,Captain,0,Other,Other,,,No,No,No,No,No,No,No,Neutral,3,Dissatisfied,2,Satisfied,4,Satisfied,4,Satisfied,4,Neutral,3,Satisfied,4,Satisfied,4,Satisfied,4,Don't know,Yes,Disagree,Disagree,Yes,Agree,Agree,Neutral,41.0648,-72.426201,6390,7,9,11,12,0.057756864
2019,2018-19,Complete,"Cape Charles, VA","Cape Charles, VA","Cape Charles, VA",Blue Crab,Other,Other,Other,Other,25 to 34,26,Associate's/two-year degree,Associate's/two-year degree,White,White,No,"$30,000 - $39,999","$30,000 - $59,999",Not insured,Not insured,Never Married,Other/Single,U.S.,English,No,1,1st gen,10,5 to 15,10,1,One owner,Deckhand,5,5 to 15,Word of mouth,Very easy,1,1 day,10,9 to 14 hours,2,1 to 2 members,Owner-operated,Deckhand,Deckhand,1,Other,Other,,,No,No,No,No,No,No,No,Satisfied,4,Dissatisfied,2,Satisfied,4,Satisfied,4,Satisfied,4,Satisfied,4,Very Satisfied,5,Satisfied,4,Very Satisfied,5,No,Yes,Strongly Disagree,Strongly Agree,Yes,Disagree,Neutral,Strongly Agree,37.267899,-76.017403,23310,10,10,12,14,0.027262686
2019,2018-19,Complete,"Cape Charles, VA","Cape Charles, VA","Cape Charles, VA",Blue Crab,Other,Other,Other,Other,35 to 44,35,HS or equivalent,HS or equivalent,White,White,No,"$40,000 - $49,999","$30,000 - $59,999",Not insured,Not insured,Married,Married,U.S.,English,Yes,4,4th gen or greater,20,16 to 29,20,1,One owner,Deckhand,5,5 to 15,Related to owner,Very easy,1,1 day,6,8 hours or less,3,3 to 5 members,Owner-operated,Deckhand,Deckhand,1,Per trip,Other,,,No,No,No,No,No,No,No,Neutral,3,Dissatisfied,2,Satisfied,4,Satisfied,4,Satisfied,4,Satisfied,4,Very Satisfied,5,Satisfied,4,Satisfied,4,No,Yes,Strongly Disagree,Strongly Disagree,Yes,Neutral,Strongly Disagree,Strongly Agree,37.267899,-76.017403,23310,10,9,12,13,0.027262686
2019,2018-19,Complete,"Cape Charles, VA","Cape Charles, VA","Cape Charles, VA",Blue Crab,Other,Other,Other,Other,45 to 54,50,HS or equivalent,HS or equivalent,White,White,No,"$40,000 - $49,999","$30,000 - $59,999",Private insurance,Insured,Divorced,Other/Single,U.S.,English,Yes,4,4th gen or greater,35,30 or more,35,2,Two owners,Deckhand,12,5 to 15,Referred by a friend,Very easy,1,1 day,7,8 hours or less,3,3 to 5 members,Owner-operated,Deckhand,Deckhand,1,Other,Other,,,No,No,No,No,No,No,No,Satisfied,4,Satisfied,4,Satisfied,4,Satisfied,4,Neutral,3,Very Satisfied,5,Very Satisfied,5,Very Satisfied,5,Satisfied,4,Yes,Yes,Strongly Disagree,Strongly Disagree,No,Disagree,Disagree,Strongly Agree,37.267899,-76.017403,23310,10,12,12,14,0.027262686
2019,2018-19,Complete,"Cape Charles, VA","Cape Charles, VA","Cape Charles, VA",Blue Crab,Other,Other,Other,Other,25 to 34,26,HS or equivalent,HS or equivalent,White,White,No,"Less than $10,000","Less than $30,000",Not insured,Not insured,Never Married,Other/Single,U.S.,English,No,1,1st gen,0,Less than 5,0,1,One owner,Deckhand,0,Less than 5,Referred by a friend,Very easy,1,1 day,8,8 hours or less,3,3 to 5 members,Hired Captain,Deckhand,Deckhand,1,DK/NA,DK/NA,,,No,No,No,No,No,No,No,Neutral,3,Neutral,3,Satisfied,4,Satisfied,4,Satisfied,4,Satisfied,4,Very Satisfied,5,Very Satisfied,5,Very Satisfied,5,Yes,Yes,Strongly Agree,Strongly Agree,No,Strongly Agree,Disagree,Agree,37.267899,-76.017403,23310,10,10,12,15,0.027262686
2019,2018-19,Complete,"Cape Charles, VA","Cape Charles, VA","Cape Charles, VA",Blue Crab,Other,Other,Other,Other,55 or older,59,Less than HS,Less than HS,White,White,No,,,Not insured,Not insured,Married,Married,U.S.,English,No,1,1st gen,50,30 or more,50,1,One owner,Deckhand,2,Less than 5,Word of mouth,Very easy,1,1 day,8,8 hours or less,2,1 to 2 members,Owner-operated,Deckhand,Deckhand,1,Other,Other,,,No,No,No,No,No,No,No,Satisfied,4,Satisfied,4,Satisfied,4,Satisfied,4,Satisfied,4,Satisfied,4,Satisfied,4,Satisfied,4,Satisfied,4,Yes,Yes,Strongly Disagree,Strongly Disagree,Yes,Agree,Agree,Agree,37.267899,-76.017403,23310,10,12,12,12,0.027262686
2019,2018-19,Complete,"Cape Charles, VA","Cape Charles, VA","Cape Charles, VA",Blue Crab,Other,Other,Other,Other,25 to 34,25,HS or equivalent,HS or equivalent,White,White,No,"$60,000 - $69,999","$60,000 - $89,999",Not insured,Not insured,Never Married,Other/Single,U.S.,English,Yes,3,3rd gen,14,5 to 15,14,1,One owner,Deckhand,6,5 to 15,Word of mouth,Easy,1,1 day,11,9 to 14 hours,2,1 to 2 members,Owner-operated,Deckhand,Deckhand,1,Share system,Share,75,25,Yes,No,No,Yes,No,No,No,Neutral,3,Dissatisfied,2,Satisfied,4,Satisfied,4,Satisfied,4,Satisfied,4,Satisfied,4,Satisfied,4,Satisfied,4,Yes,Yes,Disagree,Strongly Disagree,No,Agree,Agree,Agree,37.267899,-76.017403,23310,10,9,12,12,0.027262686
2019,2018-19,Complete,"Cape Charles, VA","Cape Charles, VA","Cape Charles, VA",Blue Crab,Other,Other,Other,Other,45 to 54,49,Less than HS,Less than HS,White,White,No,"$40,000 - $49,999","$30,000 - $59,999",Not insured,Not insured,Divorced,Other/Single,U.S.,English,Yes,2,2nd gen,30,30 or more,30,1,One owner,Deckhand,5,5 to 15,Word of mouth,Easy,1,1 day,9,9 to 14 hours,2,1 to 2 members,Owner-operated,Deckhand,Deckhand,1,Per trip,Other,,,No,No,No,No,No,No,No,Neutral,3,Satisfied,4,Satisfied,4,Satisfied,4,Neutral,3,Satisfied,4,Satisfied,4,Satisfied,4,Dissatisfied,2,No,No,Strongly Disagree,Agree,No,Agree,Neutral,Agree,37.267899,-76.017403,23310,10,11,11,10,0.027262686
2019,2018-19,Complete,"Cape Charles, VA","Cape Charles, VA","Harpers Island, MD",Blue Crab,Other,Other,Other,Other,45 to 54,52,HS or equivalent,HS or equivalent,White,White,No,"$30,000 - $39,999","$30,000 - $59,999",Fed or state insurance,Insured,Never Married,Other/Single,U.S.,English,No,3,3rd gen,40,30 or more,40,1,One owner,Deckhand,10,5 to 15,Related to non-owner,Very easy,1,1 day,9,9 to 14 hours,3,3 to 5 members,Hired Captain,Captain,Captain,0,Share system,Share,80,20,No,No,No,No,No,No,No,Neutral,3,Neutral,3,Satisfied,4,Very Dissatisfied,1,Satisfied,4,Neutral,3,Satisfied,4,Satisfied,4,Satisfied,4,Yes,No,Strongly Disagree,Agree,No,Agree,Agree,Strongly Agree,37.267899,-76.017403,23310,10,10,8,12,0.027262686
2019,2018-19,Complete,"Cape Charles, VA","Cape Charles, VA","Cape Charles, VA",Blue Crab,Other,Other,Other,Other,35 to 44,44,HS or equivalent,HS or equivalent,White,White,No,,,Not insured,Not insured,Divorced,Other/Single,U.S.,English,Yes,4,4th gen or greater,30,30 or more,30,1,One owner,Deckhand,5,5 to 15,Word of mouth,Easy,1,1 day,6,8 hours or less,2,1 to 2 members,Owner-operated,Deckhand,Deckhand,1,Per trip,Other,,,No,No,No,No,No,No,No,Satisfied,4,Dissatisfied,2,Dissatisfied,2,Satisfied,4,Satisfied,4,Satisfied,4,Satisfied,4,Satisfied,4,Satisfied,4,Yes,Yes,Agree,Strongly Disagree,No,Disagree,Agree,Disagree,37.267899,-76.017403,23310,10,8,12,12,0.027262686
2019,2018-19,Complete,"Cape Charles, VA","Chrisfield, MD","Chrisfield, MD",Blue Crab,Other,Other,Other,Other,45 to 54,51,HS or equivalent,HS or equivalent,White,White,No,"$20,000 - $29,999","Less than $30,000",Private insurance,Insured,Divorced,Other/Single,U.S.,English,Yes,5,4th gen or greater,32,30 or more,32,3,Three owners,Deckhand,7,5 to 15,Word of mouth,Easy,1,1 day,8,8 hours or less,3,3 to 5 members,Owner-operated,Mate,Other,1,Other,Other,,,No,No,No,No,No,No,No,Satisfied,4,Satisfied,4,Satisfied,4,Satisfied,4,Satisfied,4,Satisfied,4,Satisfied,4,Satisfied,4,Satisfied,4,No,Don't know,Disagree,Neutral,Yes,Strongly Agree,Neutral,Agree,37.983501,-75.853798,21817,7,12,12,12,0.17271747
2019,2018-19,Complete,"Cape Charles, VA","Hoopers Island, MD","Hoopers Island, MD",Blue Crab,Other,Other,Other,Other,Under 25,21,HS or equivalent,HS or equivalent,White,White,No,"$10,000 - $19,999","Less than $30,000",Private insurance,Insured,Never Married,Other/Single,U.S.,English,No,1,1st gen,2,Less than 5,2,3,Three owners,Deckhand,0,Less than 5,Word of mouth,Easy,1,1 day,8,8 hours or less,3,3 to 5 members,Owner-operated,Deckhand,Deckhand,1,Other,Other,,,No,No,No,No,No,No,No,Satisfied,4,Dissatisfied,2,Neutral,3,Dissatisfied,2,Dissatisfied,2,Dissatisfied,2,Satisfied,4,Satisfied,4,Neutral,3,Yes,Yes,Agree,Agree,No,Strongly Agree,Agree,Agree,38.300098,-76.208,21634,5,9,6,11,0.29756483
2019,2018-19,Complete,"Cape Charles, VA","Madison, MD","Madison, MD",Blue Crab,Other,Other,Other,Other,Under 25,20,HS or equivalent,HS or equivalent,White,White,No,"$20,000 - $29,999","Less than $30,000",Not insured,Not insured,Never Married,Other/Single,U.S.,English,Yes,3,3rd gen,3,Less than 5,3,3,Three owners,Deckhand,0,Less than 5,Referred by a friend,Very easy,1,1 day,8,8 hours or less,3,3 to 5 members,Owner-operated,Deckhand,Deckhand,1,Per trip,Other,,,No,No,No,No,No,No,No,Satisfied,4,Neutral,3,Satisfied,4,Satisfied,4,Neutral,3,Satisfied,4,Satisfied,4,Satisfied,4,Very Satisfied,5,Yes,Yes,Disagree,Disagree,No,Agree,Disagree,Strongly Agree,38.507,-76.222,21648,5,11,11,13,-0.109664
2019,2018-19,Complete,"Newport News, VA","Messick Point, VA","North Kingstown, RI",Blue Crab,Other,Other,Other,Other,Under 25,18,HS or equivalent,HS or equivalent,White,White,No,"$20,000 - $29,999","Less than $30,000",Other,Insured,Never Married,Other/Single,U.S.,English,Yes,4,4th gen or greater,1,Less than 5,1,2,Two owners,Deckhand,0,Less than 5,Other,Very easy,1,1 day,7,8 hours or less,3,3 to 5 members,Owner-operated,Deckhand,Deckhand,1,Share system,Share,,,Yes,No,No,No,No,Yes,No,Very Satisfied,5,Satisfied,4,Satisfied,4,Satisfied,4,Neutral,3,Satisfied,4,Very Satisfied,5,Very Satisfied,5,Very Satisfied,5,Yes,Yes,Disagree,Strongly Disagree,Yes,Agree,Strongly Disagree,Strongly Agree,37.107601,-76.318298,23662,1,13,11,15,0.33358932
2019,2018-19,Complete,"Newport News, VA","Newport News, VA","Hampton, VA",Blue Crab,Other,Other,Other,Other,35 to 44,37,Less than HS,Less than HS,White,White,No,"$10,000 - $19,999","Less than $30,000",Not insured,Not insured,Never Married,Other/Single,U.S.,English,No,1,1st gen,12,5 to 15,12,1,One owner,Deckhand,8,5 to 15,Word of mouth,Difficult,1,1 day,12,9 to 14 hours,3,3 to 5 members,Owner-operated,Deckhand,Deckhand,1,Per trip,Other,,,No,No,No,No,No,No,No,Satisfied,4,Dissatisfied,2,Satisfied,4,Neutral,3,Dissatisfied,2,Dissatisfied,2,Very Satisfied,5,Neutral,3,Satisfied,4,Yes,Yes,Neutral,Disagree,No,Agree,Agree,Neutral,37.087101,-76.473,23601,1,10,7,12,-0.33170781
2019,2018-19,Complete,"Newport News, VA","Newport News, VA","North Kingstown, RI",Blue Crab,Other,Other,Other,Other,45 to 54,46,Associate's/two-year degree,Associate's/two-year degree,Some other race,Non-White,No,"Less than $10,000","Less than $30,000",Private insurance,Insured,Married,Married,U.S.,English,No,1,1st gen,20,16 to 29,20,1,One owner,Deckhand,2,Less than 5,Referred by a friend,Neither easy nor difficult,1,1 day,8,8 hours or less,3,3 to 5 members,Hired Captain,Mate,Other,1,Other,Other,,,No,No,No,No,No,No,No,Very Satisfied,5,Satisfied,4,Neutral,3,Satisfied,4,Dissatisfied,2,Satisfied,4,Satisfied,4,Satisfied,4,Satisfied,4,Yes,Yes,Disagree,Strongly Disagree,No,Agree,Agree,Neutral,37.087101,-76.473,23601,1,12,10,12,-0.33170781
2019,2018-19,Complete,"Hampton, VA","Rushmere, VA","Tyler's Beach, VA",Blue Crab,Other,Other,Other,Other,35 to 44,42,Less than HS,Less than HS,White,White,No,,,Spouse/partner,Insured,Married,Married,U.S.,English,No,1,1st gen,16,16 to 29,16,1,One owner,Deckhand,16,16 to 29,Referred by a friend,Very easy,1,1 day,12,9 to 14 hours,3,3 to 5 members,Owner-operated,Deckhand,Deckhand,1,Other,Other,,,No,No,No,No,No,No,No,Neutral,3,Satisfied,4,Satisfied,4,Satisfied,4,Satisfied,4,Satisfied,4,Satisfied,4,Neutral,3,Satisfied,4,Don't know,Yes,Strongly Disagree,Strongly Agree,No,Strongly Agree,Neutral,Strongly Agree,37.066799,-76.6763,23430,2,11,12,11,0.070504636
2019,2018-19,Complete,"Cape Charles, VA","Smith Island, MD","Chrisfield, MD",Blue Crab,Other,Other,Other,Other,Under 25,24,HS or equivalent,HS or equivalent,White,White,No,,,Private insurance,Insured,Never Married,Other/Single,U.S.,English,No,1,1st gen,2,Less than 5,2,1,One owner,Mate/1st Mate,2,Less than 5,Referred by a friend,Easy,1,1 day,6,8 hours or less,2,1 to 2 members,Owner-operated,Mate,Other,1,Other,Other,,,No,No,No,No,No,No,No,Very Satisfied,5,Satisfied,4,Satisfied,4,Satisfied,4,Satisfied,4,Neutral,3,Satisfied,4,Satisfied,4,Satisfied,4,Yes,Yes,Agree,Disagree,No,Agree,Agree,Agree,37.981201,-76.0299,21824,2,13,11,12,0
2019,2018-19,Complete,"Cape Charles, VA","Smith Island, MD","Chrisfield, MD",Blue Crab,Other,Other,Other,Other,25 to 34,29,HS or equivalent,HS or equivalent,White,White,No,,,Not insured,Not insured,Never Married,Other/Single,U.S.,English,No,1,1st gen,17,16 to 29,17,1,One owner,Deckhand,3,Less than 5,Other,Difficult,1,1 day,8,8 hours or less,2,1 to 2 members,Owner-operated,Multiple Positions,Multiple Positions,1,Per trip,Other,,,No,No,No,No,No,No,No,Very Satisfied,5,Very Satisfied,5,Very Satisfied,5,Neutral,3,Neutral,3,Neutral,3,Very Satisfied,5,Very Satisfied,5,Satisfied,4,No,Yes,Disagree,Agree,No,Neutral,Agree,Agree,37.981201,-76.0299,21824,2,15,9,14,0
2019,2018-19,Complete,"Cape Charles, VA","Tangier, VA","Cape Charles, VA",Blue Crab,Other,Other,Other,Other,25 to 34,33,Less than HS,Less than HS,White,White,No,"$50,000 - $59,999","$30,000 - $59,999",Not insured,Not insured,Never Married,Other/Single,U.S.,English,No,1,1st gen,10,5 to 15,10,1,One owner,Mate/1st Mate,9,5 to 15,Word of mouth,Easy,1,1 day,9,9 to 14 hours,2,1 to 2 members,Owner-operated,Mate,Other,1,Other,Other,,,No,No,No,No,No,No,No,Satisfied,4,Satisfied,4,Neutral,3,Dissatisfied,2,Satisfied,4,Neutral,3,Very Satisfied,5,Very Satisfied,5,Satisfied,4,Yes,Yes,Strongly Disagree,Strongly Disagree,No,Neutral,Neutral,Neutral,37.826199,-75.9916,23440,10,11,9,14,-0.042319689
2019,2018-19,Complete,"Wanchese, NC","Wanchese, NC","Wanchese, NC",Blue Crab,Other,Other,Other,Other,25 to 34,31,HS or equivalent,HS or equivalent,White,White,No,"$60,000 - $69,999","$60,000 - $89,999",Private insurance,Insured,Married,Married,U.S.,English,Yes,3,3rd gen,25,16 to 29,25,1,One owner,Deckhand,3,Less than 5,Word of mouth,Easy,1,1 day,10,9 to 14 hours,3,3 to 5 members,Owner-operated,Deckhand,Deckhand,1,Share system,Share,50,50,Yes,No,No,No,No,No,No,Satisfied,4,Satisfied,4,Satisfied,4,Neutral,3,Satisfied,4,Satisfied,4,Satisfied,4,Satisfied,4,Neutral,3,No,Don't know,Disagree,Strongly Agree,Yes,Agree,Neutral,Disagree,35.842701,-75.638496,27981,10,12,11,11,0.53377718
2019,2018-19,Complete,"Point Judith, RI","Point Judith, RI","Point Lookout, NY",Bluefish,Other,Other,Other,Other,25 to 34,30,Bachelor's/four year degree,Bachelor's/four year degree,White,White,No,"$40,000 - $49,999","$30,000 - $59,999",Fed or state insurance,Insured,Never Married,Other/Single,U.S.,English,No,1,1st gen,7,5 to 15,7,1,One owner,Deckhand,2,Less than 5,Referred by a friend,Very easy,1,1 day,4,8 hours or less,1,1 to 2 members,Owner-operated,Deckhand,Deckhand,1,Share system,Share,75,25,Yes,Yes,No,No,Yes,No,No,Satisfied,4,Satisfied,4,Satisfied,4,Very Satisfied,5,Satisfied,4,Satisfied,4,Satisfied,4,Satisfied,4,Very Satisfied,5,Don't know,Yes,Disagree,Disagree,No,Disagree,Agree,Disagree,41.365398,-71.486702,2882,1,12,13,13,-0.075379163
2019,2018-19,Complete,"Provincetown, MA","Provincetown, MA","Rescue, VA",Bluefish,Other,Other,Other,Other,Under 25,23,HS or equivalent,HS or equivalent,White,White,No,"$30,000 - $39,999","$30,000 - $59,999",Fed or state insurance,Insured,Married,Married,U.S.,English,Yes,3,3rd gen,4,Less than 5,4,3,Three owners,Deckhand,3,Less than 5,Related to owner,Easy,1,1 day,12,9 to 14 hours,2,1 to 2 members,Owner-operated,Multiple Positions,Multiple Positions,1,Share system,Share,80,20,Yes,Yes,No,No,Yes,No,No,Satisfied,4,Satisfied,4,Satisfied,4,Satisfied,4,Satisfied,4,Satisfied,4,Very Satisfied,5,Satisfied,4,Dissatisfied,2,Yes,Yes,Disagree,Agree,No,Neutral,Agree,Neutral,42.058399,-70.178596,2657,7,12,12,11,0.3954761
2019,2018-19,Complete,"New Bedford, MA","New Bedford, MA","New Gloucester, ME",Crab,Other,Other,Other,Other,55 or older,58,HS or equivalent,HS or equivalent,White,White,No,"$100,000 - $119,999","$90,000 - $119,999",Private insurance,Insured,Married,Married,U.S.,English,Yes,1,1st gen,39,30 or more,39,1,One owner,Deckhand,2,Less than 5,Word of mouth,Very easy,3,2 to 4 days,20,18 hours or more,4,3 to 5 members,Hired Captain,Captain,Captain,0,Share system,Share,55,45,Yes,No,No,Yes,No,Yes,No,Dissatisfied,2,Neutral,3,Satisfied,4,Satisfied,4,Satisfied,4,Neutral,3,Very Satisfied,5,Very Satisfied,5,Very Satisfied,5,Yes,Yes,Strongly Disagree,Neutral,Yes,Strongly Agree,Neutral,Strongly Agree,41.6362,-70.934196,2740,1,9,11,15,0.13545999
2019,2018-19,Complete,"Sandwich, MA","Sandwich, MA","Scituate, MA",Crab,Other,Other,Other,Other,45 to 54,47,Associate's/two-year degree,Associate's/two-year degree,White,White,No,"$120,000 or more","$120,000 or more",Private insurance,Insured,Never Married,Other/Single,U.S.,English,Yes,5,4th gen or greater,30,30 or more,30,1,One owner,Deckhand,2,Less than 5,Referred by a friend,Easy,5,5 to 7 days,16,15 to 17 hours,4,3 to 5 members,Hired Captain,Captain,Captain,0,Share system,Share,61,39,Yes,No,No,Yes,No,Yes,No,Very Satisfied,5,Satisfied,4,Neutral,3,Neutral,3,Dissatisfied,2,Dissatisfied,2,Neutral,3,Satisfied,4,Very Satisfied,5,Yes,Yes,Strongly Disagree,Strongly Disagree,No,Neutral,Agree,Disagree,41.758999,-70.493896,2563,1,12,7,12,0.24970995
2019,2018-19,Complete,"Newport News, VA","Beaufort, NC",Multiple Ports,Fluke (Summer Flounder),Other,Other,Other,Other,45 to 54,53,HS or equivalent,HS or equivalent,Black,Non-White,No,"$20,000 - $29,999","Less than $30,000",Not insured,Not insured,Never Married,Other/Single,U.S.,English,No,1,1st gen,10,5 to 15,10,1,One owner,Deckhand,3,Less than 5,Word of mouth,Very easy,8,More than 7 days,12,9 to 14 hours,3,3 to 5 members,Hired Captain,Deckhand,Deckhand,1,Share system,Share,,,Yes,Yes,No,Yes,Yes,No,No,Satisfied,4,Satisfied,4,Satisfied,4,Satisfied,4,Neutral,3,Satisfied,4,Satisfied,4,Satisfied,4,Satisfied,4,Don't know,Yes,Strongly Agree,Disagree,No,Strongly Agree,Strongly Agree,Agree,34.718201,-76.663803,28512,4,12,11,12,-0.3108187
2019,2018-19,Complete,"Newport News, VA","Engelhard, NC",Multiple Ports,Fluke (Summer Flounder),Other,Other,Other,Other,45 to 54,53,HS or equivalent,HS or equivalent,DK/NA,Non-White,Yes,"$30,000 - $39,999","$30,000 - $59,999",Fed or state insurance,Insured,Divorced,Other/Single,U.S.,English & Spanish,Yes,1,1st gen,32,30 or more,32,3,Three owners,Deckhand,7,5 to 15,Other,Very easy,7,5 to 7 days,8,8 hours or less,4,3 to 5 members,Hired Captain,Mate,Other,1,Share system,Share,50,50,Yes,Yes,No,Yes,Yes,No,No,Satisfied,4,Very Dissatisfied,1,Satisfied,4,Very Dissatisfied,1,Satisfied,4,Neutral,3,Very Satisfied,5,Very Satisfied,5,Neutral,3,No,No,Strongly Agree,Agree,Yes,Strongly Agree,Agree,Strongly Agree,35.509701,-75.996101,27824,10,9,8,13,0.07452397
2019,2018-19,Complete,"Newport News, VA","Engelhard, NC","Engelhard, NC",Fluke (Summer Flounder),Other,Other,Other,Other,45 to 54,53,HS or equivalent,HS or equivalent,White,White,No,"$60,000 - $69,999","$60,000 - $89,999",Not insured,Not insured,Never Married,Other/Single,U.S.,English,No,1,1st gen,38,30 or more,38,1,One owner,Deckhand,9,5 to 15,Word of mouth,Easy,10,More than 7 days,12,9 to 14 hours,4,3 to 5 members,Hired Captain,Deckhand,Deckhand,1,Share system,Share,50,50,Yes,Yes,No,No,No,No,No,Very Satisfied,5,Satisfied,4,Satisfied,4,Satisfied,4,Satisfied,4,Satisfied,4,Very Satisfied,5,Satisfied,4,Satisfied,4,Yes,Yes,Strongly Disagree,Disagree,Yes,Strongly Agree,Agree,Neutral,35.509701,-75.996101,27824,10,13,12,13,0.07452397
2019,2018-19,Complete,"Hampton Bays/Shinnecock, NY","Hampton Bays/Shinnecock, NY","Hampton Bays/Shinnecock, NY",Fluke (Summer Flounder),Other,Other,Other,Other,55 or older,56,Less than HS,Less than HS,White,White,No,,,Spouse/partner,Insured,Married,Married,U.S.,English,No,1,1st gen,45,30 or more,45,1,One owner,Deckhand,17,16 to 29,Word of mouth,Easy,1,1 day,9,9 to 14 hours,2,1 to 2 members,Hired Captain,Captain,Captain,0,Share system,Share,50,50,Yes,No,Yes,No,No,No,Yes,Neutral,3,Dissatisfied,2,Dissatisfied,2,Neutral,3,Dissatisfied,2,Satisfied,4,Satisfied,4,Satisfied,4,Neutral,3,No,No,Agree,Agree,Yes,Agree,Strongly Disagree,Strongly Agree,40.868999,-72.517601,11946,1,7,9,11,-0.021223983
2019,2018-19,Complete,"Hampton Bays/Shinnecock, NY","Hampton Bays/Shinnecock, NY","Hampton Bays/Shinnecock, NY",Fluke (Summer Flounder),Other,Other,Other,Other,55 or older,57,HS or equivalent,HS or equivalent,White,White,No,"$80,000 - $89,999","$60,000 - $89,999",Fed or state insurance,Insured,Never Married,Other/Single,U.S.,English,No,1,1st gen,27,16 to 29,27,2,Two owners,Deckhand,3,Less than 5,Word of mouth,Very easy,4,2 to 4 days,19,18 hours or more,3,3 to 5 members,Owner-operated,Deckhand,Deckhand,1,Share system,Share,,,Yes,Yes,Yes,Yes,Yes,No,No,Very Satisfied,5,Very Satisfied,5,Very Satisfied,5,Satisfied,4,Satisfied,4,Very Satisfied,5,Very Satisfied,5,Very Satisfied,5,Very Satisfied,5,Yes,Yes,Strongly Disagree,Strongly Disagree,Yes,Disagree,Agree,Strongly Agree,40.868999,-72.517601,11946,1,15,13,15,-0.021223983
2019,2018-19,Complete,"Montauk, NY","Montauk, NY","Montauk, NY",Fluke (Summer Flounder),Other,Other,Other,Other,35 to 44,39,HS or equivalent,HS or equivalent,White,White,No,,,Not insured,Not insured,Married,Married,U.S.,English,Yes,3,3rd gen,19,16 to 29,19,1,One owner,Deckhand,19,16 to 29,Related to owner,Easy,2,2 to 4 days,20,18 hours or more,3,3 to 5 members,Hired Captain,Captain,Captain,0,Share system,Share,,,Yes,Yes,No,Yes,No,No,No,Dissatisfied,2,Dissatisfied,2,Very Satisfied,5,Very Dissatisfied,1,Neutral,3,Dissatisfied,2,Neutral,3,Satisfied,4,Satisfied,4,No,Yes,Strongly Disagree,Disagree,Yes,Strongly Agree,Neutral,Strongly Agree,41.0359,-71.954498,11954,2,9,6,11,0.35286254
2019,2018-19,Complete,"Engelhard, NC",Multiple Ports,Multiple Ports,Fluke (Summer Flounder),Other,Other,Other,Other,55 or older,62,HS or equivalent,HS or equivalent,Black,Non-White,No,"$20,000 - $29,999","Less than $30,000",Not insured,Not insured,Separated,Other/Single,U.S.,English,No,3,3rd gen,14,5 to 15,14,1,One owner,Deckhand,3,Less than 5,Referred by a friend,Easy,10,More than 7 days,20,18 hours or more,4,3 to 5 members,Owner-operated,Deckhand,Deckhand,1,Share system,Share,70,30,No,No,No,No,No,No,No,Satisfied,4,Dissatisfied,2,Satisfied,4,Dissatisfied,2,Satisfied,4,Satisfied,4,Neutral,3,Satisfied,4,Very Satisfied,5,Yes,Yes,Strongly Disagree,Strongly Disagree,Yes,Agree,Disagree,Strongly Agree,35.509701,-75.996101,27824,10,10,10,12,0.07452397
2019,2018-19,Complete,"Gloucester, MA",Multiple Ports,"Gloucester, MA",Fluke (Summer Flounder),Other,Other,Other,Other,25 to 34,28,Bachelor's/four year degree,Bachelor's/four year degree,White,White,No,,,Private insurance,Insured,Never Married,Other/Single,U.S.,English,Yes,4,4th gen or greater,4,Less than 5,4,1,One owner,Deckhand,4,Less than 5,Related to owner,Very easy,1,1 day,14,9 to 14 hours,2,1 to 2 members,Owner-operated,Deckhand,Deckhand,1,Share system,Share,,,No,No,No,No,No,No,No,Neutral,3,Dissatisfied,2,Neutral,3,Neutral,3,Neutral,3,Satisfied,4,Very Satisfied,5,Satisfied,4,Very Satisfied,5,Don't know,Yes,Disagree,Agree,No,Agree,Neutral,Strongly Agree,41.6525,-70.288101,2601,1,8,10,14,0.3224192
2019,2018-19,Complete,"Fairhaven, MA",Multiple Ports,Multiple Ports,Fluke (Summer Flounder),Other,Other,Other,Other,55 or older,55,HS or equivalent,HS or equivalent,White,White,No,"$50,000 - $59,999","$30,000 - $59,999",Spouse/partner,Insured,Divorced,Other/Single,U.S.,English,Yes,4,4th gen or greater,37,30 or more,37,1,One owner,Deckhand,3,Less than 5,Related to owner,Very easy,1,1 day,12,9 to 14 hours,2,1 to 2 members,Owner-operated,Multiple Positions,Multiple Positions,1,Share system,Share,50,50,Yes,No,No,No,No,No,No,Satisfied,4,Neutral,3,Dissatisfied,2,Neutral,3,Satisfied,4,Satisfied,4,Very Satisfied,5,Very Satisfied,5,Dissatisfied,2,Yes,Yes,Disagree,Strongly Disagree,Yes,Strongly Agree,Neutral,Agree,41.758999,-70.493896,2563,1,9,11,12,0.24970995
2019,2018-19,Complete,"Beaufort, NC","New Bedford, MA","New Gloucester, ME",Fluke (Summer Flounder),Other,Other,Other,Other,55 or older,66,Less than HS,Less than HS,Some other race,Non-White,Yes,"$10,000 - $19,999","Less than $30,000",Spouse/partner,Insured,Married,Married,Outside U.S.,Portuguese,Yes,3,3rd gen,55,30 or more,55,1,One owner,Deckhand,9,5 to 15,Other,Easy,7,5 to 7 days,16,15 to 17 hours,3,3 to 5 members,Hired Captain,Captain,Captain,0,Share system,Share,50,50,Yes,Yes,No,Yes,Yes,No,No,Dissatisfied,2,Dissatisfied,2,Satisfied,4,Neutral,3,Satisfied,4,Satisfied,4,Satisfied,4,Neutral,3,Neutral,3,Don't know,Don't know,Agree,Neutral,Yes,Neutral,Strongly Disagree,Neutral,41.6362,-70.934196,2740,1,8,11,10,0.13545999
2019,2018-19,Complete,"New Bedford, MA","New Bedford, MA","New Gloucester, ME",Fluke (Summer Flounder),Other,Other,Other,Other,35 to 44,39,HS or equivalent,HS or equivalent,White,White,No,"$120,000 or more","$120,000 or more",Not insured,Not insured,Married,Married,U.S.,English,Yes,5,4th gen or greater,20,16 to 29,20,4,Four or more,Deckhand,0,Less than 5,Other,Difficult,10,More than 7 days,21,18 hours or more,7,6 or more members,Hired Captain,Multiple Positions,Multiple Positions,1,Share system,Share,,,Yes,No,No,Yes,No,No,Yes,Dissatisfied,2,Dissatisfied,2,Very Dissatisfied,1,Very Dissatisfied,1,Very Dissatisfied,1,Very Dissatisfied,1,Very Satisfied,5,Very Satisfied,5,Satisfied,4,No,Yes,Strongly Disagree,Strongly Disagree,Yes,Strongly Agree,Strongly Disagree,Strongly Agree,41.6362,-70.934196,2740,1,5,3,14,0.13545999
2019,2018-19,Complete,"Hampton, VA","Oriental, NC","Owl's Head, ME",Fluke (Summer Flounder),Other,Other,Other,Other,25 to 34,31,HS or equivalent,HS or equivalent,White,White,No,"$70,000 - $79,999","$60,000 - $89,999",Not insured,Not insured,Never Married,Other/Single,U.S.,English,Yes,6,4th gen or greater,13,5 to 15,13,1,One owner,Deckhand,13,5 to 15,Word of mouth,Very easy,7,5 to 7 days,15,15 to 17 hours,3,3 to 5 members,Hired Captain,Deckhand,Deckhand,1,Share system,Share,50,50,Yes,Yes,No,Yes,No,No,No,Satisfied,4,Neutral,3,Satisfied,4,Satisfied,4,Neutral,3,Neutral,3,Very Satisfied,5,Very Satisfied,5,Very Dissatisfied,1,Yes,Yes,Strongly Disagree,Strongly Disagree,Yes,Strongly Agree,Strongly Disagree,Agree,35.030998,-76.693001,28571,2,11,10,11,-0.1277184
2019,2018-19,Complete,"Hampton, VA","Point Judith, RI",Multiple Ports,Fluke (Summer Flounder),Other,Other,Other,Other,35 to 44,39,Less than HS,Less than HS,White,White,No,"$60,000 - $69,999","$60,000 - $89,999",Private insurance,Insured,Living with partner,Other/Single,U.S.,English,No,1,1st gen,20,16 to 29,20,1,One owner,Deckhand,8,5 to 15,Word of mouth,Easy,6,5 to 7 days,18,18 hours or more,3,3 to 5 members,Owner-operated,Deckhand,Deckhand,1,Share system,Share,,,Yes,Yes,No,Yes,Yes,No,No,Satisfied,4,Very Dissatisfied,1,Satisfied,4,Dissatisfied,2,Very Dissatisfied,1,Neutral,3,Neutral,3,Satisfied,4,Very Dissatisfied,1,No,No,Strongly Disagree,Strongly Agree,No,Strongly Agree,Disagree,Strongly Agree,41.365398,-71.486702,2882,1,9,6,8,-0.075379163
2019,2018-19,Complete,"Hampton, VA","Point Judith, RI",Multiple Ports,Fluke (Summer Flounder),Other,Other,Other,Other,45 to 54,46,HS or equivalent,HS or equivalent,White,White,No,"$40,000 - $49,999","$30,000 - $59,999",Fed or state insurance,Insured,Never Married,Other/Single,U.S.,English,No,1,1st gen,20,16 to 29,20,3,Three owners,Deckhand,0,Less than 5,Word of mouth,Easy,6,5 to 7 days,18,18 hours or more,3,3 to 5 members,Owner-operated,Deckhand,Deckhand,1,Share system,Share,,,Yes,Yes,No,Yes,Yes,No,No,Satisfied,4,Neutral,3,Very Satisfied,5,Satisfied,4,Satisfied,4,Satisfied,4,Very Satisfied,5,Satisfied,4,Neutral,3,Yes,Yes,Strongly Disagree,Agree,No,Strongly Agree,Agree,Agree,41.365398,-71.486702,2882,1,12,12,12,-0.075379163
2019,2018-19,Complete,"Stonington, CT","Stonington, CT","Stonington, ME",Fluke (Summer Flounder),Other,Other,Other,Other,35 to 44,42,HS or equivalent,HS or equivalent,White,White,No,"$80,000 - $89,999","$60,000 - $89,999",Private insurance,Insured,Married,Married,U.S.,English,No,3,3rd gen,20,16 to 29,20,2,Two owners,Deckhand,4,Less than 5,Word of mouth,Easy,3,2 to 4 days,20,18 hours or more,3,3 to 5 members,Owner-operated,Deckhand,Deckhand,1,Share system,Share,,,Yes,No,No,Yes,No,Yes,No,Satisfied,4,Satisfied,4,Very Satisfied,5,Neutral,3,Neutral,3,Satisfied,4,Satisfied,4,Satisfied,4,Satisfied,4,Don't know,Don't know,Disagree,Agree,No,Agree,Neutral,Strongly Agree,41.335899,-71.905899,6355,1,13,10,12,0.58387566
2019,2018-19,Complete,"Beaufort, NC","Beaufort, NC","Beaufort, NC",Groundfish,Groundfish,Groundfish,Other,Other,35 to 44,43,Bachelor's/four year degree,Bachelor's/four year degree,White,White,No,"$40,000 - $49,999","$30,000 - $59,999",Private insurance,Insured,Never Married,Other/Single,U.S.,English,Yes,3,3rd gen,25,16 to 29,25,2,Two owners,Deckhand,1,Less than 5,Referred by a friend,Neither easy nor difficult,3,2 to 4 days,18,18 hours or more,3,3 to 5 members,Hired Captain,Captain,Captain,0,Share system,Share,30,70,Yes,Yes,No,Yes,Yes,Yes,No,Very Satisfied,5,Satisfied,4,Very Satisfied,5,Dissatisfied,2,Dissatisfied,2,Satisfied,4,Very Satisfied,5,Neutral,3,Very Satisfied,5,No,Yes,Strongly Disagree,Agree,Yes,Strongly Agree,Agree,Strongly Agree,34.718201,-76.663803,28512,4,14,8,13,-0.3108187
2019,2018-19,Complete,"Boston, MA","Boston, MA","Boston, MA",Groundfish,Groundfish,Groundfish,Other,Other,Under 25,24,HS or equivalent,HS or equivalent,White,White,No,"$70,000 - $79,999","$60,000 - $89,999",Not insured,Not insured,Never Married,Other/Single,U.S.,English,Yes,2,2nd gen,6,5 to 15,6,3,Three owners,Deckhand,6,5 to 15,Related to non-owner,Very easy,7,5 to 7 days,24,18 hours or more,4,3 to 5 members,Hired Captain,Deckhand,Deckhand,1,Share system,Share,75,25,Yes,Yes,Yes,Yes,Yes,Yes,No,Satisfied,4,Neutral,3,Very Satisfied,5,Neutral,3,Neutral,3,Satisfied,4,Satisfied,4,Satisfied,4,Satisfied,4,No,Yes,Strongly Disagree,Strongly Disagree,No,Disagree,Strongly Disagree,Agree,42.3601,-71.058899,2210,1,12,10,12,0.069486029
2019,2018-19,Complete,"Boston, MA","Boston, MA","Boston, MA",Groundfish,Groundfish,Groundfish,Other,Other,55 or older,55,HS or equivalent,HS or equivalent,White,White,No,"$80,000 - $89,999","$60,000 - $89,999",Not insured,Not insured,Married,Married,U.S.,English,Yes,3,3rd gen,42,30 or more,42,4,Four or more,Deckhand,0,Less than 5,Referred by a friend,Easy,7,5 to 7 days,17,15 to 17 hours,5,3 to 5 members,Hired Captain,Deckhand,Deckhand,1,Share system,Share,55,45,No,No,No,Yes,No,No,Yes,Very Satisfied,5,Neutral,3,Satisfied,4,Neutral,3,Dissatisfied,2,Neutral,3,Very Satisfied,5,Satisfied,4,Neutral,3,No,Yes,Strongly Disagree,Agree,No,Strongly Agree,Agree,Strongly Agree,42.3601,-71.058899,2210,1,12,8,12,0.069486029
2019,2018-19,Complete,"Boston, MA","Boston, MA","Boston, MA",Groundfish,Groundfish,Groundfish,Other,Other,35 to 44,39,Less than HS,Less than HS,White,White,No,"$120,000 or more","$120,000 or more",Private insurance,Insured,Never Married,Other/Single,U.S.,English,Yes,3,3rd gen,25,16 to 29,25,1,One owner,Deckhand,0,Less than 5,Word of mouth,Easy,7,5 to 7 days,16,15 to 17 hours,5,3 to 5 members,Hired Captain,Captain,Captain,0,Share system,Share,55,45,No,No,No,Yes,No,No,Yes,Very Satisfied,5,Neutral,3,Neutral,3,Satisfied,4,Satisfied,4,Satisfied,4,Very Satisfied,5,Very Satisfied,5,Very Satisfied,5,Yes,Yes,Strongly Disagree,Strongly Disagree,Yes,Strongly Agree,Strongly Disagree,Disagree,42.3601,-71.058899,2210,1,11,12,15,0.069486029
2019,2018-19,Complete,"Portland, ME","Boston, MA","Boston, MA",Groundfish,Groundfish,Groundfish,Other,Other,55 or older,58,Bachelor's/four year degree,Bachelor's/four year degree,White,White,No,"$100,000 - $119,999","$90,000 - $119,999",Spouse/partner,Insured,Married,Married,U.S.,English,Yes,3,3rd gen,30,30 or more,30,1,One owner,Cook,25,16 to 29,Related to non-owner,Very easy,6,5 to 7 days,10,9 to 14 hours,4,3 to 5 members,Hired Captain,Multiple Positions,Multiple Positions,1,Share system,Share,50,50,Yes,Yes,Yes,Yes,Yes,No,No,Very Satisfied,5,Satisfied,4,Satisfied,4,Dissatisfied,2,Satisfied,4,Satisfied,4,Satisfied,4,Satisfied,4,Neutral,3,Yes,Yes,Disagree,Disagree,No,Disagree,Agree,Disagree,42.3601,-71.058899,2210,1,13,10,11,0.069486029
2019,2018-19,Complete,"Boston, MA","Boston, MA","Boston, MA",Groundfish,Groundfish,Groundfish,Other,Other,45 to 54,54,HS or equivalent,HS or equivalent,White,White,No,"$80,000 - $89,999","$60,000 - $89,999",Not insured,Not insured,Married,Married,U.S.,English,Yes,4,4th gen or greater,45,30 or more,45,4,Four or more,Deckhand,0,Less than 5,Referred by a friend,Easy,7,5 to 7 days,18,18 hours or more,5,3 to 5 members,Hired Captain,Cook,Other,1,Share system,Share,55,45,No,No,No,Yes,No,No,Yes,Very Satisfied,5,Neutral,3,Satisfied,4,Very Dissatisfied,1,Dissatisfied,2,Dissatisfied,2,Very Satisfied,5,Very Satisfied,5,Dissatisfied,2,Yes,Yes,Strongly Disagree,Agree,No,Strongly Agree,Agree,Agree,42.3601,-71.058899,2210,1,12,5,12,0.069486029
2019,2018-19,Complete,"Boston, MA","Boston, MA","Boston, MA",Groundfish,Groundfish,Groundfish,Other,Other,55 or older,62,HS or equivalent,HS or equivalent,White,White,No,"$120,000 or more","$120,000 or more",Private insurance,Insured,Married,Married,U.S.,English,No,2,2nd gen,49,30 or more,49,1,One owner,Deckhand,15,5 to 15,Related to owner,Very easy,6,5 to 7 days,15,15 to 17 hours,5,3 to 5 members,Hired Captain,Captain,Captain,0,Share system,Share,50,50,No,No,Yes,No,No,No,No,Satisfied,4,Satisfied,4,Satisfied,4,Dissatisfied,2,Dissatisfied,2,Dissatisfied,2,Neutral,3,Neutral,3,Satisfied,4,Don't know,Yes,Strongly Disagree,Neutral,Yes,Strongly Agree,Neutral,Neutral,42.3601,-71.058899,2210,1,12,6,10,0.069486029
2019,2018-19,Complete,"Boston, MA","Boston, MA","Boston, MA",Groundfish,Groundfish,Groundfish,Other,Other,25 to 34,28,HS or equivalent,HS or equivalent,White,White,No,"$70,000 - $79,999","$60,000 - $89,999",Not insured,Not insured,Never Married,Other/Single,U.S.,English,No,1,1st gen,6,5 to 15,6,1,One owner,Deckhand,3,Less than 5,Referred by a friend,Easy,6,5 to 7 days,16,15 to 17 hours,5,3 to 5 members,Hired Captain,Deckhand,Deckhand,1,Share system,Share,50,50,No,No,Yes,No,No,No,No,Very Satisfied,5,Neutral,3,Satisfied,4,Satisfied,4,Neutral,3,Neutral,3,Very Satisfied,5,Very Satisfied,5,Neutral,3,Yes,Yes,Disagree,Neutral,No,Agree,Neutral,Agree,42.3601,-71.058899,2210,1,12,10,13,0.069486029
2019,2018-19,Complete,"Boston, MA","Boston, MA","Boston, MA",Groundfish,Groundfish,Groundfish,Other,Other,55 or older,62,HS or equivalent,HS or equivalent,White,White,No,"$120,000 or more","$120,000 or more",Private insurance,Insured,Divorced,Other/Single,U.S.,English,Yes,2,2nd gen,40,30 or more,40,1,One owner,Deckhand,4,Less than 5,Word of mouth,Very easy,7,5 to 7 days,24,18 hours or more,4,3 to 5 members,Hired Captain,Captain,Captain,0,Share system,Share,75,25,Yes,Yes,Yes,Yes,No,No,No,Very Satisfied,5,Satisfied,4,Satisfied,4,Neutral,3,Neutral,3,Neutral,3,Satisfied,4,Dissatisfied,2,Neutral,3,Don't know,Don't know,Strongly Disagree,Strongly Disagree,No,Disagree,Agree,Disagree,42.3601,-71.058899,2210,1,13,9,9,0.069486029
2019,2018-19,Complete,"Portland, ME","Boston, MA","Boston, MA",Groundfish,Groundfish,Groundfish,Other,Other,55 or older,64,HS or equivalent,HS or equivalent,White,White,No,"$120,000 or more","$120,000 or more",Private insurance,Insured,Widowed,Other/Single,U.S.,English,Yes,3,3rd gen,45,30 or more,45,1,One owner,Deckhand,16,16 to 29,Previous work,Easy,6,5 to 7 days,12,9 to 14 hours,4,3 to 5 members,Hired Captain,Captain,Captain,0,Share system,Share,50,50,Yes,Yes,No,No,No,No,No,Satisfied,4,Satisfied,4,Neutral,3,Dissatisfied,2,Neutral,3,Dissatisfied,2,Dissatisfied,2,Satisfied,4,Dissatisfied,2,Yes,Yes,Disagree,Agree,Yes,Agree,Neutral,Agree,42.3601,-71.058899,2210,1,11,7,8,0.069486029
2019,2018-19,Complete,"Cape May, NJ","Cape May, NJ","Cape May, NJ",Groundfish,Groundfish,Groundfish,Other,Other,35 to 44,42,Less than HS,Less than HS,White,White,No,"$90,000 - $99,999","$90,000 - $119,999",Not insured,Not insured,Married,Married,U.S.,English,Yes,6,4th gen or greater,27,16 to 29,27,1,One owner,Deckhand,7,5 to 15,Related to non-owner,Easy,7,5 to 7 days,20,18 hours or more,5,3 to 5 members,Hired Captain,Mate,Other,1,Share system,Share,55,45,Yes,Yes,No,Yes,No,No,No,Dissatisfied,2,Very Dissatisfied,1,Satisfied,4,Dissatisfied,2,Neutral,3,Satisfied,4,Dissatisfied,2,Neutral,3,Dissatisfied,2,No,No,Strongly Disagree,Strongly Agree,Yes,Strongly Agree,Disagree,Strongly Agree,38.935101,-74.905998,8204,1,7,9,7,-0.005133186
2019,2018-19,Complete,"Gloucester, MA","Gloucester, MA","Gloucester, MA",Groundfish,Groundfish,Groundfish,Other,Other,55 or older,60,Bachelor's/four year degree,Bachelor's/four year degree,White,White,No,"$10,000 - $19,999","Less than $30,000",Fed or state insurance,Insured,Divorced,Other/Single,U.S.,English,Yes,3,3rd gen,20,16 to 29,20,2,Two owners,Deckhand,0,Less than 5,Word of mouth,Neither easy nor difficult,2,2 to 4 days,16,15 to 17 hours,4,3 to 5 members,Hired Captain,Deckhand,Deckhand,1,Share system,Share,,,Yes,Yes,Yes,Yes,Yes,Yes,No,Very Dissatisfied,1,Very Dissatisfied,1,Satisfied,4,Very Satisfied,5,Satisfied,4,Very Satisfied,5,Very Satisfied,5,Satisfied,4,Neutral,3,No,Yes,Disagree,Neutral,No,Strongly Agree,Strongly Disagree,Strongly Agree,42.615898,-70.662003,1930,1,6,14,12,0.34651935
2019,2018-19,Complete,"Boston, MA","Gloucester, MA","Boston, MA",Groundfish,Groundfish,Groundfish,Other,Other,35 to 44,40,HS or equivalent,HS or equivalent,White,White,No,"$120,000 or more","$120,000 or more",Not insured,Not insured,Married,Married,U.S.,English,Yes,3,3rd gen,7,5 to 15,7,1,One owner,Deckhand,3,Less than 5,Word of mouth,Difficult,2,2 to 4 days,24,18 hours or more,6,6 or more members,Owner-operated,Deckhand,Deckhand,1,Share system,Share,,,No,No,No,No,No,No,Yes,Satisfied,4,Satisfied,4,Satisfied,4,Dissatisfied,2,Neutral,3,Neutral,3,Very Satisfied,5,Very Satisfied,5,Neutral,3,Yes,Yes,Disagree,Agree,No,Agree,Disagree,Agree,42.615898,-70.662003,1930,1,12,8,13,0.34651935
2019,2018-19,Complete,"Gloucester, MA","Gloucester, MA","Gloucester, MA",Groundfish,Groundfish,Groundfish,Other,Other,35 to 44,37,HS or equivalent,HS or equivalent,White,White,No,"$60,000 - $69,999","$60,000 - $89,999",Fed or state insurance,Insured,Never Married,Other/Single,U.S.,English,Yes,2,2nd gen,25,16 to 29,25,3,Three owners,Deckhand,1,Less than 5,Referred by a friend,Easy,3,2 to 4 days,16,15 to 17 hours,4,3 to 5 members,Hired Captain,Deckhand,Deckhand,1,Share system,Share,,,Yes,Yes,Yes,Yes,Yes,Yes,No,Dissatisfied,2,Dissatisfied,2,Satisfied,4,Satisfied,4,Neutral,3,Satisfied,4,Very Satisfied,5,Very Satisfied,5,Very Satisfied,5,Yes,Yes,Strongly Disagree,Agree,Yes,Strongly Agree,Strongly Disagree,Strongly Agree,42.615898,-70.662003,1930,1,8,11,15,0.34651935
2019,2018-19,Complete,"Gloucester, MA","Gloucester, MA","Gloucester, MA",Groundfish,Groundfish,Groundfish,Other,Other,55 or older,56,HS or equivalent,HS or equivalent,White,White,No,"$80,000 - $89,999","$60,000 - $89,999",Private insurance,Insured,Married,Married,U.S.,English,Yes,3,3rd gen,37,30 or more,37,1,One owner,Deckhand,6,5 to 15,Previous work,Neither easy nor difficult,5,5 to 7 days,10,9 to 14 hours,4,3 to 5 members,Hired Captain,Captain,Captain,0,Share system,Share,60,40,No,No,No,No,No,No,No,Satisfied,4,Neutral,3,Neutral,3,Dissatisfied,2,Neutral,3,Satisfied,4,Very Satisfied,5,Satisfied,4,Satisfied,4,Yes,Yes,Strongly Disagree,Disagree,No,Agree,Agree,Strongly Agree,42.615898,-70.662003,1930,1,10,9,13,0.34651935
2019,2018-19,Complete,"Gloucester, MA","Gloucester, MA","Gloucester, MA",Groundfish,Groundfish,Groundfish,Other,Other,25 to 34,32,HS or equivalent,HS or equivalent,White,White,No,"$80,000 - $89,999","$60,000 - $89,999",Not insured,Not insured,Divorced,Other/Single,U.S.,English,No,1,1st gen,10,5 to 15,10,1,One owner,Deckhand,3,Less than 5,Word of mouth,Very easy,5,5 to 7 days,18,18 hours or more,6,6 or more members,Owner-operated,Deckhand,Deckhand,1,Share system,Share,,,No,No,No,No,No,No,No,Very Satisfied,5,Dissatisfied,2,Very Satisfied,5,Dissatisfied,2,Neutral,3,Very Dissatisfied,1,Very Satisfied,5,Very Satisfied,5,Neutral,3,No,Yes,Neutral,Strongly Agree,No,Strongly Agree,Neutral,Strongly Agree,42.615898,-70.662003,1930,1,12,6,13,0.34651935
2019,2018-19,Complete,"Portland, ME","Gloucester, MA","Portsmouth, NH",Groundfish,Groundfish,Groundfish,Other,Other,35 to 44,38,Bachelor's/four year degree,Bachelor's/four year degree,White,White,No,"$100,000 - $119,999","$90,000 - $119,999",Not insured,Not insured,Never Married,Other/Single,U.S.,English,No,1,1st gen,3,Less than 5,3,1,One owner,Deckhand,0,Less than 5,Referred by a friend,Very easy,6,5 to 7 days,14,9 to 14 hours,2,1 to 2 members,Hired Captain,Mate,Other,1,Share system,Share,,,Yes,Yes,Yes,Yes,Yes,No,No,Satisfied,4,Satisfied,4,Satisfied,4,Very Dissatisfied,1,Neutral,3,Neutral,3,Neutral,3,Satisfied,4,Very Satisfied,5,No,Yes,Disagree,Neutral,Yes,Disagree,Strongly Disagree,Strongly Disagree,42.615898,-70.662003,1930,1,12,7,12,0.34651935
2019,2018-19,Complete,"Boston, MA","Gloucester, MA","Boston, MA",Groundfish,Groundfish,Groundfish,Other,Other,35 to 44,40,HS or equivalent,HS or equivalent,White,White,No,"$120,000 or more","$120,000 or more",Private insurance,Insured,Married,Married,U.S.,English,No,1,1st gen,3,Less than 5,3,1,One owner,Deckhand,3,Less than 5,Word of mouth,Difficult,2,2 to 4 days,24,18 hours or more,6,6 or more members,Owner-operated,Multiple Positions,Multiple Positions,1,Share system,Share,,,No,No,No,No,No,No,Yes,Very Satisfied,5,Satisfied,4,Dissatisfied,2,Very Dissatisfied,1,Very Dissatisfied,1,Dissatisfied,2,Satisfied,4,Satisfied,4,Dissatisfied,2,Don't know,No,Strongly Disagree,Agree,No,Strongly Agree,Agree,Disagree,42.615898,-70.662003,1930,1,11,4,10,0.34651935
2019,2018-19,Complete,"Gloucester, MA","Gloucester, MA","Gloucester, MA",Groundfish,Groundfish,Groundfish,Other,Other,25 to 34,26,Bachelor's/four year degree,Bachelor's/four year degree,White,White,No,"$50,000 - $59,999","$30,000 - $59,999",Private insurance,Insured,Never Married,Other/Single,U.S.,English,No,1,1st gen,7,5 to 15,7,1,One owner,Deckhand,0,Less than 5,Referred by a friend,Easy,1,1 day,18,18 hours or more,2,1 to 2 members,Owner-operated,Deckhand,Deckhand,1,Other,Other,,,No,No,No,No,No,No,No,Neutral,3,Satisfied,4,Dissatisfied,2,Satisfied,4,Satisfied,4,Neutral,3,Very Satisfied,5,Satisfied,4,Satisfied,4,Don't know,Don't know,Strongly Disagree,Agree,No,Disagree,Neutral,Agree,42.615898,-70.662003,1930,1,9,11,13,0.34651935
2019,2018-19,Complete,"Gloucester, MA","Gloucester, MA","Gloucester, MA",Groundfish,Groundfish,Groundfish,Other,Other,55 or older,62,HS or equivalent,HS or equivalent,White,White,No,"$20,000 - $29,999","Less than $30,000",Fed or state insurance,Insured,Married,Married,U.S.,English,Yes,5,4th gen or greater,45,30 or more,45,3,Three owners,Deckhand,4,Less than 5,Other,Very easy,3,2 to 4 days,20,18 hours or more,4,3 to 5 members,Hired Captain,Captain,Captain,0,Share system,Share,,,Yes,Yes,Yes,Yes,Yes,No,No,Dissatisfied,2,Dissatisfied,2,Satisfied,4,Dissatisfied,2,Satisfied,4,Dissatisfied,2,Very Satisfied,5,Very Satisfied,5,Satisfied,4,No,Yes,Strongly Disagree,Agree,No,Agree,Disagree,Disagree,42.615898,-70.662003,1930,1,8,8,14,0.34651935
2019,2018-19,Complete,"Gloucester, MA","Gloucester, MA","Gloucester, MA",Groundfish,Groundfish,Groundfish,Other,Other,35 to 44,39,HS or equivalent,HS or equivalent,White,White,No,"$60,000 - $69,999","$60,000 - $89,999",Private insurance,Insured,Married,Married,U.S.,English,No,2,2nd gen,15,5 to 15,15,3,Three owners,Deckhand,7,5 to 15,Other,Easy,1,1 day,12,9 to 14 hours,2,1 to 2 members,Owner-operated,Deckhand,Deckhand,1,Share system,Share,,,Yes,Yes,Yes,No,No,No,No,Satisfied,4,Neutral,3,Satisfied,4,Neutral,3,Neutral,3,Satisfied,4,Satisfied,4,Satisfied,4,Very Dissatisfied,1,Don't know,Yes,Strongly Disagree,Disagree,Yes,Neutral,Neutral,Neutral,42.615898,-70.662003,1930,1,11,10,9,0.34651935
2019,2018-19,Complete,"Gloucester, MA","Gloucester, MA","Gloucester, MA",Groundfish,Groundfish,Groundfish,Other,Other,45 to 54,50,Less than HS,Less than HS,Multiracial,Non-White,No,"$70,000 - $79,999","$60,000 - $89,999",Not insured,Not insured,Married,Married,U.S.,English,Yes,4,4th gen or greater,35,30 or more,35,1,One owner,Deckhand,1,Less than 5,Other,Easy,5,5 to 7 days,12,9 to 14 hours,4,3 to 5 members,Hired Captain,Engine Mechanic,Other,1,Share system,Share,,,No,No,No,No,No,No,No,Satisfied,4,Dissatisfied,2,Neutral,3,Neutral,3,Neutral,3,Neutral,3,Very Satisfied,5,Satisfied,4,Neutral,3,Yes,No,Disagree,Agree,No,Agree,Disagree,Agree,42.615898,-70.662003,1930,1,9,9,12,0.34651935
2019,2018-19,Complete,"Hampton, NH","Hampton, NH","Seaford, VA",Groundfish,Groundfish,Groundfish,Other,Other,35 to 44,43,HS or equivalent,HS or equivalent,White,White,No,"$50,000 - $59,999","$30,000 - $59,999",Not insured,Not insured,Divorced,Other/Single,U.S.,English,No,1,1st gen,0,Less than 5,0,1,One owner,Deckhand,0,Less than 5,Advertisement,Difficult,1,1 day,10,9 to 14 hours,2,1 to 2 members,Owner-operated,Deckhand,Deckhand,1,Share system,Share,80,20,No,No,No,No,Yes,No,No,Neutral,3,Dissatisfied,2,Satisfied,4,Satisfied,4,Satisfied,4,Satisfied,4,Satisfied,4,Satisfied,4,Very Dissatisfied,1,Yes,Yes,Strongly Disagree,Strongly Disagree,No,Neutral,Disagree,Disagree,42.937599,-70.838898,3842,1,9,12,9,0.1084077
2019,2018-19,Complete,"Newport News, VA","New Bedford, MA","New Gloucester, ME",Groundfish,Groundfish,Groundfish,Other,Other,45 to 54,52,Less than HS,Less than HS,White,White,No,"$40,000 - $49,999","$30,000 - $59,999",Not insured,Not insured,Married,Married,Outside U.S.,English & Portuguese,Yes,4,4th gen or greater,33,30 or more,33,1,One owner,Deckhand,2,Less than 5,Word of mouth,Difficult,9,More than 7 days,12,9 to 14 hours,4,3 to 5 members,Owner-operated,Multiple Positions,Multiple Positions,1,Share system,Share,,,Yes,Yes,Yes,Yes,No,No,No,Satisfied,4,Dissatisfied,2,Dissatisfied,2,Very Dissatisfied,1,Very Dissatisfied,1,Dissatisfied,2,Very Satisfied,5,Very Satisfied,5,Satisfied,4,No,No,Agree,Disagree,Yes,Strongly Agree,Strongly Disagree,Strongly Agree,41.6362,-70.934196,2740,1,8,4,14,0.13545999
2019,2018-19,Complete,"New Bedford, MA","New Bedford, MA","New Gloucester, ME",Groundfish,Groundfish,Groundfish,Other,Other,Under 25,23,HS or equivalent,HS or equivalent,White,White,No,"$40,000 - $49,999","$30,000 - $59,999",Private insurance,Insured,Never Married,Other/Single,U.S.,Portuguese,Yes,4,4th gen or greater,5,5 to 15,5,1,One owner,Deckhand,5,5 to 15,Related to owner,Easy,9,More than 7 days,14,9 to 14 hours,5,3 to 5 members,Owner-operated,Other,Other,1,Per trip,Other,,,No,No,No,No,No,No,No,Satisfied,4,Satisfied,4,Satisfied,4,Dissatisfied,2,Neutral,3,Neutral,3,Satisfied,4,Satisfied,4,Very Satisfied,5,No,Yes,Disagree,Disagree,No,Agree,Neutral,Strongly Agree,41.6362,-70.934196,2740,1,12,8,13,0.13545999
2019,2018-19,Complete,"Portland, ME","Portland, ME","Portsmouth, NH",Groundfish,Groundfish,Groundfish,Other,Other,45 to 54,53,HS or equivalent,HS or equivalent,White,White,No,,,Not insured,Not insured,Never Married,Other/Single,U.S.,English,No,3,3rd gen,40,30 or more,40,1,One owner,Deckhand,9,5 to 15,Word of mouth,Very easy,4,2 to 4 days,15,15 to 17 hours,2,1 to 2 members,Hired Captain,Captain,Captain,0,Share system,Share,,,No,No,No,No,No,No,No,Satisfied,4,Neutral,3,Satisfied,4,Dissatisfied,2,Dissatisfied,2,Dissatisfied,2,Satisfied,4,Satisfied,4,Satisfied,4,No,Yes,Disagree,Agree,No,Agree,Disagree,Disagree,43.6591,-70.256798,4019,2,11,6,12,-0.4047828
2019,2018-19,Complete,"Portland, ME","Portland, ME","Gloucester, MA",Groundfish,Groundfish,Groundfish,Other,Other,25 to 34,30,Bachelor's/four year degree,Bachelor's/four year degree,White,White,No,"$80,000 - $89,999","$60,000 - $89,999",Employer (vessel),Insured,Never Married,Other/Single,U.S.,English,No,4,4th gen or greater,5,5 to 15,5,1,One owner,Engine Mechanic,5,5 to 15,Word of mouth,Easy,9,More than 7 days,20,18 hours or more,6,6 or more members,Owner-operated,Other,Other,1,Share system,Share,30,70,Yes,No,No,No,No,No,No,Neutral,3,Neutral,3,Satisfied,4,Neutral,3,Neutral,3,Satisfied,4,Satisfied,4,Very Satisfied,5,Satisfied,4,Yes,Yes,Neutral,Agree,No,Agree,Strongly Disagree,Agree,43.6591,-70.256798,4019,2,10,10,13,-0.4047828
2019,2018-19,Complete,"Portland, ME","Portland, ME","Portsmouth, NH",Groundfish,Groundfish,Groundfish,Other,Other,25 to 34,32,Less than HS,Less than HS,White,White,No,"$70,000 - $79,999","$60,000 - $89,999",Not insured,Not insured,Divorced,Other/Single,U.S.,English,Yes,5,4th gen or greater,15,5 to 15,15,3,Three owners,Deckhand,0,Less than 5,Word of mouth,Easy,4,2 to 4 days,18,18 hours or more,2,1 to 2 members,Hired Captain,Captain,Captain,0,Share system,Share,95,5,Yes,Yes,Yes,Yes,Yes,No,No,Satisfied,4,Satisfied,4,Satisfied,4,Dissatisfied,2,Satisfied,4,Satisfied,4,Satisfied,4,Satisfied,4,Satisfied,4,No,Don't know,Disagree,Disagree,No,Agree,Agree,Agree,43.6591,-70.256798,4019,2,12,10,12,-0.4047828
2019,2018-19,Complete,"Portland, ME","Portland, ME","Gloucester, MA",Groundfish,Groundfish,Groundfish,Other,Other,Under 25,22,HS or equivalent,HS or equivalent,White,White,No,"$60,000 - $69,999","$60,000 - $89,999",Not insured,Not insured,Living with partner,Other/Single,U.S.,English,Yes,3,3rd gen,4,Less than 5,4,1,One owner,Deckhand,2,Less than 5,Referred by a friend,Easy,9,More than 7 days,20,18 hours or more,5,3 to 5 members,Hired Captain,Deckhand,Deckhand,1,Share system,Share,,,Yes,Yes,Yes,Yes,No,No,No,Satisfied,4,Satisfied,4,Satisfied,4,Dissatisfied,2,Dissatisfied,2,Satisfied,4,Very Satisfied,5,Very Satisfied,5,Very Satisfied,5,Yes,Yes,Disagree,Disagree,No,Agree,Agree,Agree,43.6591,-70.256798,4019,2,12,8,15,-0.4047828
2019,2018-19,Complete,"Portland, ME","Portland, ME","Gloucester, MA",Groundfish,Groundfish,Groundfish,Other,Other,45 to 54,48,Less than HS,Less than HS,White,White,No,"$120,000 or more","$120,000 or more",Not insured,Not insured,Divorced,Other/Single,U.S.,English,Yes,2,2nd gen,30,30 or more,30,1,One owner,Deckhand,2,Less than 5,Previous work,Easy,7,5 to 7 days,16,15 to 17 hours,5,3 to 5 members,Hired Captain,Captain,Captain,0,Share system,Share,55,45,Yes,No,Yes,No,No,No,No,Satisfied,4,Dissatisfied,2,Neutral,3,Dissatisfied,2,Satisfied,4,Satisfied,4,Very Satisfied,5,Very Satisfied,5,Very Satisfied,5,Yes,Yes,Disagree,Disagree,No,Agree,Neutral,Neutral,43.6591,-70.256798,4019,2,9,10,15,-0.4047828
2019,2018-19,Complete,"Portland, ME","Portland, ME","Portsmouth, NH",Groundfish,Groundfish,Groundfish,Other,Other,25 to 34,30,Associate's/two-year degree,Associate's/two-year degree,White,White,No,"$100,000 - $119,999","$90,000 - $119,999",Not insured,Not insured,Never Married,Other/Single,U.S.,English,No,1,1st gen,10,5 to 15,10,4,Four or more,Deckhand,0,Less than 5,Word of mouth,Difficult,7,5 to 7 days,18,18 hours or more,2,1 to 2 members,Hired Captain,Deckhand,Deckhand,1,Share system,Share,50,50,Yes,Yes,Yes,Yes,No,No,No,Dissatisfied,2,Very Dissatisfied,1,Satisfied,4,Dissatisfied,2,Satisfied,4,Satisfied,4,Satisfied,4,Satisfied,4,Satisfied,4,No,Yes,Strongly Disagree,Strongly Agree,No,Strongly Agree,Neutral,Strongly Agree,43.6591,-70.256798,4019,2,7,10,12,-0.4047828
2019,2018-19,Complete,"Portland, ME","Portland, ME","Gloucester, MA",Groundfish,Groundfish,Groundfish,Other,Other,35 to 44,36,HS or equivalent,HS or equivalent,White,White,No,"$90,000 - $99,999","$90,000 - $119,999",Not insured,Not insured,Living with partner,Other/Single,U.S.,English,Yes,3,3rd gen,25,16 to 29,25,1,One owner,Deckhand,3,Less than 5,Referred by a friend,Difficult,7,5 to 7 days,20,18 hours or more,4,3 to 5 members,Hired Captain,Deckhand,Deckhand,1,Share system,Share,50,50,Yes,Yes,No,Yes,No,No,No,Satisfied,4,Satisfied,4,Satisfied,4,Dissatisfied,2,Satisfied,4,Dissatisfied,2,Very Satisfied,5,Very Satisfied,5,Satisfied,4,No,Yes,Disagree,Agree,No,Strongly Agree,Strongly Disagree,Strongly Agree,43.6591,-70.256798,4019,2,12,8,14,-0.4047828
2019,2018-19,Complete,"Portland, ME","Portland, ME","Gloucester, MA",Groundfish,Groundfish,Groundfish,Other,Other,Under 25,22,HS or equivalent,HS or equivalent,Multiracial,Non-White,No,"$70,000 - $79,999","$60,000 - $89,999",Private insurance,Insured,Never Married,Other/Single,Outside U.S.,English,Yes,1,1st gen,3,Less than 5,3,2,Two owners,Deckhand,0,Less than 5,Word of mouth,Very easy,9,More than 7 days,14,9 to 14 hours,5,3 to 5 members,Hired Captain,Multiple Positions,Multiple Positions,1,Share system,Share,55,45,Yes,Yes,Yes,Yes,No,No,No,Very Satisfied,5,Satisfied,4,Neutral,3,Very Dissatisfied,1,Dissatisfied,2,Dissatisfied,2,Very Satisfied,5,Satisfied,4,Satisfied,4,Yes,Yes,Agree,Strongly Agree,No,Disagree,Neutral,Strongly Disagree,43.6591,-70.256798,4019,2,12,5,13,-0.4047828
2019,2018-19,Complete,"Beaufort, NC","Beaufort, NC","Beaufort, NC",Grouper,Other,Other,Other,Other,45 to 54,48,HS or equivalent,HS or equivalent,White,White,No,"$30,000 - $39,999","$30,000 - $59,999",Not insured,Not insured,Divorced,Other/Single,U.S.,English,Yes,3,3rd gen,27,16 to 29,27,2,Two owners,Deckhand,3,Less than 5,Related to owner,Very easy,4,2 to 4 days,13,9 to 14 hours,2,1 to 2 members,Owner-operated,Multiple Positions,Multiple Positions,1,Share system,Share,67,33,Yes,Yes,No,Yes,Yes,Yes,No,Very Satisfied,5,Neutral,3,Very Satisfied,5,Satisfied,4,Dissatisfied,2,Satisfied,4,Very Satisfied,5,Very Satisfied,5,Very Satisfied,5,Yes,Yes,Strongly Disagree,Agree,Yes,Strongly Agree,Agree,Strongly Agree,34.718201,-76.663803,28512,4,13,10,15,-0.3108187
2019,2018-19,Complete,"Cape May, NJ","Cape May, NJ","Cape May, NJ",Herring,Other,Other,Other,Other,35 to 44,36,HS or equivalent,HS or equivalent,White,White,No,"$120,000 or more","$120,000 or more",Private insurance,Insured,Married,Married,U.S.,English,Yes,3,3rd gen,24,16 to 29,24,1,One owner,Deckhand,3,Less than 5,Related to owner,Very easy,4,2 to 4 days,18,18 hours or more,4,3 to 5 members,Hired Captain,Captain,Captain,0,Share system,Share,50,50,No,No,No,No,No,No,No,Satisfied,4,Neutral,3,Satisfied,4,Satisfied,4,Neutral,3,Neutral,3,Satisfied,4,Satisfied,4,Very Satisfied,5,Yes,Yes,Disagree,Disagree,Yes,Disagree,Strongly Disagree,Agree,38.935101,-74.905998,8204,1,11,10,13,-0.005133186
2019,2018-19,Complete,"Cape May, NJ","Cape May, NJ","Cape May, NJ",Herring,Other,Other,Other,Other,35 to 44,41,Less than HS,Less than HS,White,White,No,"$100,000 - $119,999","$90,000 - $119,999",Not insured,Not insured,Never Married,Other/Single,U.S.,English,No,1,1st gen,13,5 to 15,13,1,One owner,Deckhand,13,5 to 15,Referred by a friend,Easy,4,2 to 4 days,6,8 hours or less,4,3 to 5 members,Owner-operated,Multiple Positions,Multiple Positions,1,Share system,Share,,,Yes,No,No,Yes,No,No,No,Very Satisfied,5,Neutral,3,Satisfied,4,Satisfied,4,Satisfied,4,Satisfied,4,Satisfied,4,Satisfied,4,Satisfied,4,Yes,Yes,Disagree,Disagree,No,Agree,Agree,Strongly Agree,38.935101,-74.905998,8204,1,12,12,12,-0.005133186
2019,2018-19,Complete,"Portland, ME","Portland, ME","Portsmouth, NH",Herring,Other,Other,Other,Other,35 to 44,36,Less than HS,Less than HS,White,White,No,"$100,000 - $119,999","$90,000 - $119,999",Not insured,Not insured,Never Married,Other/Single,U.S.,English,Yes,6,4th gen or greater,27,16 to 29,27,1,One owner,Deckhand,12,5 to 15,Word of mouth,Easy,1,1 day,12,9 to 14 hours,7,6 or more members,Owner-operated,Deckhand,Deckhand,1,Share system,Share,,,Yes,No,No,No,No,No,No,Neutral,3,Dissatisfied,2,Satisfied,4,Dissatisfied,2,Satisfied,4,Satisfied,4,Satisfied,4,Satisfied,4,Satisfied,4,Yes,Yes,Disagree,Disagree,No,Agree,Neutral,Strongly Agree,43.6591,-70.256798,4019,2,9,10,12,-0.4047828
2019,2018-19,Complete,"Portland, ME","Portland, ME","Portsmouth, NH",Herring,Other,Other,Other,Other,Under 25,24,Bachelor's/four year degree,Bachelor's/four year degree,White,White,No,"$100,000 - $119,999","$90,000 - $119,999",Other,Insured,Never Married,Other/Single,U.S.,English,Yes,4,4th gen or greater,8,5 to 15,8,1,One owner,Deckhand,4,Less than 5,Word of mouth,Neither easy nor difficult,2,2 to 4 days,10,9 to 14 hours,7,6 or more members,Owner-operated,Deckhand,Deckhand,1,Share system,Share,,,No,No,No,No,Yes,No,No,Satisfied,4,Satisfied,4,Satisfied,4,Dissatisfied,2,Satisfied,4,Dissatisfied,2,Very Satisfied,5,Satisfied,4,Dissatisfied,2,Yes,Don't know,Agree,Agree,No,Agree,Disagree,Neutral,43.6591,-70.256798,4019,2,12,8,11,-0.4047828
2019,2018-19,Complete,"Portland, ME","Portland, ME","Portsmouth, NH",Herring,Other,Other,Other,Other,25 to 34,33,HS or equivalent,HS or equivalent,White,White,No,"$120,000 or more","$120,000 or more",Not insured,Not insured,Never Married,Other/Single,U.S.,English,No,1,1st gen,18,16 to 29,18,1,One owner,Deckhand,3,Less than 5,Word of mouth,Difficult,1,1 day,12,9 to 14 hours,7,6 or more members,Owner-operated,Deckhand,Deckhand,1,Share system,Share,,,Yes,Yes,No,No,No,No,No,Satisfied,4,Neutral,3,Satisfied,4,Neutral,3,Satisfied,4,Satisfied,4,Neutral,3,Satisfied,4,Dissatisfied,2,Yes,Yes,Disagree,Agree,No,Agree,Agree,Agree,43.6591,-70.256798,4019,2,11,11,9,-0.4047828
2019,2018-19,Complete,"Portland, ME","Portland, ME","Portsmouth, NH",Herring,Other,Other,Other,Other,25 to 34,30,Associate's/two-year degree,Associate's/two-year degree,White,White,No,"$120,000 or more","$120,000 or more",Private insurance,Insured,Married,Married,U.S.,English,Yes,5,4th gen or greater,20,16 to 29,20,2,Two owners,Deckhand,7,5 to 15,Referred by a friend,Very easy,3,2 to 4 days,16,15 to 17 hours,6,6 or more members,Owner-operated,Deckhand,Deckhand,1,Share system,Share,76,24,Yes,No,No,Yes,No,No,No,Neutral,3,Neutral,3,Neutral,3,Dissatisfied,2,Satisfied,4,Satisfied,4,Satisfied,4,Satisfied,4,Satisfied,4,No,Yes,Agree,Agree,Yes,Agree,Agree,Agree,43.6591,-70.256798,4019,2,9,10,12,-0.4047828
2019,2018-19,Complete,"Portland, ME","Portland, ME",Multiple Ports,Herring,Other,Other,Other,Other,25 to 34,26,Bachelor's/four year degree,Bachelor's/four year degree,White,White,No,"$70,000 - $79,999","$60,000 - $89,999",Not insured,Not insured,Never Married,Other/Single,U.S.,English,Yes,2,2nd gen,5,5 to 15,5,1,One owner,Deckhand,5,5 to 15,Related to owner,Easy,7,5 to 7 days,11,9 to 14 hours,4,3 to 5 members,Hired Captain,Other,Other,1,Share system,Share,50,50,Yes,Yes,No,Yes,No,No,No,Satisfied,4,Satisfied,4,Neutral,3,Satisfied,4,Satisfied,4,Satisfied,4,Very Satisfied,5,Very Satisfied,5,Very Satisfied,5,Don't know,No,Strongly Disagree,Agree,Yes,Neutral,Agree,Strongly Agree,43.6591,-70.256798,4019,2,11,12,15,-0.4047828
2019,2018-19,Complete,"Rockland, ME","Rockland, ME","Rockport, MA",Herring,Other,Other,Other,Other,35 to 44,40,Bachelor's/four year degree,Bachelor's/four year degree,White,White,No,"$90,000 - $99,999","$90,000 - $119,999",Other,Insured,Divorced,Other/Single,U.S.,English,Yes,2,2nd gen,20,16 to 29,20,1,One owner,Mate/1st Mate,2,Less than 5,Referred by a friend,Difficult,4,2 to 4 days,12,9 to 14 hours,5,3 to 5 members,Hired Captain,Deckhand,Deckhand,1,Share system,Share,30,70,Yes,Yes,No,Yes,Yes,No,No,Satisfied,4,Very Dissatisfied,1,Neutral,3,Satisfied,4,Satisfied,4,Satisfied,4,Very Satisfied,5,Very Satisfied,5,Very Satisfied,5,No,Yes,Strongly Disagree,Agree,Yes,Strongly Agree,Strongly Disagree,Neutral,44.184502,-69.076103,4841,7,8,12,15,-0.028475318
2019,2018-19,Complete,"Rockland, ME","Rockland, ME","Rockport, MA",Herring,Other,Other,Other,Other,35 to 44,44,HS or equivalent,HS or equivalent,White,White,No,"$90,000 - $99,999","$90,000 - $119,999",Not insured,Not insured,Never Married,Other/Single,U.S.,English,No,3,3rd gen,25,16 to 29,25,1,One owner,Deckhand,1,Less than 5,Word of mouth,Very easy,2,2 to 4 days,12,9 to 14 hours,5,3 to 5 members,Hired Captain,Deckhand,Deckhand,1,Share system,Share,,,Yes,No,No,Yes,No,No,No,Satisfied,4,Neutral,3,Satisfied,4,Neutral,3,Satisfied,4,Satisfied,4,Satisfied,4,Neutral,3,Neutral,3,No,Yes,Strongly Disagree,Agree,Yes,Agree,Disagree,Strongly Agree,44.184502,-69.076103,4841,7,11,11,10,-0.028475318
2019,2018-19,Complete,"Rockland, ME","Rockland, ME","Rockport, MA",Herring,Other,Other,Other,Other,25 to 34,32,Less than HS,Less than HS,White,White,No,"$120,000 or more","$120,000 or more",Private insurance,Insured,Married,Married,U.S.,English,Yes,1,1st gen,15,5 to 15,15,1,One owner,Deckhand,13,5 to 15,Previous work,Neither easy nor difficult,1,1 day,18,18 hours or more,7,6 or more members,Owner-operated,Deckhand,Deckhand,1,Share system,Share,50,50,Yes,No,No,Yes,Yes,No,No,Satisfied,4,Dissatisfied,2,Neutral,3,Satisfied,4,Dissatisfied,2,Dissatisfied,2,Very Satisfied,5,Satisfied,4,Satisfied,4,Don't know,No,Disagree,Agree,Yes,Agree,Agree,Disagree,44.184502,-69.076103,4841,7,9,8,13,-0.028475318
2019,2018-19,Complete,"Rockland, ME","Rockland, ME","Rockport, MA",Herring,Other,Other,Other,Other,Under 25,23,HS or equivalent,HS or equivalent,White,White,No,"$20,000 - $29,999","Less than $30,000",Private insurance,Insured,Never Married,Other/Single,U.S.,English,No,2,2nd gen,6,5 to 15,6,2,Two owners,Deckhand,0,Less than 5,Referred by a friend,Very easy,7,5 to 7 days,9,9 to 14 hours,7,6 or more members,Hired Captain,Deckhand,Deckhand,1,Share system,Share,,,Yes,Yes,No,Yes,No,No,No,Satisfied,4,Satisfied,4,Satisfied,4,Very Satisfied,5,Satisfied,4,Satisfied,4,Very Satisfied,5,Satisfied,4,Satisfied,4,Yes,Yes,Agree,Disagree,No,Neutral,Agree,Neutral,44.184502,-69.076103,4841,7,12,13,13,-0.028475318
2019,2018-19,Complete,"Rockland, ME","Rockland, ME","Rockport, MA",Herring,Other,Other,Other,Other,35 to 44,43,HS or equivalent,HS or equivalent,White,White,No,"$120,000 or more","$120,000 or more",Private insurance,Insured,Never Married,Other/Single,U.S.,English,Yes,3,3rd gen,28,16 to 29,28,1,One owner,Deckhand,7,5 to 15,Referred by a friend,Very easy,2,2 to 4 days,19,18 hours or more,7,6 or more members,Owner-operated,Deckhand,Deckhand,1,Share system,Share,55,45,Yes,No,No,Yes,No,No,No,Satisfied,4,Satisfied,4,Satisfied,4,Satisfied,4,Satisfied,4,Satisfied,4,Very Satisfied,5,Very Satisfied,5,Very Satisfied,5,No,Yes,Strongly Disagree,Disagree,Yes,Disagree,Neutral,Neutral,44.184502,-69.076103,4841,7,12,12,15,-0.028475318
2019,2018-19,Complete,"Rockland, ME","Rockland, ME","Stumpy Point, NC",Herring,Other,Other,Other,Other,35 to 44,40,HS or equivalent,HS or equivalent,White,White,No,"$20,000 - $29,999","Less than $30,000",Not insured,Not insured,Married,Married,U.S.,English,No,1,1st gen,22,16 to 29,22,1,One owner,Deckhand,3,Less than 5,Word of mouth,Neither easy nor difficult,3,2 to 4 days,16,15 to 17 hours,3,3 to 5 members,Owner-operated,Multiple Positions,Multiple Positions,1,Share system,Share,64,36,Yes,No,No,Yes,No,No,No,Neutral,3,Neutral,3,Satisfied,4,Satisfied,4,Neutral,3,Satisfied,4,Very Satisfied,5,Very Satisfied,5,Dissatisfied,2,No,Yes,Strongly Disagree,Agree,Yes,Agree,Agree,Agree,44.184502,-69.076103,4841,7,10,11,12,-0.028475318
2019,2018-19,Complete,"Hampton, NH","Hampton, NH","Hampton, NH",Jonah Crab,Other,Other,Other,Other,45 to 54,54,HS or equivalent,HS or equivalent,White,White,No,"$80,000 - $89,999","$60,000 - $89,999",Private insurance,Insured,Married,Married,U.S.,English,Yes,3,3rd gen,36,30 or more,36,1,One owner,Deckhand,6,5 to 15,Related to owner,Very easy,1,1 day,9,9 to 14 hours,2,1 to 2 members,Owner-operated,Deckhand,Deckhand,1,Share system,Share,50,50,Yes,Yes,No,No,Yes,Yes,No,Satisfied,4,Neutral,3,Very Satisfied,5,Satisfied,4,Satisfied,4,Satisfied,4,Very Satisfied,5,Very Satisfied,5,Very Satisfied,5,Don't know,Yes,Strongly Disagree,Strongly Disagree,Yes,Agree,Strongly Disagree,Agree,42.937599,-70.838898,3842,1,12,12,15,0.1084077
2019,2018-19,Complete,"Montauk, NY","Montauk, NY","Montauk, NY",Jonah Crab,Other,Other,Other,Other,Under 25,20,HS or equivalent,HS or equivalent,White,White,No,,,Not insured,Not insured,Never Married,Other/Single,U.S.,English,Yes,2,2nd gen,2,Less than 5,2,1,One owner,Deckhand,2,Less than 5,Referred by a friend,Very easy,2,2 to 4 days,16,15 to 17 hours,3,3 to 5 members,Owner-operated,Deckhand,Deckhand,1,Share system,Share,,,Yes,Yes,No,Yes,No,No,No,Satisfied,4,Satisfied,4,Satisfied,4,Satisfied,4,Satisfied,4,Satisfied,4,Very Satisfied,5,Satisfied,4,Very Dissatisfied,1,Yes,Yes,Agree,Agree,No,Disagree,Neutral,Neutral,41.0359,-71.954498,11954,2,12,12,10,0.35286254
2019,2018-19,Complete,"New Bedford, MA","New Bedford, MA","New Gloucester, ME",Jonah Crab,Other,Other,Other,Other,55 or older,60,HS or equivalent,HS or equivalent,White,White,No,"$100,000 - $119,999","$90,000 - $119,999",Private insurance,Insured,Married,Married,U.S.,English,No,3,3rd gen,43,30 or more,43,3,Three owners,Deckhand,0,Less than 5,Other,Easy,4,2 to 4 days,20,18 hours or more,5,3 to 5 members,Hired Captain,Captain,Captain,0,Share system,Share,60,40,Yes,No,No,No,Yes,Yes,No,Very Satisfied,5,Dissatisfied,2,Very Satisfied,5,Neutral,3,Satisfied,4,Satisfied,4,Very Satisfied,5,Very Satisfied,5,Very Dissatisfied,1,No,Yes,Strongly Disagree,Agree,Yes,Strongly Agree,Strongly Agree,Neutral,41.6362,-70.934196,2740,1,12,11,11,0.13545999
2019,2018-19,Complete,"New Bedford, MA","New Bedford, MA","New Gloucester, ME",Jonah Crab,Other,Other,Other,Other,55 or older,56,Less than HS,Less than HS,White,White,No,"$120,000 or more","$120,000 or more",Fed or state insurance,Insured,Married,Married,U.S.,English,No,1,1st gen,36,30 or more,36,2,Two owners,Deckhand,0,Less than 5,Referred by a friend,Easy,4,2 to 4 days,18,18 hours or more,4,3 to 5 members,Hired Captain,Captain,Captain,0,Share system,Share,50,50,Yes,No,No,No,No,Yes,No,Very Satisfied,5,Very Satisfied,5,Very Satisfied,5,Satisfied,4,Neutral,3,Satisfied,4,Satisfied,4,Satisfied,4,Very Satisfied,5,No,Yes,Strongly Disagree,Strongly Disagree,Yes,Disagree,Strongly Agree,Disagree,41.6362,-70.934196,2740,1,15,11,13,0.13545999
2019,2018-19,Complete,"New Bedford, MA","New Bedford, MA","New Gloucester, ME",Jonah Crab,Other,Other,Other,Other,25 to 34,31,Associate's/two-year degree,Associate's/two-year degree,White,White,No,"$120,000 or more","$120,000 or more",Fed or state insurance,Insured,Married,Married,U.S.,English,No,3,3rd gen,14,5 to 15,14,1,One owner,Deckhand,2,Less than 5,Previous work,Very easy,4,2 to 4 days,14,9 to 14 hours,4,3 to 5 members,Hired Captain,Captain,Captain,0,Share system,Share,51,49,Yes,Yes,Yes,Yes,No,Yes,Yes,Satisfied,4,Satisfied,4,Satisfied,4,Satisfied,4,Dissatisfied,2,Neutral,3,Very Satisfied,5,Satisfied,4,Very Satisfied,5,Yes,Yes,Strongly Agree,Strongly Disagree,No,Strongly Agree,Agree,Agree,41.6362,-70.934196,2740,1,12,9,14,0.13545999
2019,2018-19,Complete,"New Bedford, MA","New Bedford, MA","New Gloucester, ME",Jonah Crab,Other,Other,Other,Other,45 to 54,49,HS or equivalent,HS or equivalent,White,White,No,,,Spouse/partner,Insured,Living with partner,Other/Single,U.S.,English,No,4,4th gen or greater,38,30 or more,38,1,One owner,Deckhand,7,5 to 15,Other,Easy,5,5 to 7 days,20,18 hours or more,4,3 to 5 members,Hired Captain,Captain,Captain,0,Share system,Share,,,Yes,No,No,Yes,Yes,Yes,Yes,Neutral,3,Very Dissatisfied,1,Very Satisfied,5,Very Dissatisfied,1,Neutral,3,Neutral,3,Neutral,3,Neutral,3,Satisfied,4,Don't know,Yes,Disagree,Disagree,No,Strongly Agree,Disagree,Neutral,41.6362,-70.934196,2740,1,9,7,10,0.13545999
2019,2018-19,Complete,"New Bedford, MA","New Bedford, MA","New Gloucester, ME",Jonah Crab,Other,Other,Other,Other,45 to 54,53,HS or equivalent,HS or equivalent,White,White,No,"$120,000 or more","$120,000 or more",Private insurance,Insured,Divorced,Other/Single,U.S.,English,Yes,1,1st gen,35,30 or more,35,1,One owner,Deckhand,0,Less than 5,Word of mouth,Very easy,3,2 to 4 days,18,18 hours or more,4,3 to 5 members,Hired Captain,Captain,Captain,0,Share system,Share,,,Yes,No,No,Yes,Yes,Yes,No,Neutral,3,Satisfied,4,Dissatisfied,2,Dissatisfied,2,Very Dissatisfied,1,Very Dissatisfied,1,Very Satisfied,5,Very Satisfied,5,Very Dissatisfied,1,No,No,Strongly Disagree,Agree,Yes,Agree,Disagree,Neutral,41.6362,-70.934196,2740,1,9,4,11,0.13545999
2019,2018-19,Complete,"New Bedford, MA","New Bedford, MA","New Gloucester, ME",Jonah Crab,Other,Other,Other,Other,25 to 34,27,HS or equivalent,HS or equivalent,Some other race,Non-White,Yes,"$60,000 - $69,999","$60,000 - $89,999",Not insured,Not insured,Never Married,Other/Single,Outside U.S.,Spanish,No,1,1st gen,0,Less than 5,0,1,One owner,Deckhand,0,Less than 5,Word of mouth,Easy,4,2 to 4 days,20,18 hours or more,5,3 to 5 members,Hired Captain,Deckhand,Deckhand,1,Share system,Share,,,Yes,No,No,No,Yes,Yes,Yes,Satisfied,4,Satisfied,4,Satisfied,4,Dissatisfied,2,Dissatisfied,2,Neutral,3,Satisfied,4,Satisfied,4,Dissatisfied,2,Yes,Yes,Agree,Neutral,No,Neutral,Neutral,Neutral,41.6362,-70.934196,2740,1,12,7,10,0.13545999
2019,2018-19,Complete,"Newport, RI","Newport, RI","Newport News, VA",Jonah Crab,Other,Other,Other,Other,55 or older,55,HS or equivalent,HS or equivalent,White,White,No,"$120,000 or more","$120,000 or more",Spouse/partner,Insured,Married,Married,U.S.,English,Yes,3,3rd gen,37,30 or more,37,2,Two owners,Deckhand,25,16 to 29,Word of mouth,Easy,5,5 to 7 days,18,18 hours or more,5,3 to 5 members,Owner-operated,Captain,Captain,0,Share system,Share,55,45,Yes,Yes,No,Yes,Yes,Yes,No,Satisfied,4,Satisfied,4,Satisfied,4,Satisfied,4,Dissatisfied,2,Neutral,3,Very Satisfied,5,Very Satisfied,5,Very Satisfied,5,No,No,Disagree,Strongly Disagree,Yes,Agree,Agree,Agree,41.490101,-71.312798,2840,1,12,9,15,-0.053667698
2019,2018-19,Complete,"Sandwich, MA","Sandwich, MA","Scituate, MA",Jonah Crab,Other,Other,Other,Other,Under 25,22,HS or equivalent,HS or equivalent,White,White,No,"$80,000 - $89,999","$60,000 - $89,999",Other,Insured,Never Married,Other/Single,U.S.,English,Yes,2,2nd gen,4,Less than 5,4,5,Four or more,Deckhand,0,Less than 5,Word of mouth,Neither easy nor difficult,6,5 to 7 days,18,18 hours or more,5,3 to 5 members,Hired Captain,Deckhand,Deckhand,1,Share system,Share,,,Yes,No,No,Yes,Yes,Yes,No,Satisfied,4,Neutral,3,Very Satisfied,5,Neutral,3,Neutral,3,Satisfied,4,Very Satisfied,5,Very Satisfied,5,Satisfied,4,Yes,Yes,Strongly Disagree,Strongly Disagree,No,Agree,Agree,Disagree,41.758999,-70.493896,2563,1,12,10,14,0.24970995
2019,2018-19,Complete,"Sandwich, MA","Sandwich, MA","Scituate, MA",Jonah Crab,Other,Other,Other,Other,Under 25,24,Associate's/two-year degree,Associate's/two-year degree,White,White,No,"$80,000 - $89,999","$60,000 - $89,999",Other,Insured,Never Married,Other/Single,U.S.,English,Yes,3,3rd gen,11,5 to 15,11,2,Two owners,Deckhand,3,Less than 5,Word of mouth,Easy,5,5 to 7 days,16,15 to 17 hours,5,3 to 5 members,Hired Captain,Deckhand,Deckhand,1,Share system,Share,60,40,Yes,No,No,Yes,Yes,Yes,No,Satisfied,4,Satisfied,4,Satisfied,4,Satisfied,4,Neutral,3,Satisfied,4,Very Satisfied,5,Satisfied,4,Very Satisfied,5,No,Yes,Strongly Disagree,Disagree,Yes,Disagree,Agree,Neutral,41.758999,-70.493896,2563,1,12,11,14,0.24970995
2019,2018-19,Complete,"Sandwich, MA","Sandwich, MA","Scituate, MA",Jonah Crab,Other,Other,Other,Other,35 to 44,42,HS or equivalent,HS or equivalent,Native Hawaiian or Other Pacific Islander,Non-White,No,"$20,000 - $29,999","Less than $30,000",Not insured,Not insured,Divorced,Other/Single,U.S.,English,Yes,2,2nd gen,15,5 to 15,15,3,Three owners,Deckhand,0,Less than 5,Word of mouth,Easy,6,5 to 7 days,18,18 hours or more,5,3 to 5 members,Hired Captain,Deckhand,Deckhand,1,Share system,Share,60,40,Yes,No,No,Yes,Yes,Yes,No,Satisfied,4,Dissatisfied,2,Very Satisfied,5,Satisfied,4,Dissatisfied,2,Satisfied,4,Very Satisfied,5,Satisfied,4,Satisfied,4,Yes,Yes,Strongly Disagree,Disagree,Yes,Strongly Agree,Agree,Strongly Agree,41.758999,-70.493896,2563,1,11,10,13,0.24970995
2019,2018-19,Complete,"Sandwich, MA","Sandwich, MA","Scituate, MA",Jonah Crab,Other,Other,Other,Other,Under 25,21,HS or equivalent,HS or equivalent,White,White,No,"$50,000 - $59,999","$30,000 - $59,999",Other,Insured,Never Married,Other/Single,U.S.,English,No,1,1st gen,2,Less than 5,2,3,Three owners,Deckhand,0,Less than 5,Word of mouth,Easy,6,5 to 7 days,15,15 to 17 hours,5,3 to 5 members,Hired Captain,Deckhand,Deckhand,1,Share system,Share,60,40,Yes,No,No,Yes,Yes,Yes,No,Satisfied,4,Dissatisfied,2,Neutral,3,Neutral,3,Neutral,3,Satisfied,4,Very Satisfied,5,Very Satisfied,5,Satisfied,4,Yes,Yes,Strongly Disagree,Strongly Disagree,No,Disagree,Agree,Agree,41.758999,-70.493896,2563,1,9,10,14,0.24970995
2019,2018-19,Complete,"Fairhaven, MA","Fairhaven, MA","Fairhaven, MA",Lobster,Lobster,Other,Lobster,Other,45 to 54,46,Bachelor's/four year degree,Bachelor's/four year degree,White,White,No,"$80,000 - $89,999","$60,000 - $89,999",Not insured,Not insured,Divorced,Other/Single,U.S.,English,No,1,1st gen,23,16 to 29,23,1,One owner,Deckhand,4,Less than 5,Word of mouth,Easy,6,5 to 7 days,18,18 hours or more,5,3 to 5 members,Hired Captain,Deckhand,Deckhand,1,Share system,Share,50,50,Yes,No,No,Yes,Yes,Yes,Yes,Satisfied,4,Neutral,3,Satisfied,4,Dissatisfied,2,Dissatisfied,2,Satisfied,4,Very Satisfied,5,Satisfied,4,Satisfied,4,Don't know,No,Strongly Disagree,Agree,No,Agree,Neutral,Disagree,41.6376,-70.903603,2719,1,11,8,13,0.05582865
2019,2018-19,Complete,"Fairhaven, MA","Fairhaven, MA","New Gloucester, ME",Lobster,Lobster,Other,Lobster,Other,45 to 54,54,Less than HS,Less than HS,White,White,No,"$40,000 - $49,999","$30,000 - $59,999",Spouse/partner,Insured,Married,Married,U.S.,English,No,2,2nd gen,40,30 or more,40,1,One owner,Deckhand,1,Less than 5,Other,Difficult,6,5 to 7 days,16,15 to 17 hours,5,3 to 5 members,Hired Captain,Captain,Captain,0,Share system,Share,50,50,Yes,No,No,Yes,No,Yes,No,Satisfied,4,Dissatisfied,2,Satisfied,4,Satisfied,4,Neutral,3,Satisfied,4,Satisfied,4,Satisfied,4,Very Satisfied,5,Don't know,Yes,Disagree,Agree,Yes,Strongly Agree,Disagree,Disagree,41.6376,-70.903603,2719,1,10,11,13,0.05582865
2019,2018-19,Complete,"Fairhaven, MA","Fairhaven, MA","New Gloucester, ME",Lobster,Lobster,Other,Lobster,Other,25 to 34,27,HS or equivalent,HS or equivalent,White,White,No,,,Private insurance,Insured,Never Married,Other/Single,U.S.,English,No,1,1st gen,2,Less than 5,2,1,One owner,Deckhand,2,Less than 5,Word of mouth,Neither easy nor difficult,8,More than 7 days,16,15 to 17 hours,5,3 to 5 members,Hired Captain,Deckhand,Deckhand,1,Share system,Share,,,Yes,No,No,Yes,No,Yes,No,Very Satisfied,5,Satisfied,4,Satisfied,4,Neutral,3,Satisfied,4,Satisfied,4,Very Satisfied,5,Very Satisfied,5,Satisfied,4,Yes,Yes,Disagree,Strongly Agree,No,Disagree,Neutral,Disagree,41.6376,-70.903603,2719,1,13,11,14,0.05582865
2019,2018-19,Complete,"Fairhaven, MA","Fairhaven, MA","New Gloucester, ME",Lobster,Lobster,Other,Lobster,Other,45 to 54,48,HS or equivalent,HS or equivalent,White,White,No,"$70,000 - $79,999","$60,000 - $89,999",Private insurance,Insured,Never Married,Other/Single,U.S.,English,No,1,1st gen,35,30 or more,35,2,Two owners,Deckhand,3,Less than 5,Referred by a friend,Very difficult,7,5 to 7 days,16,15 to 17 hours,6,6 or more members,Hired Captain,Deckhand,Deckhand,1,Share system,Share,30,70,Yes,No,No,Yes,No,Yes,No,Satisfied,4,Neutral,3,Satisfied,4,Dissatisfied,2,Dissatisfied,2,Dissatisfied,2,Very Satisfied,5,Satisfied,4,Very Satisfied,5,Yes,Yes,Disagree,Neutral,No,Strongly Agree,Agree,Agree,41.6376,-70.903603,2719,1,11,6,14,0.05582865
2019,2018-19,Complete,"Fairhaven, MA","Fairhaven, MA","New Gloucester, ME",Lobster,Lobster,Other,Lobster,Other,25 to 34,26,HS or equivalent,HS or equivalent,White,White,No,"$90,000 - $99,999","$90,000 - $119,999",Not insured,Not insured,Living with partner,Other/Single,U.S.,English,Yes,2,2nd gen,5,5 to 15,5,1,One owner,Deckhand,5,5 to 15,Word of mouth,Neither easy nor difficult,8,More than 7 days,15,15 to 17 hours,5,3 to 5 members,Owner-operated,Deckhand,Deckhand,1,Per trip,Other,,,No,No,No,No,No,No,No,Satisfied,4,Satisfied,4,Satisfied,4,Dissatisfied,2,Satisfied,4,Neutral,3,Satisfied,4,Neutral,3,Dissatisfied,2,No,Don't know,Disagree,Disagree,No,Neutral,Agree,Agree,41.6376,-70.903603,2719,1,12,9,9,0.05582865
2019,2018-19,Complete,"Gloucester, MA","Gloucester, MA","Gloucester, MA",Lobster,Lobster,Other,Lobster,Other,25 to 34,32,Bachelor's/four year degree,Bachelor's/four year degree,White,White,No,"$70,000 - $79,999","$60,000 - $89,999",Spouse/partner,Insured,Married,Married,U.S.,English,Yes,2,2nd gen,10,5 to 15,10,1,One owner,Deckhand,10,5 to 15,Related to owner,Easy,1,1 day,12,9 to 14 hours,2,1 to 2 members,Owner-operated,Deckhand,Deckhand,1,Share system,Share,,,Yes,No,No,No,No,Yes,No,Satisfied,4,Satisfied,4,Satisfied,4,Satisfied,4,Very Satisfied,5,Satisfied,4,Very Satisfied,5,Satisfied,4,Satisfied,4,Yes,Yes,Disagree,Disagree,No,Disagree,Neutral,Disagree,42.615898,-70.662003,1930,1,12,13,13,0.34651935
2019,2018-19,Complete,"Gloucester, MA","Gloucester, MA","Gloucester, MA",Lobster,Lobster,Other,Lobster,Other,25 to 34,28,HS or equivalent,HS or equivalent,White,White,No,"$20,000 - $29,999","Less than $30,000",Private insurance,Insured,Never Married,Other/Single,U.S.,English,Yes,1,1st gen,11,5 to 15,11,1,One owner,Deckhand,11,5 to 15,Related to owner,Easy,1,1 day,12,9 to 14 hours,2,1 to 2 members,Owner-operated,Deckhand,Deckhand,1,Per trip,Other,,,No,No,No,No,Yes,No,No,Satisfied,4,Neutral,3,Satisfied,4,Neutral,3,Neutral,3,Satisfied,4,Very Satisfied,5,Satisfied,4,Very Satisfied,5,Yes,Yes,Strongly Agree,Strongly Disagree,No,Strongly Agree,Neutral,Agree,42.615898,-70.662003,1930,1,11,10,14,0.34651935
2019,2018-19,Complete,"Gloucester, MA","Gloucester, MA","Gloucester, MA",Lobster,Lobster,Other,Lobster,Other,45 to 54,50,Less than HS,Less than HS,White,White,No,"$20,000 - $29,999","Less than $30,000",Not insured,Not insured,Divorced,Other/Single,U.S.,English,No,1,1st gen,3,Less than 5,3,2,Two owners,Deckhand,3,Less than 5,Word of mouth,Easy,1,1 day,10,9 to 14 hours,3,3 to 5 members,Owner-operated,Deckhand,Deckhand,1,Share system,Share,,,Yes,No,No,No,No,Yes,No,Neutral,3,Neutral,3,Satisfied,4,Satisfied,4,Neutral,3,Dissatisfied,2,Satisfied,4,Neutral,3,Satisfied,4,No,Yes,Disagree,Agree,No,Disagree,Agree,Disagree,42.615898,-70.662003,1930,1,10,9,11,0.34651935
2019,2018-19,Complete,"Gloucester, MA","Gloucester, MA","Gloucester, MA",Lobster,Lobster,Other,Lobster,Other,45 to 54,52,HS or equivalent,HS or equivalent,White,White,No,"$120,000 or more","$120,000 or more",Private insurance,Insured,Divorced,Other/Single,U.S.,English,Yes,4,4th gen or greater,45,30 or more,45,1,One owner,Deckhand,1,Less than 5,Referred by a friend,Difficult,12,More than 7 days,17,15 to 17 hours,5,3 to 5 members,Hired Captain,Captain,Captain,0,Share system,Share,52,48,Yes,Yes,No,Yes,Yes,Yes,No,Very Satisfied,5,Satisfied,4,Very Satisfied,5,Neutral,3,Neutral,3,Satisfied,4,Satisfied,4,Satisfied,4,Satisfied,4,Don't know,Yes,Agree,Strongly Disagree,Yes,Agree,Neutral,Strongly Agree,42.615898,-70.662003,1930,1,14,10,12,0.34651935
2019,2018-19,Complete,"Gloucester, MA","Gloucester, MA","Gloucester, MA",Lobster,Lobster,Other,Lobster,Other,35 to 44,35,HS or equivalent,HS or equivalent,White,White,No,"$120,000 or more","$120,000 or more",Private insurance,Insured,Never Married,Other/Single,U.S.,English,Yes,4,4th gen or greater,20,16 to 29,20,1,One owner,Deckhand,10,5 to 15,Word of mouth,Easy,12,More than 7 days,17,15 to 17 hours,5,3 to 5 members,Hired Captain,Deckhand,Deckhand,1,Share system,Share,52,48,Yes,Yes,No,Yes,Yes,Yes,No,Satisfied,4,Satisfied,4,Satisfied,4,Satisfied,4,Satisfied,4,Satisfied,4,Very Satisfied,5,Satisfied,4,Satisfied,4,No,Yes,Strongly Disagree,Disagree,No,Agree,Agree,Neutral,42.615898,-70.662003,1930,1,12,12,13,0.34651935
2019,2018-19,Complete,"Gloucester, MA","Gloucester, MA","Gloucester, MA",Lobster,Lobster,Other,Lobster,Other,35 to 44,42,HS or equivalent,HS or equivalent,White,White,No,"$120,000 or more","$120,000 or more",Not insured,Not insured,Divorced,Other/Single,U.S.,English,Yes,2,2nd gen,20,16 to 29,20,2,Two owners,Deckhand,1,Less than 5,Word of mouth,Neither easy nor difficult,12,More than 7 days,17,15 to 17 hours,5,3 to 5 members,Hired Captain,Deckhand,Deckhand,1,Share system,Share,52,48,Yes,Yes,No,Yes,Yes,Yes,No,Very Satisfied,5,Satisfied,4,Very Satisfied,5,Neutral,3,Satisfied,4,Satisfied,4,Very Satisfied,5,Very Satisfied,5,Neutral,3,Yes,Yes,Disagree,Strongly Agree,No,Neutral,Neutral,Neutral,42.615898,-70.662003,1930,1,14,11,13,0.34651935
2019,2018-19,Complete,"Gloucester, MA","Gloucester, MA","Gloucester, MA",Lobster,Lobster,Other,Lobster,Other,55 or older,59,HS or equivalent,HS or equivalent,White,White,No,"$120,000 or more","$120,000 or more",Spouse/partner,Insured,Married,Married,U.S.,English,No,2,2nd gen,40,30 or more,40,1,One owner,Deckhand,20,16 to 29,Referred by a friend,Easy,1,1 day,8,8 hours or less,2,1 to 2 members,Owner-operated,Deckhand,Deckhand,1,Share system,Share,50,50,Yes,No,No,No,No,Yes,No,Satisfied,4,Dissatisfied,2,Satisfied,4,Satisfied,4,Satisfied,4,Dissatisfied,2,Very Satisfied,5,Very Satisfied,5,Satisfied,4,No,Yes,Agree,Agree,No,Agree,Disagree,Neutral,42.615898,-70.662003,1930,1,10,10,14,0.34651935
2019,2018-19,Complete,"Gloucester, MA","Gloucester, MA","Gloucester, MA",Lobster,Lobster,Other,Lobster,Other,45 to 54,48,HS or equivalent,HS or equivalent,White,White,No,"$90,000 - $99,999","$90,000 - $119,999",Private insurance,Insured,Married,Married,U.S.,English,Yes,2,2nd gen,30,30 or more,30,1,One owner,Deckhand,8,5 to 15,Word of mouth,Neither easy nor difficult,1,1 day,9,9 to 14 hours,2,1 to 2 members,Owner-operated,Captain,Captain,0,Share system,Share,80,20,Yes,No,No,No,No,Yes,No,Neutral,3,Satisfied,4,Satisfied,4,Satisfied,4,Neutral,3,Neutral,3,Very Satisfied,5,Very Satisfied,5,Very Satisfied,5,Yes,Yes,Strongly Disagree,Strongly Disagree,Yes,Agree,Neutral,Disagree,42.615898,-70.662003,1930,1,11,10,15,0.34651935
2019,2018-19,Complete,"Gloucester, MA","Gloucester, MA","Gloucester, MA",Lobster,Lobster,Other,Lobster,Other,Under 25,24,Bachelor's/four year degree,Bachelor's/four year degree,White,White,No,"$30,000 - $39,999","$30,000 - $59,999",Other,Insured,Never Married,Other/Single,U.S.,English,Yes,4,4th gen or greater,3,Less than 5,3,1,One owner,Deckhand,3,Less than 5,Related to owner,Very easy,1,1 day,12,9 to 14 hours,3,3 to 5 members,Owner-operated,Deckhand,Deckhand,1,Share system,Share,,,No,No,No,No,No,No,No,Satisfied,4,Neutral,3,Satisfied,4,Satisfied,4,Satisfied,4,Satisfied,4,Satisfied,4,Satisfied,4,Satisfied,4,Yes,Yes,Disagree,Agree,No,Neutral,Strongly Disagree,Neutral,42.615898,-70.662003,1930,1,11,12,12,0.34651935
2019,2018-19,Complete,"Gloucester, MA","Gloucester, MA","Gloucester, MA",Lobster,Lobster,Other,Lobster,Other,25 to 34,29,Less than HS,Less than HS,White,White,No,"$120,000 or more","$120,000 or more",Not insured,Not insured,Never Married,Other/Single,U.S.,English,No,1,1st gen,6,5 to 15,6,1,One owner,Deckhand,0,Less than 5,Word of mouth,Difficult,12,More than 7 days,17,15 to 17 hours,5,3 to 5 members,Hired Captain,Deckhand,Deckhand,1,Share system,Share,52,48,Yes,Yes,No,Yes,Yes,Yes,No,Satisfied,4,Neutral,3,Satisfied,4,Neutral,3,Very Satisfied,5,Neutral,3,Very Satisfied,5,Very Satisfied,5,Very Satisfied,5,No,Yes,Strongly Disagree,Strongly Disagree,No,Agree,Strongly Agree,Disagree,42.615898,-70.662003,1930,1,11,11,15,0.34651935
2019,2018-19,Complete,"Gloucester, MA","Gloucester, MA","Gloucester, MA",Lobster,Lobster,Other,Lobster,Other,25 to 34,31,HS or equivalent,HS or equivalent,White,White,No,"$50,000 - $59,999","$30,000 - $59,999",Fed or state insurance,Insured,Never Married,Other/Single,U.S.,English,Yes,4,4th gen or greater,8,5 to 15,8,2,Two owners,Deckhand,3,Less than 5,Related to owner,Easy,1,1 day,7,8 hours or less,2,1 to 2 members,Owner-operated,Deckhand,Deckhand,1,Other,Other,,,No,No,No,No,No,No,No,Satisfied,4,Satisfied,4,Very Satisfied,5,Satisfied,4,Very Satisfied,5,Very Satisfied,5,Very Satisfied,5,Neutral,3,Neutral,3,No,No,Agree,Agree,No,Agree,Strongly Agree,Disagree,42.615898,-70.662003,1930,1,13,14,11,0.34651935
2019,2018-19,Complete,"Gloucester, MA","Gloucester, MA","Gloucester, MA",Lobster,Lobster,Other,Lobster,Other,35 to 44,38,HS or equivalent,HS or equivalent,White,White,No,"$30,000 - $39,999","$30,000 - $59,999",Private insurance,Insured,Married,Married,U.S.,English,No,1,1st gen,4,Less than 5,4,1,One owner,Deckhand,4,Less than 5,Word of mouth,Easy,1,1 day,10,9 to 14 hours,2,1 to 2 members,Owner-operated,Deckhand,Deckhand,1,Share system,Share,80,20,Yes,No,No,No,No,Yes,No,Very Satisfied,5,Very Satisfied,5,Satisfied,4,Satisfied,4,Satisfied,4,Satisfied,4,Very Satisfied,5,Very Satisfied,5,Satisfied,4,Yes,Yes,Agree,Agree,No,Agree,Neutral,Disagree,42.615898,-70.662003,1930,1,14,12,14,0.34651935
2019,2018-19,Complete,"Gloucester, MA","Gloucester, MA","Gloucester, MA",Lobster,Lobster,Other,Lobster,Other,55 or older,71,Bachelor's/four year degree,Bachelor's/four year degree,White,White,No,"Less than $10,000","Less than $30,000",Fed or state insurance,Insured,Divorced,Other/Single,U.S.,English,No,3,3rd gen,50,30 or more,50,3,Three owners,Deckhand,1,Less than 5,Referred by a friend,Easy,1,1 day,6,8 hours or less,2,1 to 2 members,Owner-operated,Multiple Positions,Multiple Positions,1,Share system,Share,75,25,Yes,No,No,No,Yes,Yes,Yes,Very Dissatisfied,1,Very Dissatisfied,1,Satisfied,4,Satisfied,4,Satisfied,4,Satisfied,4,Satisfied,4,Satisfied,4,Very Satisfied,5,No,Yes,Strongly Disagree,Disagree,Yes,Disagree,Strongly Disagree,Disagree,42.615898,-70.662003,1930,1,6,12,13,0.34651935
2019,2018-19,Complete,"Gloucester, MA","Gloucester, MA","Gloucester, MA",Lobster,Lobster,Other,Lobster,Other,35 to 44,43,HS or equivalent,HS or equivalent,White,White,No,"$40,000 - $49,999","$30,000 - $59,999",Private insurance,Insured,Married,Married,U.S.,English,No,1,1st gen,18,16 to 29,18,1,One owner,Deckhand,0,Less than 5,Word of mouth,Easy,1,1 day,12,9 to 14 hours,2,1 to 2 members,Owner-operated,Deckhand,Deckhand,1,Share system,Share,80,20,Yes,No,No,No,No,Yes,No,Satisfied,4,Neutral,3,Very Satisfied,5,Dissatisfied,2,Neutral,3,Neutral,3,Very Satisfied,5,Dissatisfied,2,Very Satisfied,5,No,Yes,Disagree,Disagree,No,Agree,Agree,Disagree,42.615898,-70.662003,1930,1,12,8,12,0.34651935
2019,2018-19,Complete,"Green Harbor/Marshfield, MA","Hobucken, NC","Green Harbor, MA",Lobster,Lobster,Other,Lobster,Other,25 to 34,30,Bachelor's/four year degree,Bachelor's/four year degree,White,White,No,"$120,000 or more","$120,000 or more",Private insurance,Insured,Married,Married,U.S.,English,Yes,4,4th gen or greater,4,Less than 5,4,1,One owner,Deckhand,4,Less than 5,Word of mouth,Neither easy nor difficult,1,1 day,8,8 hours or less,2,1 to 2 members,Owner-operated,Captain,Captain,0,Other,Other,,,No,No,No,No,No,No,No,Very Satisfied,5,Satisfied,4,Satisfied,4,Very Satisfied,5,Neutral,3,Satisfied,4,Satisfied,4,Satisfied,4,Very Satisfied,5,Yes,Yes,Strongly Disagree,Strongly Disagree,Yes,Agree,Neutral,Disagree,42.076599,-70.662804,2041,1,13,12,13,0.011230879
2019,2018-19,Complete,"Kennebunkport, ME","Kennebunkport, ME","Portsmouth, NH",Lobster,Lobster,Other,Lobster,Other,25 to 34,31,HS or equivalent,HS or equivalent,Multiracial,Non-White,Yes,"$60,000 - $69,999","$60,000 - $89,999",Not insured,Not insured,Never Married,Other/Single,U.S.,English,No,1,1st gen,2,Less than 5,2,2,Two owners,Deckhand,0,Less than 5,Word of mouth,Very easy,1,1 day,12,9 to 14 hours,2,1 to 2 members,Owner-operated,Deckhand,Deckhand,1,Share system,Share,90,10,No,No,No,No,No,No,No,Very Satisfied,5,Satisfied,4,Very Satisfied,5,Satisfied,4,Satisfied,4,Very Satisfied,5,Very Satisfied,5,Satisfied,4,Very Dissatisfied,1,Yes,Yes,Agree,Disagree,No,Neutral,Disagree,Agree,43.361698,-70.476799,4014,7,14,13,10,-0.006822959
2019,2018-19,Complete,"Hampton, VA","Monhegan Island, ME","Hampton, VA",Lobster,Lobster,Other,Lobster,Other,35 to 44,40,HS or equivalent,HS or equivalent,White,White,No,"$120,000 or more","$120,000 or more",Fed or state insurance,Insured,Divorced,Other/Single,U.S.,English,No,1,1st gen,18,16 to 29,18,6,Four or more,Deckhand,1,Less than 5,Word of mouth,Very easy,10,More than 7 days,18,18 hours or more,5,3 to 5 members,Hired Captain,Deckhand,Deckhand,1,Share system,Share,,,Yes,Yes,Yes,Yes,Yes,No,No,Very Satisfied,5,Neutral,3,Neutral,3,Dissatisfied,2,Neutral,3,Satisfied,4,Neutral,3,Satisfied,4,Satisfied,4,Don't know,Don't know,Disagree,Strongly Agree,Yes,Neutral,Neutral,Agree,43.765202,-69.319397,4852,10,11,9,11,0.19199058
2019,2018-19,Complete,"Green Harbor/Marshfield, MA","Montauk, NY","Marshfield, MA",Lobster,Lobster,Other,Lobster,Other,45 to 54,54,HS or equivalent,HS or equivalent,White,White,No,"$20,000 - $29,999","Less than $30,000",Fed or state insurance,Insured,Never Married,Other/Single,U.S.,English,Yes,2,2nd gen,30,30 or more,30,2,Two owners,Deckhand,3,Less than 5,Word of mouth,Very easy,1,1 day,8,8 hours or less,1,1 to 2 members,Owner-operated,Deckhand,Deckhand,1,Share system,Share,80,20,No,No,No,No,No,No,No,Satisfied,4,Satisfied,4,Satisfied,4,Satisfied,4,Satisfied,4,Dissatisfied,2,Satisfied,4,Satisfied,4,Satisfied,4,Don't know,Yes,Disagree,Disagree,No,Agree,Neutral,Disagree,42.091702,-70.705597,2020,1,12,10,12,0.30410504
2019,2018-19,Complete,"Fairhaven, MA","New Bedford, MA","Fairhaven, MA",Lobster,Lobster,Other,Lobster,Other,25 to 34,31,HS or equivalent,HS or equivalent,White,White,No,"$120,000 or more","$120,000 or more",Not insured,Not insured,Never Married,Other/Single,U.S.,English,Yes,4,4th gen or greater,6,5 to 15,6,3,Three owners,Deckhand,0,Less than 5,Word of mouth,Easy,8,More than 7 days,18,18 hours or more,5,3 to 5 members,Owner-operated,Deckhand,Deckhand,1,Share system,Share,,,Yes,Yes,No,No,No,No,No,Satisfied,4,Satisfied,4,Neutral,3,Neutral,3,Neutral,3,Satisfied,4,Satisfied,4,Satisfied,4,Satisfied,4,Don't know,Yes,Disagree,Agree,No,Agree,Neutral,Neutral,41.6362,-70.934196,2740,1,11,10,12,0.13545999
2019,2018-19,Complete,"New Bedford, MA","New Bedford, MA","New Gloucester, ME",Lobster,Lobster,Other,Lobster,Other,25 to 34,31,Less than HS,Less than HS,White,White,No,"$100,000 - $119,999","$90,000 - $119,999",Private insurance,Insured,Married,Married,U.S.,English,Yes,5,4th gen or greater,15,5 to 15,15,2,Two owners,Deckhand,2,Less than 5,Word of mouth,Difficult,9,More than 7 days,16,15 to 17 hours,4,3 to 5 members,Hired Captain,Deckhand,Deckhand,1,Share system,Share,,,No,No,No,Yes,No,No,No,Very Satisfied,5,Satisfied,4,Neutral,3,Dissatisfied,2,Neutral,3,Neutral,3,Very Satisfied,5,Very Satisfied,5,Very Satisfied,5,Yes,Yes,Strongly Disagree,Strongly Disagree,No,Agree,Agree,Disagree,41.6362,-70.934196,2740,1,12,8,15,0.13545999
2019,2018-19,Complete,"New Bedford, MA","New Bedford, MA","New Gloucester, ME",Lobster,Lobster,Other,Lobster,Other,Under 25,23,HS or equivalent,HS or equivalent,White,White,Yes,"$60,000 - $69,999","$60,000 - $89,999",Not insured,Not insured,Never Married,Other/Single,Outside U.S.,Spanish,Yes,2,2nd gen,1,Less than 5,1,5,Four or more,Deckhand,0,Less than 5,Referred by a friend,Neither easy nor difficult,3,2 to 4 days,16,15 to 17 hours,4,3 to 5 members,Hired Captain,Deckhand,Deckhand,1,Per trip,Other,,,No,No,No,No,No,No,No,Satisfied,4,Satisfied,4,Satisfied,4,Neutral,3,Neutral,3,Satisfied,4,Very Satisfied,5,Very Satisfied,5,Satisfied,4,Yes,Yes,Agree,Agree,No,Agree,Agree,Disagree,41.6362,-70.934196,2740,1,12,10,14,0.13545999
2019,2018-19,Complete,"New Bedford, MA","New Bedford, MA","New Gloucester, ME",Lobster,Lobster,Other,Lobster,Other,45 to 54,45,Associate's/two-year degree,Associate's/two-year degree,White,White,No,"$100,000 - $119,999","$90,000 - $119,999",Private insurance,Insured,Married,Married,U.S.,English,Yes,3,3rd gen,24,16 to 29,24,2,Two owners,Deckhand,1,Less than 5,Word of mouth,Neither easy nor difficult,9,More than 7 days,16,15 to 17 hours,4,3 to 5 members,Hired Captain,Deckhand,Deckhand,1,Share system,Share,,,No,No,No,Yes,No,No,No,Very Satisfied,5,Satisfied,4,Satisfied,4,Dissatisfied,2,Neutral,3,Neutral,3,Very Satisfied,5,Very Satisfied,5,Very Satisfied,5,Yes,Yes,Strongly Disagree,Strongly Disagree,No,Strongly Agree,Disagree,Strongly Agree,41.6362,-70.934196,2740,1,13,8,15,0.13545999
2019,2018-19,Complete,"New Bedford, MA","New Bedford, MA","New Gloucester, ME",Lobster,Lobster,Other,Lobster,Other,55 or older,61,HS or equivalent,HS or equivalent,White,White,No,"$120,000 or more","$120,000 or more",Employer (vessel),Insured,Married,Married,U.S.,English,Yes,4,4th gen or greater,40,30 or more,40,1,One owner,Other,4,Less than 5,Previous work,Easy,6,5 to 7 days,18,18 hours or more,5,3 to 5 members,Hired Captain,Captain,Captain,0,Share system,Share,50,50,Yes,No,No,Yes,Yes,Yes,Yes,Satisfied,4,Dissatisfied,2,Satisfied,4,Satisfied,4,Satisfied,4,Satisfied,4,Very Satisfied,5,Satisfied,4,Satisfied,4,No,Yes,Disagree,Strongly Agree,No,Disagree,Agree,Agree,41.6362,-70.934196,2740,1,10,12,13,0.13545999
2019,2018-19,Complete,"New Bedford, MA","New Bedford, MA","New Gloucester, ME",Lobster,Lobster,Other,Lobster,Other,55 or older,62,HS or equivalent,HS or equivalent,White,White,No,"$120,000 or more","$120,000 or more",Private insurance,Insured,Married,Married,U.S.,English,Yes,1,1st gen,42,30 or more,42,1,One owner,Deckhand,33,30 or more,Previous work,Very easy,8,More than 7 days,16,15 to 17 hours,4,3 to 5 members,Hired Captain,Captain,Captain,0,Share system,Share,50,50,Yes,No,No,Yes,No,Yes,No,Satisfied,4,Satisfied,4,Satisfied,4,Neutral,3,Neutral,3,Satisfied,4,Satisfied,4,Satisfied,4,Satisfied,4,Yes,No,Disagree,Agree,No,Disagree,Agree,Neutral,41.6362,-70.934196,2740,1,12,10,12,0.13545999
2019,2018-19,Complete,"New Bedford, MA","New Bedford, MA","New Gloucester, ME",Lobster,Lobster,Other,Lobster,Other,35 to 44,38,Graduate degree,Graduate degree,White,White,No,"$100,000 - $119,999","$90,000 - $119,999",Private insurance,Insured,Never Married,Other/Single,U.S.,English,Yes,3,3rd gen,15,5 to 15,15,2,Two owners,Deckhand,1,Less than 5,Referred by a friend,Difficult,8,More than 7 days,16,15 to 17 hours,4,3 to 5 members,Hired Captain,Deckhand,Deckhand,1,Share system,Share,,,No,No,No,Yes,No,No,No,Very Satisfied,5,Satisfied,4,Neutral,3,Very Dissatisfied,1,Dissatisfied,2,Dissatisfied,2,Very Satisfied,5,Very Satisfied,5,Very Satisfied,5,Yes,No,Strongly Disagree,Strongly Disagree,Yes,Agree,Agree,Disagree,41.6362,-70.934196,2740,1,12,5,15,0.13545999
2019,2018-19,Complete,"New Bedford, MA","New Bedford, MA","New Gloucester, ME",Lobster,Lobster,Other,Lobster,Other,25 to 34,32,Associate's/two-year degree,Associate's/two-year degree,White,White,No,"$100,000 - $119,999","$90,000 - $119,999",Private insurance,Insured,Married,Married,U.S.,English,Yes,2,2nd gen,9,5 to 15,9,2,Two owners,Deckhand,2,Less than 5,Previous work,Easy,9,More than 7 days,16,15 to 17 hours,4,3 to 5 members,Hired Captain,Captain,Captain,0,Share system,Share,,,No,No,No,Yes,No,No,No,Very Satisfied,5,Satisfied,4,Satisfied,4,Dissatisfied,2,Neutral,3,Neutral,3,Very Satisfied,5,Very Satisfied,5,Very Satisfied,5,No,No,Strongly Disagree,Strongly Disagree,No,Agree,Agree,Disagree,41.6362,-70.934196,2740,1,13,8,15,0.13545999
2019,2018-19,Complete,"New Bedford, MA","New Bedford, MA","New Gloucester, ME",Lobster,Lobster,Other,Lobster,Other,25 to 34,31,HS or equivalent,HS or equivalent,White,White,No,"$120,000 or more","$120,000 or more",Private insurance,Insured,Married,Married,U.S.,English,No,1,1st gen,10,5 to 15,10,1,One owner,Deckhand,10,5 to 15,Previous work,Very easy,8,More than 7 days,16,15 to 17 hours,5,3 to 5 members,Hired Captain,Multiple Positions,Multiple Positions,1,Share system,Share,50,50,Yes,No,No,Yes,No,Yes,No,Satisfied,4,Satisfied,4,Satisfied,4,Neutral,3,Satisfied,4,Satisfied,4,Satisfied,4,Satisfied,4,Satisfied,4,Yes,Don't know,Disagree,Disagree,No,Disagree,Agree,Disagree,41.6362,-70.934196,2740,1,12,11,12,0.13545999
2019,2018-19,Complete,"New Bedford, MA","New Bedford, MA","New Gloucester, ME",Lobster,Lobster,Other,Lobster,Other,45 to 54,51,HS or equivalent,HS or equivalent,White,White,No,"$90,000 - $99,999","$90,000 - $119,999",Not insured,Not insured,Widowed,Other/Single,U.S.,English,Yes,2,2nd gen,25,16 to 29,25,1,One owner,Other,5,5 to 15,Word of mouth,Very easy,7,5 to 7 days,18,18 hours or more,5,3 to 5 members,Hired Captain,Mate,Other,1,Share system,Share,60,40,Yes,No,No,Yes,No,Yes,No,Satisfied,4,Satisfied,4,Satisfied,4,Neutral,3,Neutral,3,Dissatisfied,2,Very Satisfied,5,Very Satisfied,5,Satisfied,4,Don't know,No,Neutral,Agree,No,Neutral,Agree,Agree,41.6362,-70.934196,2740,1,12,8,14,0.13545999
2019,2018-19,Complete,"New Bedford, MA","New Bedford, MA","New Gloucester, ME",Lobster,Lobster,Other,Lobster,Other,45 to 54,48,HS or equivalent,HS or equivalent,White,White,No,"$120,000 or more","$120,000 or more",Not insured,Not insured,Married,Married,U.S.,English,Yes,1,1st gen,22,16 to 29,22,1,One owner,Other,5,5 to 15,Related to non-owner,Easy,9,More than 7 days,18,18 hours or more,5,3 to 5 members,Hired Captain,Multiple Positions,Multiple Positions,1,Share system,Share,50,50,Yes,No,No,Yes,Yes,Yes,No,Satisfied,4,Neutral,3,Satisfied,4,Satisfied,4,Neutral,3,Neutral,3,Satisfied,4,Neutral,3,Satisfied,4,Yes,Yes,Disagree,Disagree,Yes,Disagree,Agree,Disagree,41.6362,-70.934196,2740,1,11,10,11,0.13545999
2019,2018-19,Complete,"Newport, RI","Newport, RI","Newport News, VA",Lobster,Lobster,Other,Lobster,Other,25 to 34,30,HS or equivalent,HS or equivalent,White,White,No,"$50,000 - $59,999","$30,000 - $59,999",Private insurance,Insured,Never Married,Other/Single,U.S.,English,No,1,1st gen,12,5 to 15,12,2,Two owners,Other,4,Less than 5,Word of mouth,Difficult,2,2 to 4 days,18,18 hours or more,3,3 to 5 members,Owner-operated,Deckhand,Deckhand,1,Share system,Share,,,Yes,No,No,Yes,No,Yes,No,Satisfied,4,Satisfied,4,Satisfied,4,Very Satisfied,5,Neutral,3,Satisfied,4,Very Satisfied,5,Satisfied,4,Satisfied,4,No,Yes,Agree,Agree,Yes,Disagree,Strongly Agree,Agree,41.490101,-71.312798,2840,1,12,12,13,-0.053667698
2019,2018-19,Complete,"Newport, RI","Newport, RI","Newport News, VA",Lobster,Lobster,Other,Lobster,Other,45 to 54,53,HS or equivalent,HS or equivalent,White,White,No,"$90,000 - $99,999","$90,000 - $119,999",Employer (vessel),Insured,Never Married,Other/Single,U.S.,English,Yes,2,2nd gen,32,30 or more,32,1,One owner,Deckhand,18,16 to 29,Word of mouth,Difficult,10,More than 7 days,17,15 to 17 hours,4,3 to 5 members,Hired Captain,Other,Other,1,Share system,Share,,,Yes,Yes,No,Yes,Yes,Yes,No,Neutral,3,Neutral,3,Neutral,3,Neutral,3,Dissatisfied,2,Dissatisfied,2,Very Satisfied,5,Very Satisfied,5,Very Satisfied,5,Don't know,Yes,Neutral,Disagree,Yes,Strongly Agree,Neutral,Strongly Agree,41.490101,-71.312798,2840,1,9,7,15,-0.053667698
2019,2018-19,Complete,"Newport, RI","Newport, RI","Newport News, VA",Lobster,Lobster,Other,Lobster,Other,45 to 54,48,HS or equivalent,HS or equivalent,White,White,No,"$120,000 or more","$120,000 or more",Fed or state insurance,Insured,Never Married,Other/Single,U.S.,English,No,1,1st gen,22,16 to 29,22,1,One owner,Deckhand,8,5 to 15,Referred by a friend,Easy,9,More than 7 days,18,18 hours or more,4,3 to 5 members,Hired Captain,Deckhand,Deckhand,1,Share system,Share,,,Yes,No,No,No,No,Yes,No,Very Satisfied,5,Neutral,3,Very Satisfied,5,Dissatisfied,2,Satisfied,4,Satisfied,4,Very Satisfied,5,Satisfied,4,Neutral,3,Yes,No,Disagree,Strongly Agree,Yes,Strongly Agree,Agree,Strongly Agree,41.490101,-71.312798,2840,1,13,10,12,-0.053667698
2019,2018-19,Complete,"Owl's Head, ME","Owl's Head, ME","Oyster, VA",Lobster,Lobster,Other,Lobster,Other,25 to 34,25,HS or equivalent,HS or equivalent,White,White,No,"$90,000 - $99,999","$90,000 - $119,999",Private insurance,Insured,Never Married,Other/Single,U.S.,English,No,1,1st gen,12,5 to 15,12,2,Two owners,Deckhand,2,Less than 5,Referred by a friend,Easy,1,1 day,10,9 to 14 hours,2,1 to 2 members,Owner-operated,Deckhand,Deckhand,1,Share system,Share,,,Yes,No,No,No,No,Yes,No,Satisfied,4,Neutral,3,Satisfied,4,Dissatisfied,2,Satisfied,4,Satisfied,4,Very Satisfied,5,Very Satisfied,5,Dissatisfied,2,Don't know,Yes,Strongly Disagree,Strongly Disagree,Yes,Neutral,Agree,Disagree,44.082298,-69.057297,4854,10,11,10,12,-0.15851811
2019,2018-19,Complete,"New Bedford, MA","Owl's Head, ME","Oyster, VA",Lobster,Lobster,Other,Lobster,Other,25 to 34,28,HS or equivalent,HS or equivalent,White,White,No,"$120,000 or more","$120,000 or more",Not insured,Not insured,Never Married,Other/Single,U.S.,English,Yes,3,3rd gen,15,5 to 15,15,4,Four or more,Deckhand,7,5 to 15,Word of mouth,Easy,1,1 day,12,9 to 14 hours,3,3 to 5 members,Owner-operated,Captain,Captain,0,Share system,Share,,,Yes,No,No,No,No,Yes,No,Neutral,3,Neutral,3,Neutral,3,Neutral,3,Neutral,3,Neutral,3,Very Satisfied,5,Very Satisfied,5,Very Satisfied,5,Don't know,Don't know,Strongly Disagree,Strongly Disagree,No,Agree,Neutral,Agree,44.082298,-69.057297,4854,10,9,9,15,-0.15851811
2019,2018-19,Complete,"Owl's Head, ME","Owl's Head, ME","Oyster, VA",Lobster,Lobster,Other,Lobster,Other,25 to 34,26,HS or equivalent,HS or equivalent,White,White,No,"$30,000 - $39,999","$30,000 - $59,999",Not insured,Not insured,Married,Married,U.S.,English,Yes,1,1st gen,5,5 to 15,5,1,One owner,Deckhand,5,5 to 15,Word of mouth,Easy,1,1 day,13,9 to 14 hours,3,3 to 5 members,Owner-operated,Deckhand,Deckhand,1,Share system,Share,,,No,No,No,Yes,No,No,No,Neutral,3,Neutral,3,Satisfied,4,Satisfied,4,Satisfied,4,Satisfied,4,Neutral,3,Neutral,3,Dissatisfied,2,Yes,Yes,Agree,Agree,No,Disagree,Agree,Agree,44.082298,-69.057297,4854,10,10,12,8,-0.15851811
2019,2018-19,Complete,"Plymouth, MA","Plymouth, MA","Point Judith, RI",Lobster,Lobster,Other,Lobster,Other,35 to 44,40,HS or equivalent,HS or equivalent,White,White,No,,,Fed or state insurance,Insured,Never Married,Other/Single,U.S.,English,No,1,1st gen,26,16 to 29,26,1,One owner,Deckhand,4,Less than 5,Word of mouth,Easy,1,1 day,12,9 to 14 hours,4,3 to 5 members,Owner-operated,Deckhand,Deckhand,1,Share system,Share,,,No,No,No,No,No,No,No,Neutral,3,Dissatisfied,2,Satisfied,4,Satisfied,4,Dissatisfied,2,Satisfied,4,Satisfied,4,Satisfied,4,Satisfied,4,Don't know,Yes,Disagree,Agree,Yes,Disagree,Agree,Agree,41.958401,-70.667297,2360,1,9,10,12,-0.081079327
2019,2018-19,Complete,"Point Judith, RI","Point Judith, RI","Point Lookout, NY",Lobster,Lobster,Other,Lobster,Other,25 to 34,33,Graduate degree,Graduate degree,White,White,No,"$20,000 - $29,999","Less than $30,000",Fed or state insurance,Insured,Never Married,Other/Single,Outside U.S.,Other,No,1,1st gen,9,5 to 15,9,1,One owner,Deckhand,9,5 to 15,Word of mouth,Very easy,3,2 to 4 days,17,15 to 17 hours,3,3 to 5 members,Owner-operated,Deckhand,Deckhand,1,Share system,Share,,,Yes,Yes,No,Yes,No,No,No,Very Dissatisfied,1,Neutral,3,Neutral,3,Neutral,3,Neutral,3,Satisfied,4,Very Satisfied,5,Dissatisfied,2,Very Dissatisfied,1,Yes,Yes,Disagree,Agree,No,Agree,Neutral,Disagree,41.365398,-71.486702,2882,1,7,10,8,-0.075379163
2019,2018-19,Complete,"Point Judith, RI","Point Judith, RI","Point Lookout, NY",Lobster,Lobster,Other,Lobster,Other,45 to 54,46,HS or equivalent,HS or equivalent,White,White,No,,,Not insured,Not insured,Never Married,Other/Single,U.S.,English,Yes,1,1st gen,25,16 to 29,25,1,One owner,Deckhand,6,5 to 15,Other,Very easy,4,2 to 4 days,16,15 to 17 hours,4,3 to 5 members,Hired Captain,Captain,Captain,0,Share system,Share,60,40,Yes,Yes,No,Yes,No,Yes,No,Satisfied,4,Neutral,3,Satisfied,4,Neutral,3,Neutral,3,Very Satisfied,5,Very Satisfied,5,Very Satisfied,5,Very Satisfied,5,Yes,Yes,Strongly Disagree,Strongly Disagree,Yes,Neutral,Strongly Disagree,Neutral,41.365398,-71.486702,2882,1,11,11,15,-0.075379163
2019,2018-19,Complete,"Point Judith, RI","Point Judith, RI","Point Lookout, NY",Lobster,Lobster,Other,Lobster,Other,Under 25,18,HS or equivalent,HS or equivalent,White,White,No,"Less than $10,000","Less than $30,000",Other,Insured,Never Married,Other/Single,U.S.,English,Yes,2,2nd gen,12,5 to 15,12,1,One owner,Other,12,5 to 15,Related to owner,Neither easy nor difficult,1,1 day,16,15 to 17 hours,2,1 to 2 members,Owner-operated,Deckhand,Deckhand,1,Share system,Share,85,15,Yes,Yes,No,Yes,No,Yes,No,Satisfied,4,Satisfied,4,Neutral,3,Satisfied,4,Neutral,3,Very Satisfied,5,Very Satisfied,5,Very Satisfied,5,Satisfied,4,Yes,Yes,Strongly Disagree,Agree,Yes,Agree,Disagree,Agree,41.365398,-71.486702,2882,1,11,12,14,-0.075379163
2019,2018-19,Complete,"Point Judith, RI","Point Judith, RI","Point Lookout, NY",Lobster,Lobster,Other,Lobster,Other,Under 25,24,HS or equivalent,HS or equivalent,White,White,No,"$10,000 - $19,999","Less than $30,000",Other,Insured,Never Married,Other/Single,U.S.,English,Yes,2,2nd gen,8,5 to 15,8,1,One owner,Deckhand,8,5 to 15,Related to owner,Very easy,1,1 day,10,9 to 14 hours,3,3 to 5 members,Hired Captain,Deckhand,Deckhand,1,Other,Other,,,No,No,No,No,No,No,No,Satisfied,4,Satisfied,4,Satisfied,4,Neutral,3,Neutral,3,Satisfied,4,Satisfied,4,Satisfied,4,Very Satisfied,5,Yes,Yes,Agree,Agree,No,Disagree,Neutral,Neutral,41.365398,-71.486702,2882,1,12,10,13,-0.075379163
2019,2018-19,Complete,"Point Judith, RI","Point Judith, RI","Point Lookout, NY",Lobster,Lobster,Other,Lobster,Other,Under 25,20,HS or equivalent,HS or equivalent,White,White,No,"$20,000 - $29,999","Less than $30,000",Other,Insured,Never Married,Other/Single,U.S.,English,Yes,2,2nd gen,5,5 to 15,5,1,One owner,Deckhand,5,5 to 15,Related to owner,Very easy,1,1 day,13,9 to 14 hours,2,1 to 2 members,Owner-operated,Deckhand,Deckhand,1,Share system,Share,,,No,No,No,No,No,No,No,Satisfied,4,Satisfied,4,Satisfied,4,Neutral,3,Neutral,3,Satisfied,4,Satisfied,4,Satisfied,4,Satisfied,4,Yes,Yes,Neutral,Agree,No,Neutral,Neutral,Agree,41.365398,-71.486702,2882,1,12,10,12,-0.075379163
2019,2018-19,Complete,"Point Judith, RI","Point Judith, RI","Point Lookout, NY",Lobster,Lobster,Other,Lobster,Other,Under 25,19,HS or equivalent,HS or equivalent,White,White,No,"Less than $10,000","Less than $30,000",Other,Insured,Never Married,Other/Single,U.S.,English,Yes,1,1st gen,2,Less than 5,2,1,One owner,Deckhand,2,Less than 5,Related to owner,Very easy,1,1 day,12,9 to 14 hours,3,3 to 5 members,Owner-operated,Deckhand,Deckhand,1,Share system,Share,,,No,No,No,No,No,No,No,Satisfied,4,Dissatisfied,2,Neutral,3,Neutral,3,Satisfied,4,Very Satisfied,5,Neutral,3,Satisfied,4,Satisfied,4,Yes,Yes,Neutral,Agree,No,Disagree,Neutral,Neutral,41.365398,-71.486702,2882,1,9,12,11,-0.075379163
2019,2018-19,Complete,"Point Judith, RI","Point Judith, RI","Point Lookout, NY",Lobster,Lobster,Other,Lobster,Other,25 to 34,34,Less than HS,Less than HS,DK/NA,Non-White,Yes,"$60,000 - $69,999","$60,000 - $89,999",Not insured,Not insured,Married,Married,U.S.,English,No,1,1st gen,5,5 to 15,5,1,One owner,Deckhand,1,Less than 5,Previous work,Very easy,4,2 to 4 days,14,9 to 14 hours,4,3 to 5 members,Hired Captain,Deckhand,Deckhand,1,Share system,Share,,,Yes,Yes,No,Yes,No,No,No,Very Satisfied,5,Satisfied,4,Satisfied,4,Neutral,3,Very Satisfied,5,Satisfied,4,Very Satisfied,5,Satisfied,4,Neutral,3,Yes,Yes,Agree,Disagree,No,Agree,Agree,Disagree,41.365398,-71.486702,2882,1,13,12,12,-0.075379163
2019,2018-19,Complete,"Point Judith, RI","Point Judith, RI","Point Lookout, NY",Lobster,Lobster,Other,Lobster,Other,25 to 34,28,Associate's/two-year degree,Associate's/two-year degree,White,White,No,"$10,000 - $19,999","Less than $30,000",Private insurance,Insured,Divorced,Other/Single,U.S.,English,Yes,1,1st gen,7,5 to 15,7,1,One owner,Other,7,5 to 15,Related to owner,Very easy,1,1 day,12,9 to 14 hours,3,3 to 5 members,Hired Captain,Mate,Other,1,Share system,Share,,,No,No,No,No,No,No,No,Satisfied,4,Neutral,3,Satisfied,4,Satisfied,4,Dissatisfied,2,Very Satisfied,5,Satisfied,4,Satisfied,4,Satisfied,4,Yes,Yes,Disagree,Neutral,Yes,Agree,Neutral,Agree,41.365398,-71.486702,2882,1,11,11,12,-0.075379163
2019,2018-19,Complete,"Point Judith, RI","Point Judith, RI","Point Lookout, NY",Lobster,Lobster,Other,Lobster,Other,55 or older,61,Associate's/two-year degree,Associate's/two-year degree,White,White,No,"$40,000 - $49,999","$30,000 - $59,999",Private insurance,Insured,Married,Married,U.S.,English,Yes,1,1st gen,40,30 or more,40,1,One owner,Deckhand,30,30 or more,Related to owner,Very easy,1,1 day,12,9 to 14 hours,2,1 to 2 members,Owner-operated,Captain,Captain,0,Per trip,Other,,,No,No,No,No,No,No,No,Satisfied,4,Satisfied,4,Very Dissatisfied,1,Satisfied,4,Neutral,3,Very Dissatisfied,1,Very Satisfied,5,Very Satisfied,5,Very Satisfied,5,Yes,No,Strongly Disagree,Strongly Disagree,Yes,Strongly Agree,Strongly Disagree,Strongly Agree,41.365398,-71.486702,2882,1,9,8,15,-0.075379163
2019,2018-19,Complete,"Portland, ME","Portland, ME","Portsmouth, NH",Lobster,Lobster,Other,Lobster,Other,35 to 44,39,HS or equivalent,HS or equivalent,White,White,No,"$50,000 - $59,999","$30,000 - $59,999",Not insured,Not insured,Never Married,Other/Single,U.S.,English,Yes,1,1st gen,1,Less than 5,1,3,Three owners,Deckhand,1,Less than 5,Referred by a friend,Difficult,1,1 day,12,9 to 14 hours,2,1 to 2 members,Owner-operated,Deckhand,Deckhand,1,Share system,Share,85,15,No,No,No,No,No,No,No,Satisfied,4,Neutral,3,Satisfied,4,Neutral,3,Satisfied,4,Very Satisfied,5,Very Satisfied,5,Very Satisfied,5,Very Dissatisfied,1,Yes,Yes,Disagree,Agree,No,Neutral,Agree,Agree,43.6591,-70.256798,4019,2,11,12,11,-0.4047828
2019,2018-19,Complete,"Portland, ME","Portland, ME","Portsmouth, NH",Lobster,Lobster,Other,Lobster,Other,25 to 34,34,Bachelor's/four year degree,Bachelor's/four year degree,White,White,No,"$80,000 - $89,999","$60,000 - $89,999",Not insured,Not insured,Never Married,Other/Single,U.S.,English,No,1,1st gen,0,Less than 5,0,1,One owner,Deckhand,0,Less than 5,Other,Easy,1,1 day,10,9 to 14 hours,3,3 to 5 members,Owner-operated,Deckhand,Deckhand,1,Share system,Share,,,No,No,No,No,No,No,No,Satisfied,4,Satisfied,4,Satisfied,4,Satisfied,4,Satisfied,4,Satisfied,4,Very Satisfied,5,Very Satisfied,5,Dissatisfied,2,Don't know,Yes,Strongly Disagree,Strongly Disagree,No,Disagree,Neutral,Neutral,43.6591,-70.256798,4019,2,12,12,12,-0.4047828
2019,2018-19,Complete,"Portland, ME","Portland, ME","Portsmouth, NH",Lobster,Lobster,Other,Lobster,Other,25 to 34,33,HS or equivalent,HS or equivalent,White,White,No,,,Private insurance,Insured,Married,Married,U.S.,English,No,2,2nd gen,8,5 to 15,8,1,One owner,Deckhand,4,Less than 5,Word of mouth,Difficult,1,1 day,12,9 to 14 hours,3,3 to 5 members,Owner-operated,Deckhand,Deckhand,1,Share system,Share,,,No,No,No,No,No,No,Yes,Satisfied,4,Very Dissatisfied,1,Satisfied,4,Satisfied,4,Satisfied,4,Satisfied,4,Very Satisfied,5,Very Satisfied,5,Satisfied,4,No,Yes,Strongly Disagree,Strongly Disagree,No,Agree,Agree,Agree,43.6591,-70.256798,4019,2,9,12,14,-0.4047828
2019,2018-19,Complete,"Portland, ME","Portland, ME","Portsmouth, NH",Lobster,Lobster,Other,Lobster,Other,Under 25,24,Associate's/two-year degree,Associate's/two-year degree,White,White,No,"$40,000 - $49,999","$30,000 - $59,999",Not insured,Not insured,Living with partner,Other/Single,U.S.,English,No,1,1st gen,0,Less than 5,0,1,One owner,Deckhand,0,Less than 5,Referred by a friend,Easy,1,1 day,10,9 to 14 hours,3,3 to 5 members,Owner-operated,Deckhand,Deckhand,1,Other,Other,,,No,No,No,No,No,No,No,Satisfied,4,Neutral,3,Satisfied,4,Neutral,3,Satisfied,4,Satisfied,4,Very Satisfied,5,Neutral,3,Dissatisfied,2,Yes,Yes,Disagree,Disagree,No,Neutral,Neutral,Strongly Agree,43.6591,-70.256798,4019,2,11,11,10,-0.4047828
2019,2018-19,Complete,"Portland, ME","Portland, ME","Portsmouth, NH",Lobster,Lobster,Other,Lobster,Other,55 or older,60,HS or equivalent,HS or equivalent,White,White,No,,,Not insured,Not insured,Never Married,Other/Single,U.S.,English,No,1,1st gen,25,16 to 29,25,1,One owner,Deckhand,1,Less than 5,Word of mouth,Easy,1,1 day,12,9 to 14 hours,2,1 to 2 members,Owner-operated,Deckhand,Deckhand,1,Share system,Share,80,20,Yes,No,No,No,No,Yes,No,Satisfied,4,Satisfied,4,Satisfied,4,Satisfied,4,Satisfied,4,Satisfied,4,Satisfied,4,Satisfied,4,Satisfied,4,Yes,Yes,Agree,Agree,No,Agree,Agree,Agree,43.6591,-70.256798,4019,2,12,12,12,-0.4047828
2019,2018-19,Complete,"Portsmouth, NH","Portsmouth, NH","Provincetown, MA",Lobster,Lobster,Other,Lobster,Other,25 to 34,32,HS or equivalent,HS or equivalent,White,White,No,"$50,000 - $59,999","$30,000 - $59,999",Private insurance,Insured,Never Married,Other/Single,U.S.,English,No,1,1st gen,8,5 to 15,8,1,One owner,Deckhand,0,Less than 5,Advertisement,Easy,1,1 day,10,9 to 14 hours,2,1 to 2 members,Owner-operated,Deckhand,Deckhand,1,Other,Other,,,No,No,No,No,No,No,No,Neutral,3,Satisfied,4,Satisfied,4,Satisfied,4,Neutral,3,Satisfied,4,Satisfied,4,Satisfied,4,Satisfied,4,No,Don't know,Neutral,Agree,No,Agree,Agree,Agree,43.0718,-70.762604,3801,1,11,11,12,0.10408426
2019,2018-19,Complete,"Portsmouth, NH","Portsmouth, NH","Provincetown, MA",Lobster,Lobster,Other,Lobster,Other,35 to 44,42,HS or equivalent,HS or equivalent,White,White,No,"$70,000 - $79,999","$60,000 - $89,999",Private insurance,Insured,Married,Married,U.S.,English,No,1,1st gen,12,5 to 15,12,1,One owner,Deckhand,12,5 to 15,Referred by a friend,Easy,1,1 day,8,8 hours or less,2,1 to 2 members,Owner-operated,Deckhand,Deckhand,1,Share system,Share,80,20,Yes,No,No,Yes,Yes,Yes,No,Satisfied,4,Satisfied,4,Very Satisfied,5,Satisfied,4,Neutral,3,Satisfied,4,Very Satisfied,5,Very Satisfied,5,Very Satisfied,5,Yes,Yes,Strongly Disagree,Strongly Disagree,No,Agree,Agree,Disagree,43.0718,-70.762604,3801,1,13,11,15,0.10408426
2019,2018-19,Complete,"Portsmouth, NH","Portsmouth, NH","Provincetown, MA",Lobster,Lobster,Other,Lobster,Other,25 to 34,25,HS or equivalent,HS or equivalent,White,White,No,"$70,000 - $79,999","$60,000 - $89,999",Other,Insured,Never Married,Other/Single,U.S.,English,No,1,1st gen,4,Less than 5,4,1,One owner,Deckhand,4,Less than 5,Word of mouth,Easy,1,1 day,7,8 hours or less,2,1 to 2 members,Owner-operated,Deckhand,Deckhand,1,Per trip,Other,,,Yes,Yes,No,No,No,Yes,No,Satisfied,4,Satisfied,4,Satisfied,4,Satisfied,4,Neutral,3,Neutral,3,Satisfied,4,Neutral,3,Neutral,3,Yes,Yes,Agree,Disagree,No,Neutral,Agree,Disagree,43.0718,-70.762604,3801,1,12,10,10,0.10408426
2019,2018-19,Complete,"Provincetown, MA","Provincetown, MA","Rescue, VA",Lobster,Lobster,Other,Lobster,Other,35 to 44,42,HS or equivalent,HS or equivalent,White,White,No,"$100,000 - $119,999","$90,000 - $119,999",Fed or state insurance,Insured,Separated,Other/Single,U.S.,English,Yes,3,3rd gen,1,Less than 5,1,4,Four or more,Deckhand,1,Less than 5,Word of mouth,Easy,1,1 day,12,9 to 14 hours,3,3 to 5 members,Owner-operated,Deckhand,Deckhand,1,Other,Other,,,No,No,No,No,No,No,No,Satisfied,4,Satisfied,4,Neutral,3,Very Satisfied,5,Neutral,3,Very Satisfied,5,Very Satisfied,5,Very Satisfied,5,Very Satisfied,5,Yes,Yes,Disagree,Disagree,No,Neutral,Agree,Agree,42.058399,-70.178596,2657,7,11,13,15,0.3954761
2019,2018-19,Complete,"Sandwich, MA","Sandwich, MA","Scituate, MA",Lobster,Lobster,Other,Lobster,Other,45 to 54,50,HS or equivalent,HS or equivalent,White,White,No,"$40,000 - $49,999","$30,000 - $59,999",Not insured,Not insured,Never Married,Other/Single,U.S.,English,No,1,1st gen,10,5 to 15,10,1,One owner,Deckhand,2,Less than 5,Referred by a friend,Very easy,1,1 day,8,8 hours or less,3,3 to 5 members,Owner-operated,Deckhand,Deckhand,1,Share system,Share,,,No,No,No,No,No,No,No,Satisfied,4,Satisfied,4,Satisfied,4,Satisfied,4,Satisfied,4,Satisfied,4,Satisfied,4,Satisfied,4,Satisfied,4,Yes,Yes,Agree,Agree,No,Agree,Agree,Strongly Agree,41.758999,-70.493896,2563,1,12,12,12,0.24970995
2019,2018-19,Complete,"Sandwich, MA","Sandwich, MA","Scituate, MA",Lobster,Lobster,Other,Lobster,Other,45 to 54,45,Associate's/two-year degree,Associate's/two-year degree,White,White,No,"$120,000 or more","$120,000 or more",Private insurance,Insured,Divorced,Other/Single,U.S.,English,No,1,1st gen,6,5 to 15,6,3,Three owners,Deckhand,3,Less than 5,Word of mouth,Very easy,1,1 day,15,15 to 17 hours,2,1 to 2 members,Owner-operated,Deckhand,Deckhand,1,Share system,Share,75,25,No,No,No,No,No,No,No,Satisfied,4,Satisfied,4,Very Satisfied,5,Very Satisfied,5,Satisfied,4,Neutral,3,Satisfied,4,Satisfied,4,Satisfied,4,Yes,Yes,Disagree,Disagree,Yes,Disagree,Disagree,Disagree,41.758999,-70.493896,2563,1,13,12,12,0.24970995
2019,2018-19,Complete,"Sandwich, MA","Sandwich, MA","Scituate, MA",Lobster,Lobster,Other,Lobster,Other,Under 25,24,Bachelor's/four year degree,Bachelor's/four year degree,White,White,No,"$10,000 - $19,999","Less than $30,000",Other,Insured,Never Married,Other/Single,U.S.,English,No,1,1st gen,1,Less than 5,1,1,One owner,Deckhand,3,Less than 5,Referred by a friend,Easy,4,2 to 4 days,10,9 to 14 hours,4,3 to 5 members,Owner-operated,Deckhand,Deckhand,1,Share system,Share,55,45,Yes,No,No,No,No,Yes,No,Satisfied,4,Neutral,3,Satisfied,4,Dissatisfied,2,Satisfied,4,Satisfied,4,Very Satisfied,5,Neutral,3,Neutral,3,Yes,Yes,Agree,Neutral,No,Agree,Agree,Neutral,41.758999,-70.493896,2563,1,11,10,11,0.24970995
2019,2018-19,Complete,"Sandwich, MA","Sandwich, MA","Scituate, MA",Lobster,Lobster,Other,Lobster,Other,25 to 34,25,Associate's/two-year degree,Associate's/two-year degree,White,White,No,"$60,000 - $69,999","$60,000 - $89,999",Other,Insured,Never Married,Other/Single,U.S.,English,No,1,1st gen,5,5 to 15,5,1,One owner,Deckhand,5,5 to 15,Word of mouth,Easy,4,2 to 4 days,15,15 to 17 hours,5,3 to 5 members,Owner-operated,Deckhand,Deckhand,1,Other,Other,,,No,No,No,No,No,No,No,Neutral,3,Dissatisfied,2,Satisfied,4,Neutral,3,Satisfied,4,Satisfied,4,Satisfied,4,Satisfied,4,Neutral,3,Yes,Yes,Disagree,Disagree,Yes,Strongly Agree,Neutral,Agree,41.758999,-70.493896,2563,1,9,11,11,0.24970995
2019,2018-19,Complete,"Sandwich, MA","Sandwich, MA","Scituate, MA",Lobster,Lobster,Other,Lobster,Other,25 to 34,30,HS or equivalent,HS or equivalent,White,White,No,,,Fed or state insurance,Insured,Never Married,Other/Single,U.S.,English,Yes,1,1st gen,0,Less than 5,0,1,One owner,Deckhand,0,Less than 5,Referred by a friend,Easy,6,5 to 7 days,15,15 to 17 hours,5,3 to 5 members,Owner-operated,Deckhand,Deckhand,1,Other,Other,,,No,No,No,No,No,No,No,Very Satisfied,5,Very Dissatisfied,1,Very Satisfied,5,Very Satisfied,5,Satisfied,4,Satisfied,4,Very Satisfied,5,Very Satisfied,5,Very Dissatisfied,1,No,Yes,Disagree,Strongly Agree,No,Strongly Disagree,Strongly Agree,Strongly Agree,41.758999,-70.493896,2563,1,11,13,11,0.24970995
2019,2018-19,Complete,"Sandwich, MA","Sandwich, MA","Scituate, MA",Lobster,Lobster,Other,Lobster,Other,Under 25,21,HS or equivalent,HS or equivalent,White,White,No,"$90,000 - $99,999","$90,000 - $119,999",Not insured,Not insured,Living with partner,Other/Single,U.S.,English,Yes,5,4th gen or greater,6,5 to 15,6,3,Three owners,Deckhand,1,Less than 5,Word of mouth,Easy,5,5 to 7 days,10,9 to 14 hours,4,3 to 5 members,Owner-operated,Deckhand,Deckhand,1,Share system,Share,55,45,Yes,No,No,No,No,Yes,No,Very Satisfied,5,Satisfied,4,Very Satisfied,5,Neutral,3,Satisfied,4,Satisfied,4,Very Satisfied,5,Satisfied,4,Very Satisfied,5,Yes,Yes,Strongly Disagree,Strongly Disagree,Yes,Neutral,Strongly Agree,Neutral,41.758999,-70.493896,2563,1,14,11,14,0.24970995
2019,2018-19,Complete,"Stonington, CT","Stonington, CT","Stonington, ME",Lobster,Lobster,Other,Lobster,Other,35 to 44,44,HS or equivalent,HS or equivalent,Some other race,Non-White,No,"$30,000 - $39,999","$30,000 - $59,999",Fed or state insurance,Insured,Never Married,Other/Single,U.S.,English,Yes,4,4th gen or greater,30,30 or more,30,2,Two owners,Other,20,16 to 29,Related to owner,Easy,1,1 day,11,9 to 14 hours,2,1 to 2 members,Owner-operated,Multiple Positions,Multiple Positions,1,Per trip,Other,,,No,No,No,No,No,No,No,Satisfied,4,Dissatisfied,2,Neutral,3,Satisfied,4,Satisfied,4,Satisfied,4,Very Satisfied,5,Satisfied,4,Satisfied,4,Don't know,Yes,Strongly Disagree,Disagree,Yes,Disagree,Neutral,Disagree,41.335899,-71.905899,6355,1,9,12,13,0.58387566
2019,2018-19,Complete,"Stonington, ME","Stonington, ME","Stumpy Point, NC",Lobster,Lobster,Other,Lobster,Other,35 to 44,39,Associate's/two-year degree,Associate's/two-year degree,White,White,No,"$20,000 - $29,999","Less than $30,000",Private insurance,Insured,Married,Married,U.S.,English,Yes,2,2nd gen,1,Less than 5,1,3,Three owners,Deckhand,1,Less than 5,Word of mouth,Very easy,1,1 day,10,9 to 14 hours,2,1 to 2 members,Owner-operated,Deckhand,Deckhand,1,Share system,Share,80,20,Yes,No,No,No,No,Yes,No,Dissatisfied,2,Dissatisfied,2,Neutral,3,Neutral,3,Satisfied,4,Very Satisfied,5,Very Satisfied,5,Satisfied,4,Satisfied,4,Yes,Yes,Strongly Disagree,Neutral,No,Neutral,Neutral,Agree,44.1562,-68.666702,4681,10,7,12,13,-0.90738034
2019,2018-19,Complete,"Stonington, ME","Stonington, ME","Stumpy Point, NC",Lobster,Lobster,Other,Lobster,Other,35 to 44,43,Associate's/two-year degree,Associate's/two-year degree,White,White,No,"$100,000 - $119,999","$90,000 - $119,999",Not insured,Not insured,Married,Married,U.S.,English,Yes,1,1st gen,12,5 to 15,12,1,One owner,Deckhand,12,5 to 15,Word of mouth,Neither easy nor difficult,1,1 day,10,9 to 14 hours,3,3 to 5 members,Owner-operated,Deckhand,Deckhand,1,Share system,Share,,,Yes,No,No,No,No,Yes,No,Satisfied,4,Neutral,3,Satisfied,4,Satisfied,4,Neutral,3,Satisfied,4,Neutral,3,Neutral,3,Neutral,3,Don't know,Don't know,Neutral,Disagree,No,Neutral,Neutral,Neutral,44.1562,-68.666702,4681,10,11,11,9,-0.90738034
2019,2018-19,Complete,"Stonington, ME","Stonington, ME","Stumpy Point, NC",Lobster,Lobster,Other,Lobster,Other,25 to 34,33,HS or equivalent,HS or equivalent,White,White,No,"$50,000 - $59,999","$30,000 - $59,999",Not insured,Not insured,Never Married,Other/Single,U.S.,English,Yes,3,3rd gen,10,5 to 15,10,1,One owner,Deckhand,0,Less than 5,Word of mouth,Very easy,1,1 day,9,9 to 14 hours,3,3 to 5 members,Owner-operated,Deckhand,Deckhand,1,Share system,Share,45,55,Yes,No,No,No,No,Yes,No,Satisfied,4,Satisfied,4,Satisfied,4,Satisfied,4,Neutral,3,Satisfied,4,Satisfied,4,Satisfied,4,Satisfied,4,No,Yes,Disagree,Neutral,No,Disagree,Neutral,Agree,44.1562,-68.666702,4681,10,12,11,12,-0.90738034
2019,2018-19,Complete,"Stonington, ME","Stonington, ME","Stumpy Point, NC",Lobster,Lobster,Other,Lobster,Other,35 to 44,39,HS or equivalent,HS or equivalent,White,White,No,"$80,000 - $89,999","$60,000 - $89,999",Not insured,Not insured,Never Married,Other/Single,U.S.,English,Yes,2,2nd gen,2,Less than 5,2,2,Two owners,Deckhand,1,Less than 5,Referred by a friend,Easy,1,1 day,12,9 to 14 hours,3,3 to 5 members,Owner-operated,Deckhand,Deckhand,1,Share system,Share,,,No,No,No,No,No,No,No,Very Satisfied,5,Satisfied,4,Satisfied,4,Satisfied,4,Dissatisfied,2,Satisfied,4,Satisfied,4,Satisfied,4,Dissatisfied,2,Yes,Yes,Agree,Agree,No,Agree,Agree,Neutral,44.1562,-68.666702,4681,10,13,10,10,-0.90738034
2019,2018-19,Complete,"Stonington, ME","Stonington, ME","Stumpy Point, NC",Lobster,Lobster,Other,Lobster,Other,25 to 34,27,HS or equivalent,HS or equivalent,White,White,No,"$120,000 or more","$120,000 or more",Fed or state insurance,Insured,Divorced,Other/Single,U.S.,English,Yes,4,4th gen or greater,18,16 to 29,18,1,One owner,Other,3,Less than 5,Related to owner,Very easy,2,2 to 4 days,12,9 to 14 hours,3,3 to 5 members,Owner-operated,Captain,Captain,0,Other,Other,,,No,No,No,No,No,No,No,Satisfied,4,Neutral,3,Satisfied,4,Satisfied,4,Neutral,3,Neutral,3,Satisfied,4,Satisfied,4,Very Satisfied,5,Don't know,Yes,Disagree,Disagree,Yes,Agree,Neutral,Neutral,44.1562,-68.666702,4681,10,11,10,13,-0.90738034
2019,2018-19,Complete,"Stonington, ME","Stonington, ME","Stumpy Point, NC",Lobster,Lobster,Other,Lobster,Other,35 to 44,35,HS or equivalent,HS or equivalent,White,White,No,"$30,000 - $39,999","$30,000 - $59,999",Not insured,Not insured,Never Married,Other/Single,U.S.,English,No,2,2nd gen,27,16 to 29,27,1,One owner,Deckhand,2,Less than 5,Word of mouth,Very easy,1,1 day,9,9 to 14 hours,2,1 to 2 members,Owner-operated,Deckhand,Deckhand,1,Share system,Share,80,20,No,No,No,No,No,No,No,Satisfied,4,Neutral,3,Satisfied,4,Satisfied,4,Satisfied,4,Satisfied,4,Satisfied,4,Satisfied,4,Very Satisfied,5,No,No,Agree,Strongly Agree,No,Neutral,Strongly Agree,Agree,44.1562,-68.666702,4681,10,11,12,13,-0.90738034
2019,2018-19,Complete,"Stonington, ME","Stonington, ME","Stumpy Point, NC",Lobster,Lobster,Other,Lobster,Other,25 to 34,27,HS or equivalent,HS or equivalent,White,White,No,"$60,000 - $69,999","$60,000 - $89,999",Not insured,Not insured,Never Married,Other/Single,U.S.,English,Yes,4,4th gen or greater,17,16 to 29,17,1,One owner,Deckhand,17,16 to 29,Related to owner,Very easy,1,1 day,10,9 to 14 hours,2,1 to 2 members,Owner-operated,Deckhand,Deckhand,1,Other,Other,,,No,No,No,Yes,No,Yes,No,Satisfied,4,Dissatisfied,2,Neutral,3,Neutral,3,Very Dissatisfied,1,Neutral,3,Satisfied,4,Neutral,3,Satisfied,4,Yes,Yes,Strongly Disagree,Agree,Yes,Strongly Agree,Agree,Neutral,44.1562,-68.666702,4681,10,9,7,11,-0.90738034
2019,2018-19,Complete,"Stonington, ME","Stonington, ME","Stumpy Point, NC",Lobster,Lobster,Other,Lobster,Other,35 to 44,35,HS or equivalent,HS or equivalent,White,White,No,"$90,000 - $99,999","$90,000 - $119,999",Not insured,Not insured,Living with partner,Other/Single,U.S.,English,Yes,5,4th gen or greater,7,5 to 15,7,1,One owner,Deckhand,6,5 to 15,Related to owner,Very easy,1,1 day,8,8 hours or less,2,1 to 2 members,Owner-operated,Deckhand,Deckhand,1,Share system,Share,75,25,Yes,No,No,No,No,Yes,No,Satisfied,4,Satisfied,4,Neutral,3,Dissatisfied,2,Neutral,3,Satisfied,4,Satisfied,4,Neutral,3,Satisfied,4,Don't know,Yes,Strongly Disagree,Neutral,No,Neutral,Neutral,Disagree,44.1562,-68.666702,4681,10,11,9,11,-0.90738034
2019,2018-19,Complete,"Stonington, ME","Stonington, ME","Stumpy Point, NC",Lobster,Lobster,Other,Lobster,Other,Under 25,23,HS or equivalent,HS or equivalent,White,White,No,"$80,000 - $89,999","$60,000 - $89,999",Not insured,Not insured,Married,Married,U.S.,English,No,6,4th gen or greater,7,5 to 15,7,2,Two owners,Deckhand,2,Less than 5,Word of mouth,Very easy,2,2 to 4 days,13,9 to 14 hours,3,3 to 5 members,Owner-operated,Deckhand,Deckhand,1,Share system,Share,,,Yes,No,No,No,No,Yes,No,Very Satisfied,5,Neutral,3,Neutral,3,Neutral,3,Neutral,3,Satisfied,4,Very Satisfied,5,Very Satisfied,5,Very Satisfied,5,Yes,Yes,Disagree,Disagree,No,Agree,Agree,Neutral,44.1562,-68.666702,4681,10,11,10,15,-0.90738034
2019,2018-19,Complete,"Stonington, ME","Stonington, ME","Stumpy Point, NC",Lobster,Lobster,Other,Lobster,Other,45 to 54,46,Less than HS,Less than HS,White,White,No,"$30,000 - $39,999","$30,000 - $59,999",Private insurance,Insured,Married,Married,U.S.,English,Yes,4,4th gen or greater,35,30 or more,35,1,One owner,Deckhand,1,Less than 5,Other,Very easy,1,1 day,8,8 hours or less,2,1 to 2 members,Owner-operated,Deckhand,Deckhand,1,Share system,Share,,,No,No,No,No,No,No,No,Very Satisfied,5,Satisfied,4,Very Satisfied,5,Satisfied,4,Neutral,3,Neutral,3,Very Satisfied,5,Very Satisfied,5,Very Satisfied,5,Yes,Yes,Disagree,Disagree,No,Agree,Neutral,Agree,44.1562,-68.666702,4681,10,14,10,15,-0.90738034
2019,2018-19,Complete,"Stonington, ME","Stonington, ME","Stumpy Point, NC",Lobster,Lobster,Other,Lobster,Other,35 to 44,38,HS or equivalent,HS or equivalent,White,White,No,"$50,000 - $59,999","$30,000 - $59,999",Not insured,Not insured,Never Married,Other/Single,U.S.,English,Yes,4,4th gen or greater,15,5 to 15,15,1,One owner,Deckhand,3,Less than 5,Referred by a friend,Very easy,1,1 day,10,9 to 14 hours,2,1 to 2 members,Owner-operated,Deckhand,Deckhand,1,Share system,Share,80,20,Yes,No,No,No,No,Yes,No,Satisfied,4,Neutral,3,Satisfied,4,Dissatisfied,2,Dissatisfied,2,Neutral,3,Satisfied,4,Satisfied,4,Neutral,3,Don't know,No,Agree,Strongly Agree,No,Agree,Agree,Agree,44.1562,-68.666702,4681,10,11,7,11,-0.90738034
2019,2018-19,Complete,"Stonington, ME","Stonington, ME","Stumpy Point, NC",Lobster,Lobster,Other,Lobster,Other,25 to 34,31,HS or equivalent,HS or equivalent,White,White,No,"Less than $10,000","Less than $30,000",Not insured,Not insured,Never Married,Other/Single,U.S.,English,Yes,3,3rd gen,22,16 to 29,22,12,Four or more,Deckhand,4,Less than 5,Word of mouth,Very easy,1,1 day,16,15 to 17 hours,3,3 to 5 members,Owner-operated,Deckhand,Deckhand,1,Share system,Share,,,No,No,No,No,No,No,Yes,Dissatisfied,2,Dissatisfied,2,Satisfied,4,Satisfied,4,Satisfied,4,Satisfied,4,Very Satisfied,5,Dissatisfied,2,Very Satisfied,5,Yes,Yes,Strongly Disagree,Disagree,Yes,Agree,Neutral,Disagree,44.1562,-68.666702,4681,10,8,12,12,-0.90738034
2019,2018-19,Complete,"Stonington, ME","Stonington, ME","Stumpy Point, NC",Lobster,Lobster,Other,Lobster,Other,25 to 34,26,HS or equivalent,HS or equivalent,White,White,No,"$30,000 - $39,999","$30,000 - $59,999",Not insured,Not insured,Married,Married,U.S.,English,Yes,5,4th gen or greater,11,5 to 15,11,2,Two owners,Deckhand,4,Less than 5,Related to owner,Easy,1,1 day,9,9 to 14 hours,3,3 to 5 members,Owner-operated,Deckhand,Deckhand,1,Share system,Share,,,Yes,No,No,No,No,Yes,No,Satisfied,4,Neutral,3,Neutral,3,Neutral,3,Neutral,3,Dissatisfied,2,Satisfied,4,Neutral,3,Dissatisfied,2,No,Yes,Disagree,Disagree,No,Agree,Neutral,Neutral,44.1562,-68.666702,4681,10,10,8,9,-0.90738034
2019,2018-19,Complete,"Stonington, ME","Stonington, ME","Stumpy Point, NC",Lobster,Lobster,Other,Lobster,Other,45 to 54,51,HS or equivalent,HS or equivalent,White,White,No,"$30,000 - $39,999","$30,000 - $59,999",Not insured,Not insured,Married,Married,U.S.,English,Yes,4,4th gen or greater,8,5 to 15,8,1,One owner,Deckhand,1,Less than 5,Referred by a friend,Easy,1,1 day,12,9 to 14 hours,2,1 to 2 members,Owner-operated,Deckhand,Deckhand,1,Share system,Share,,,No,No,No,No,No,No,No,Satisfied,4,Satisfied,4,Very Satisfied,5,Satisfied,4,Satisfied,4,Satisfied,4,Satisfied,4,Satisfied,4,Dissatisfied,2,Yes,Yes,Disagree,Disagree,No,Agree,Agree,Agree,44.1562,-68.666702,4681,10,13,12,10,-0.90738034
2019,2018-19,Complete,"Stonington, ME","Stonington, ME","Stumpy Point, NC",Lobster,Lobster,Other,Lobster,Other,25 to 34,32,Bachelor's/four year degree,Bachelor's/four year degree,White,White,No,"$60,000 - $69,999","$60,000 - $89,999",Not insured,Not insured,Living with partner,Other/Single,U.S.,English,No,1,1st gen,1,Less than 5,1,1,One owner,Deckhand,1,Less than 5,Word of mouth,Easy,1,1 day,11,9 to 14 hours,3,3 to 5 members,Owner-operated,Deckhand,Deckhand,1,Share system,Share,,,No,No,No,No,No,Yes,No,Satisfied,4,Satisfied,4,Dissatisfied,2,Dissatisfied,2,Satisfied,4,Neutral,3,Satisfied,4,Satisfied,4,Satisfied,4,Yes,Yes,Disagree,Agree,No,Neutral,Agree,Neutral,44.1562,-68.666702,4681,10,10,9,12,-0.90738034
2019,2018-19,Complete,"Stonington, ME","Stonington, ME","Stumpy Point, NC",Lobster,Lobster,Other,Lobster,Other,25 to 34,28,HS or equivalent,HS or equivalent,White,White,No,"$70,000 - $79,999","$60,000 - $89,999",Not insured,Not insured,Never Married,Other/Single,U.S.,English,Yes,5,4th gen or greater,10,5 to 15,10,2,Two owners,Deckhand,0,Less than 5,Word of mouth,Very easy,1,1 day,13,9 to 14 hours,3,3 to 5 members,Owner-operated,Deckhand,Deckhand,1,Share system,Share,80,20,Yes,No,No,No,No,Yes,No,Satisfied,4,Satisfied,4,Satisfied,4,Neutral,3,Satisfied,4,Satisfied,4,Satisfied,4,Satisfied,4,Satisfied,4,Yes,Don't know,Neutral,Disagree,No,Agree,Agree,Agree,44.1562,-68.666702,4681,10,12,11,12,-0.90738034
2019,2018-19,Complete,"Stonington, ME","Stonington, ME","Stumpy Point, NC",Lobster,Lobster,Other,Lobster,Other,45 to 54,50,HS or equivalent,HS or equivalent,White,White,No,"$60,000 - $69,999","$60,000 - $89,999",Spouse/partner,Insured,Married,Married,U.S.,English,Yes,3,3rd gen,40,30 or more,40,1,One owner,Deckhand,2,Less than 5,Word of mouth,Very easy,1,1 day,10,9 to 14 hours,3,3 to 5 members,Owner-operated,Mate,Other,1,Share system,Share,,,Yes,No,No,No,No,Yes,No,Neutral,3,Dissatisfied,2,Satisfied,4,Satisfied,4,Neutral,3,Satisfied,4,Very Satisfied,5,Satisfied,4,Neutral,3,Don't know,Yes,Strongly Disagree,Disagree,Yes,Neutral,Neutral,Strongly Agree,44.1562,-68.666702,4681,10,9,11,12,-0.90738034
2019,2018-19,Complete,"Stonington, ME","Stonington, ME","Stonington, ME",Lobster,Lobster,Other,Lobster,Other,Under 25,22,HS or equivalent,HS or equivalent,White,White,No,"Less than $10,000","Less than $30,000",Not insured,Not insured,Never Married,Other/Single,U.S.,English,Yes,2,2nd gen,2,Less than 5,2,2,Two owners,Deckhand,5,5 to 15,Word of mouth,Easy,1,1 day,7,8 hours or less,2,1 to 2 members,Owner-operated,Deckhand,Deckhand,1,Share system,Share,,,No,No,No,No,No,No,No,Satisfied,4,Satisfied,4,Satisfied,4,Satisfied,4,Satisfied,4,Satisfied,4,Satisfied,4,Satisfied,4,Satisfied,4,Yes,Yes,Agree,Agree,No,Agree,Agree,Agree,44.1562,-68.666702,4681,10,12,12,12,-0.90738034
2019,2018-19,Complete,"Cape May, NJ","Cape May, NJ","Cape May, NJ",Menhaden,Other,Other,Other,Other,55 or older,56,HS or equivalent,HS or equivalent,White,White,No,"$70,000 - $79,999","$60,000 - $89,999",Spouse/partner,Insured,Married,Married,U.S.,English,Yes,2,2nd gen,4,Less than 5,4,1,One owner,Deckhand,3,Less than 5,Previous work,Easy,1,1 day,12,9 to 14 hours,6,6 or more members,Hired Captain,Other,Other,1,Share system,Share,,,Yes,No,No,No,No,No,No,Satisfied,4,Dissatisfied,2,Neutral,3,Satisfied,4,Satisfied,4,Dissatisfied,2,Very Satisfied,5,Very Satisfied,5,Very Satisfied,5,No,No,Strongly Disagree,Disagree,Yes,Agree,Agree,Agree,38.935101,-74.905998,8204,1,9,10,15,-0.005133186
2019,2018-19,Complete,"Cape May, NJ","Cape May, NJ","Cape May, NJ",Menhaden,Other,Other,Other,Other,25 to 34,29,HS or equivalent,HS or equivalent,White,White,No,"$30,000 - $39,999","$30,000 - $59,999",Fed or state insurance,Insured,Married,Married,U.S.,English,Yes,1,1st gen,10,5 to 15,10,2,Two owners,Deckhand,1,Less than 5,Referred by a friend,Very difficult,1,1 day,9,9 to 14 hours,6,6 or more members,Hired Captain,Deckhand,Deckhand,1,Share system,Share,,,No,No,No,No,No,No,No,Very Satisfied,5,Neutral,3,Neutral,3,Satisfied,4,Neutral,3,Satisfied,4,Very Satisfied,5,Satisfied,4,Satisfied,4,Yes,Yes,Disagree,Strongly Disagree,Yes,Neutral,Agree,Neutral,38.935101,-74.905998,8204,1,11,11,13,-0.005133186
2019,2018-19,Complete,"Cape May, NJ","Cape May, NJ","Cape May, NJ",Menhaden,Other,Other,Other,Other,45 to 54,53,HS or equivalent,HS or equivalent,White,White,No,"$100,000 - $119,999","$90,000 - $119,999",Private insurance,Insured,Never Married,Other/Single,U.S.,English,Yes,2,2nd gen,43,30 or more,43,1,One owner,Deckhand,5,5 to 15,Word of mouth,Easy,1,1 day,7,8 hours or less,6,6 or more members,Hired Captain,Captain,Captain,0,Share system,Share,,,Yes,Yes,No,Yes,No,No,No,Satisfied,4,Satisfied,4,Satisfied,4,Satisfied,4,Satisfied,4,Satisfied,4,Very Satisfied,5,Very Satisfied,5,Very Satisfied,5,Yes,Yes,Strongly Disagree,Strongly Disagree,Yes,Disagree,Neutral,Neutral,38.935101,-74.905998,8204,1,12,12,15,-0.005133186
2019,2018-19,Complete,"Cape May, NJ","Cape May, NJ","Cape May, NJ",Menhaden,Other,Other,Other,Other,35 to 44,35,Bachelor's/four year degree,Bachelor's/four year degree,White,White,No,"$30,000 - $39,999","$30,000 - $59,999",Private insurance,Insured,Never Married,Other/Single,U.S.,English,No,1,1st gen,5,5 to 15,5,2,Two owners,Deckhand,4,Less than 5,Referred by a friend,Easy,1,1 day,12,9 to 14 hours,8,6 or more members,Hired Captain,Deckhand,Deckhand,1,Share system,Share,,,Yes,No,No,No,No,No,Yes,Dissatisfied,2,Neutral,3,Satisfied,4,Satisfied,4,Satisfied,4,Satisfied,4,Very Satisfied,5,Satisfied,4,Satisfied,4,Yes,Yes,Disagree,Disagree,No,Agree,Disagree,Strongly Agree,38.935101,-74.905998,8204,1,9,12,13,-0.005133186
2019,2018-19,Complete,"Cape May, NJ","Cape May, NJ","Cape May, NJ",Menhaden,Other,Other,Other,Other,25 to 34,33,HS or equivalent,HS or equivalent,White,White,No,"$50,000 - $59,999","$30,000 - $59,999",Not insured,Not insured,Never Married,Other/Single,U.S.,English,No,1,1st gen,8,5 to 15,8,1,One owner,Deckhand,8,5 to 15,Referred by a friend,Very difficult,1,1 day,12,9 to 14 hours,7,6 or more members,Hired Captain,Deckhand,Deckhand,1,Share system,Share,,,Yes,Yes,No,No,No,No,No,Very Satisfied,5,Neutral,3,Neutral,3,Very Satisfied,5,Neutral,3,Neutral,3,Very Satisfied,5,Very Satisfied,5,Satisfied,4,Yes,Yes,Strongly Disagree,Strongly Disagree,Yes,Neutral,Neutral,Agree,38.935101,-74.905998,8204,1,11,11,14,-0.005133186
2019,2018-19,Complete,"Cape May, NJ","Cape May, NJ","Cape May, NJ",Menhaden,Other,Other,Other,Other,Under 25,23,HS or equivalent,HS or equivalent,White,White,No,"$70,000 - $79,999","$60,000 - $89,999",Not insured,Not insured,Living with partner,Other/Single,U.S.,English,Yes,3,3rd gen,7,5 to 15,7,1,One owner,Deckhand,7,5 to 15,Other,Difficult,1,1 day,10,9 to 14 hours,8,6 or more members,Hired Captain,Deckhand,Deckhand,1,Per trip,Other,,,No,No,No,No,No,No,No,Very Satisfied,5,Satisfied,4,Very Dissatisfied,1,Very Dissatisfied,1,Dissatisfied,2,Very Dissatisfied,1,Neutral,3,Satisfied,4,Neutral,3,No,No,Disagree,Agree,No,Neutral,Disagree,Strongly Agree,38.935101,-74.905998,8204,1,10,4,10,-0.005133186
2019,2018-19,Complete,"Cape May, NJ","Cape May, NJ","Cape May, NJ",Menhaden,Other,Other,Other,Other,25 to 34,33,Associate's/two-year degree,Associate's/two-year degree,White,White,No,"$100,000 - $119,999","$90,000 - $119,999",Not insured,Not insured,Never Married,Other/Single,U.S.,English,No,1,1st gen,12,5 to 15,12,3,Three owners,Deckhand,3,Less than 5,Referred by a friend,Easy,1,1 day,12,9 to 14 hours,8,6 or more members,Hired Captain,Multiple Positions,Multiple Positions,1,Share system,Share,,,Yes,No,No,No,Yes,No,No,Satisfied,4,Very Dissatisfied,1,Satisfied,4,Neutral,3,Dissatisfied,2,Dissatisfied,2,Very Satisfied,5,Very Satisfied,5,Very Satisfied,5,No,Yes,Strongly Disagree,Strongly Disagree,Yes,Strongly Agree,Disagree,Strongly Agree,38.935101,-74.905998,8204,1,9,7,15,-0.005133186
2019,2018-19,Complete,"Cape May, NJ","Cape May, NJ","Cape May, NJ",Menhaden,Other,Other,Other,Other,25 to 34,34,HS or equivalent,HS or equivalent,White,White,No,"$80,000 - $89,999","$60,000 - $89,999",Private insurance,Insured,Never Married,Other/Single,U.S.,English,No,2,2nd gen,15,5 to 15,15,1,One owner,Deckhand,15,5 to 15,Referred by a friend,Easy,1,1 day,13,9 to 14 hours,8,6 or more members,Hired Captain,Deckhand,Deckhand,1,Share system,Share,,,Yes,No,No,No,Yes,No,No,Satisfied,4,Satisfied,4,Neutral,3,Neutral,3,Neutral,3,Satisfied,4,Very Satisfied,5,Satisfied,4,Satisfied,4,No,Yes,Neutral,Agree,No,Agree,Strongly Disagree,Strongly Agree,38.935101,-74.905998,8204,1,11,10,13,-0.005133186
2019,2018-19,Complete,"Newport, RI","Newport, RI","Fall River, MA",Menhaden,Other,Other,Other,Other,25 to 34,27,Associate's/two-year degree,Associate's/two-year degree,White,White,No,"$20,000 - $29,999","Less than $30,000",Fed or state insurance,Insured,Never Married,Other/Single,U.S.,Portuguese,No,1,1st gen,8,5 to 15,8,1,One owner,Deckhand,8,5 to 15,Referred by a friend,Easy,5,5 to 7 days,8,8 hours or less,7,6 or more members,Owner-operated,Deckhand,Deckhand,1,Other,Other,,,No,No,No,No,No,No,No,Neutral,3,Satisfied,4,Satisfied,4,Dissatisfied,2,Satisfied,4,Very Satisfied,5,Very Satisfied,5,Very Satisfied,5,Very Satisfied,5,Yes,Yes,Strongly Disagree,Strongly Agree,Yes,Strongly Agree,Agree,Strongly Agree,41.490101,-71.312798,2840,1,11,11,15,-0.053667698
2019,2018-19,Complete,"Hampton, VA","Paquoson, VA","Plymouth, MA",Menhaden,Other,Other,Other,Other,Under 25,24,HS or equivalent,HS or equivalent,White,White,No,"$20,000 - $29,999","Less than $30,000",Private insurance,Insured,Never Married,Other/Single,U.S.,English & Spanish,No,1,1st gen,9,5 to 15,9,1,One owner,Deckhand,9,5 to 15,Word of mouth,Easy,1,1 day,6,8 hours or less,2,1 to 2 members,Owner-operated,Deckhand,Deckhand,1,Share system,Share,,,Yes,Yes,No,Yes,No,No,No,Very Satisfied,5,Satisfied,4,Neutral,3,Neutral,3,Neutral,3,Very Satisfied,5,Very Satisfied,5,Satisfied,4,Neutral,3,Yes,Yes,Disagree,Disagree,Yes,Strongly Agree,Strongly Disagree,Strongly Agree,37.122398,-76.345802,23662,1,12,11,12,0.33358932
2019,2018-19,Complete,"Barnegat Light, NJ","Barnegat Light, NJ","Barnegat Light, NJ",Monkfish,Other,Other,Other,Other,45 to 54,46,Bachelor's/four year degree,Bachelor's/four year degree,White,White,No,"$100,000 - $119,999","$90,000 - $119,999",Spouse/partner,Insured,Married,Married,U.S.,English,No,1,1st gen,22,16 to 29,22,3,Three owners,Deckhand,20,16 to 29,Word of mouth,Easy,1,1 day,12,9 to 14 hours,2,1 to 2 members,Owner-operated,Mate,Other,1,Share system,Share,50,50,Yes,No,No,No,No,No,No,Satisfied,4,Dissatisfied,2,Satisfied,4,Neutral,3,Neutral,3,Satisfied,4,Very Satisfied,5,Very Satisfied,5,Satisfied,4,No,Yes,Strongly Disagree,Agree,Yes,Agree,Agree,Disagree,39.757599,-74.106201,8006,1,10,10,14,-0.33928156
2019,2018-19,Complete,"Hampton Bays/Shinnecock, NY","Hampton Bays/Shinnecock, NY","Hampton Bays/Shinnecock, NY",Monkfish,Other,Other,Other,Other,35 to 44,37,HS or equivalent,HS or equivalent,White,White,No,"$40,000 - $49,999","$30,000 - $59,999",Not insured,Not insured,Married,Married,Outside U.S.,Other,No,1,1st gen,9,5 to 15,9,2,Two owners,Deckhand,2,Less than 5,Other,Easy,1,1 day,8,8 hours or less,2,1 to 2 members,Owner-operated,Captain,Captain,0,Per trip,Other,,,No,No,No,No,No,No,No,Satisfied,4,Neutral,3,Very Satisfied,5,Neutral,3,Satisfied,4,Neutral,3,Satisfied,4,Satisfied,4,Satisfied,4,Yes,Yes,Neutral,Disagree,No,Disagree,Neutral,Agree,40.868999,-72.517601,11946,1,12,10,12,-0.021223983
2019,2018-19,Complete,"Hampton Bays/Shinnecock, NY","Hampton Bays/Shinnecock, NY","Hampton Bays/Shinnecock, NY",Monkfish,Other,Other,Other,Other,Under 25,23,Bachelor's/four year degree,Bachelor's/four year degree,White,White,No,"$10,000 - $19,999","Less than $30,000",Other,Insured,Never Married,Other/Single,U.S.,English,Yes,1,1st gen,5,5 to 15,5,2,Two owners,Deckhand,5,5 to 15,Word of mouth,Easy,1,1 day,10,9 to 14 hours,3,3 to 5 members,Hired Captain,Deckhand,Deckhand,1,Per trip,Other,,,No,No,No,No,No,No,No,Satisfied,4,Satisfied,4,Satisfied,4,Satisfied,4,Satisfied,4,Satisfied,4,Very Satisfied,5,Satisfied,4,Neutral,3,Yes,Yes,Disagree,Neutral,No,Neutral,Neutral,Neutral,40.868999,-72.517601,11946,1,12,12,12,-0.021223983
2019,2018-19,Complete,"Montauk, NY","Montauk, NY","Montauk, NY",Monkfish,Other,Other,Other,Other,25 to 34,26,Bachelor's/four year degree,Bachelor's/four year degree,White,White,No,"$80,000 - $89,999","$60,000 - $89,999",Fed or state insurance,Insured,Never Married,Other/Single,U.S.,English,Yes,3,3rd gen,4,Less than 5,4,3,Three owners,Deckhand,4,Less than 5,Related to owner,Easy,1,1 day,13,9 to 14 hours,3,3 to 5 members,Owner-operated,Deckhand,Deckhand,1,Share system,Share,,,Yes,No,No,No,No,No,No,Very Satisfied,5,Neutral,3,Satisfied,4,Neutral,3,Satisfied,4,Neutral,3,Very Satisfied,5,Satisfied,4,Satisfied,4,Yes,Yes,Strongly Disagree,Strongly Disagree,Yes,Agree,Agree,Strongly Agree,41.0359,-71.954498,11954,2,12,10,13,0.35286254
2019,2018-19,Complete,"Montauk, NY","Montauk, NY","Montauk, NY",Monkfish,Other,Other,Other,Other,25 to 34,25,HS or equivalent,HS or equivalent,White,White,No,"$50,000 - $59,999","$30,000 - $59,999",Other,Insured,Never Married,Other/Single,U.S.,English,Yes,3,3rd gen,15,5 to 15,15,1,One owner,Deckhand,0,Less than 5,Word of mouth,Easy,1,1 day,12,9 to 14 hours,4,3 to 5 members,Hired Captain,Multiple Positions,Multiple Positions,1,Share system,Share,,,No,No,No,No,No,No,No,Satisfied,4,Satisfied,4,Satisfied,4,Satisfied,4,Satisfied,4,Satisfied,4,Satisfied,4,Satisfied,4,Satisfied,4,Yes,Yes,Agree,Agree,No,Agree,Disagree,Agree,41.0359,-71.954498,11954,2,12,12,12,0.35286254
2019,2018-19,Complete,"Montauk, NY","Montauk, NY","Montauk, NY",Monkfish,Other,Other,Other,Other,25 to 34,28,Associate's/two-year degree,Associate's/two-year degree,White,White,No,"$70,000 - $79,999","$60,000 - $89,999",Private insurance,Insured,Never Married,Other/Single,U.S.,English,No,3,3rd gen,12,5 to 15,12,1,One owner,Deckhand,1,Less than 5,Other,Easy,1,1 day,16,15 to 17 hours,3,3 to 5 members,Hired Captain,Multiple Positions,Multiple Positions,1,Share system,Share,50,50,Yes,Yes,No,Yes,Yes,No,No,Neutral,3,Satisfied,4,Neutral,3,Satisfied,4,Neutral,3,Dissatisfied,2,Satisfied,4,Satisfied,4,Neutral,3,Yes,Yes,Disagree,Agree,Yes,Agree,Strongly Disagree,Neutral,41.0359,-71.954498,11954,2,10,9,11,0.35286254
2019,2018-19,Complete,"Montauk, NY","Montauk, NY","Montauk, NY",Monkfish,Other,Other,Other,Other,45 to 54,49,Bachelor's/four year degree,Bachelor's/four year degree,White,White,No,"$40,000 - $49,999","$30,000 - $59,999",Fed or state insurance,Insured,Never Married,Other/Single,U.S.,English,No,1,1st gen,30,30 or more,30,3,Three owners,Deckhand,1,Less than 5,Word of mouth,Difficult,1,1 day,14,9 to 14 hours,4,3 to 5 members,Hired Captain,Deckhand,Deckhand,1,Share system,Share,,,Yes,No,No,Yes,No,No,No,Satisfied,4,Very Dissatisfied,1,Neutral,3,Satisfied,4,Neutral,3,Neutral,3,Very Satisfied,5,Very Satisfied,5,Very Dissatisfied,1,Yes,Yes,Strongly Disagree,Agree,Yes,Strongly Agree,Strongly Disagree,Strongly Agree,41.0359,-71.954498,11954,2,8,10,11,0.35286254
2019,2018-19,Complete,"Point Pleasant, NJ","Point Pleasant, NJ","Portland, ME",Monkfish,Other,Other,Other,Other,45 to 54,50,HS or equivalent,HS or equivalent,White,White,No,"$30,000 - $39,999","$30,000 - $59,999",Fed or state insurance,Insured,Widowed,Other/Single,U.S.,English,No,1,1st gen,26,16 to 29,26,1,One owner,Deckhand,8,5 to 15,Word of mouth,Easy,1,1 day,12,9 to 14 hours,3,3 to 5 members,Owner-operated,Multiple Positions,Multiple Positions,1,Share system,Share,,,Yes,Yes,No,No,No,No,No,Satisfied,4,Neutral,3,Satisfied,4,Very Satisfied,5,Neutral,3,Satisfied,4,Very Satisfied,5,Satisfied,4,Satisfied,4,Don't know,Yes,Agree,Agree,No,Agree,Agree,Agree,40.083199,-74.068199,8742,1,11,12,13,-0.90694255
2019,2018-19,Complete,"Montauk, NY","Amagansett, NY","Montauk, NY",More than one,Other,Other,Other,Other,35 to 44,40,Bachelor's/four year degree,Bachelor's/four year degree,White,White,No,"$60,000 - $69,999","$60,000 - $89,999",Spouse/partner,Insured,Married,Married,U.S.,English,Yes,13,4th gen or greater,16,16 to 29,16,1,One owner,Deckhand,24,16 to 29,Word of mouth,Difficult,1,1 day,13,9 to 14 hours,2,1 to 2 members,Owner-operated,Multiple Positions,Multiple Positions,1,Share system,Share,,,No,No,No,No,No,No,No,Dissatisfied,2,Very Dissatisfied,1,Satisfied,4,Satisfied,4,Neutral,3,Dissatisfied,2,Neutral,3,Satisfied,4,Very Satisfied,5,No,Yes,Strongly Disagree,Neutral,Yes,Strongly Agree,Neutral,Strongly Agree,40.973701,-72.1437,11930,4,7,9,12,0.082655005
2019,2018-19,Complete,"Barnegat Light, NJ","Barnegat Light, NJ","Barnegat Light, NJ",More than one,Other,Other,Other,Other,25 to 34,25,Associate's/two-year degree,Associate's/two-year degree,White,White,No,"$70,000 - $79,999","$60,000 - $89,999",Fed or state insurance,Insured,Never Married,Other/Single,U.S.,English,Yes,3,3rd gen,0,Less than 5,0,1,One owner,Deckhand,0,Less than 5,Related to owner,Easy,10,More than 7 days,16,15 to 17 hours,4,3 to 5 members,Owner-operated,Deckhand,Deckhand,1,Share system,Share,,,Yes,Yes,No,Yes,No,No,No,Satisfied,4,Satisfied,4,Satisfied,4,Satisfied,4,Satisfied,4,Satisfied,4,Very Satisfied,5,Very Satisfied,5,Very Satisfied,5,Yes,Yes,Agree,Disagree,No,Agree,Agree,Disagree,39.757599,-74.106201,8006,1,12,12,15,-0.33928156
2019,2018-19,Complete,"Barnegat Light, NJ","Barnegat Light, NJ","Barnegat Light, NJ",More than one,Other,Other,Other,Other,35 to 44,40,HS or equivalent,HS or equivalent,White,White,No,"$60,000 - $69,999","$60,000 - $89,999",Not insured,Not insured,Married,Married,Outside U.S.,English,No,1,1st gen,14,5 to 15,14,1,One owner,Deckhand,3,Less than 5,Word of mouth,Easy,13,More than 7 days,18,18 hours or more,4,3 to 5 members,Owner-operated,Deckhand,Deckhand,1,Share system,Share,,,No,No,No,No,No,No,No,Satisfied,4,Satisfied,4,Very Satisfied,5,Satisfied,4,Satisfied,4,Satisfied,4,Satisfied,4,Satisfied,4,Dissatisfied,2,Yes,Yes,Agree,Disagree,No,Agree,Agree,Strongly Agree,39.757599,-74.106201,8006,1,13,12,10,-0.33928156
2019,2018-19,Complete,"Beaufort, NC","Beaufort, NC",Multiple Ports,More than one,Other,Other,Other,Other,55 or older,65,HS or equivalent,HS or equivalent,White,White,No,"$100,000 - $119,999","$90,000 - $119,999",Private insurance,Insured,Married,Married,U.S.,English,No,1,1st gen,47,30 or more,47,1,One owner,Deckhand,27,16 to 29,,Easy,9,More than 7 days,18,18 hours or more,4,3 to 5 members,Owner-operated,Captain,Captain,0,Share system,Share,50,50,Yes,Yes,No,Yes,Yes,Yes,No,Dissatisfied,2,Dissatisfied,2,Satisfied,4,Dissatisfied,2,Satisfied,4,Very Satisfied,5,Very Satisfied,5,Very Satisfied,5,Very Satisfied,5,Yes,Yes,Strongly Disagree,Disagree,Yes,Neutral,Strongly Agree,Strongly Agree,34.718201,-76.663803,28512,4,8,11,15,-0.3108187
2019,2018-19,Complete,"Beaufort, NC","Beaufort, NC","Beaufort, NC",More than one,Other,Other,Other,Other,55 or older,64,Associate's/two-year degree,Associate's/two-year degree,White,White,No,"Less than $10,000","Less than $30,000",Not insured,Not insured,Divorced,Other/Single,Outside U.S.,English,No,1,1st gen,41,30 or more,41,3,Three owners,Deckhand,20,16 to 29,Other,Easy,5,5 to 7 days,15,15 to 17 hours,3,3 to 5 members,Owner-operated,Mate,Other,1,Share system,Share,50,50,Yes,Yes,No,Yes,No,Yes,No,Neutral,3,Dissatisfied,2,Dissatisfied,2,Satisfied,4,Satisfied,4,Satisfied,4,Satisfied,4,Satisfied,4,Satisfied,4,No,Don't know,Agree,Agree,Yes,Strongly Agree,Neutral,Agree,34.718201,-76.663803,28512,4,7,12,12,-0.3108187
2019,2018-19,Complete,"Cape Charles, VA","Cape Charles, VA","Cape Charles, VA",More than one,Other,Other,Other,Other,25 to 34,27,HS or equivalent,HS or equivalent,White,White,No,"$20,000 - $29,999","Less than $30,000",Not insured,Not insured,Divorced,Other/Single,U.S.,English,No,1,1st gen,10,5 to 15,10,1,One owner,Deckhand,2,Less than 5,Word of mouth,Easy,1,1 day,8,8 hours or less,3,3 to 5 members,Owner-operated,Deckhand,Deckhand,1,Per trip,Other,,,No,No,No,No,No,No,No,Satisfied,4,Dissatisfied,2,Satisfied,4,Satisfied,4,Satisfied,4,Satisfied,4,Satisfied,4,Satisfied,4,Satisfied,4,Yes,Yes,Agree,Strongly Disagree,No,Disagree,Neutral,Agree,37.267899,-76.017403,23310,10,10,12,12,0.027262686
2019,2018-19,Complete,"Cape May, NJ","Cape May, NJ","Cape May, NJ",More than one,Other,Other,Other,Other,25 to 34,26,Associate's/two-year degree,Associate's/two-year degree,White,White,No,"$100,000 - $119,999","$90,000 - $119,999",Not insured,Not insured,Never Married,Other/Single,Outside U.S.,English,Yes,5,4th gen or greater,14,5 to 15,14,1,One owner,Deckhand,1,Less than 5,Related to owner,Easy,7,5 to 7 days,20,18 hours or more,4,3 to 5 members,Owner-operated,Deckhand,Deckhand,1,Share system,Share,63,37,Yes,No,No,Yes,No,No,No,Very Satisfied,5,Neutral,3,Satisfied,4,Satisfied,4,Satisfied,4,Satisfied,4,Very Satisfied,5,Very Satisfied,5,Very Satisfied,5,Yes,Yes,Disagree,Disagree,Yes,Agree,Agree,Neutral,38.935101,-74.905998,8204,1,12,12,15,-0.005133186
2019,2018-19,Complete,"Cape May, NJ","Cape May, NJ","Cape May, NJ",More than one,Other,Other,Other,Other,45 to 54,53,HS or equivalent,HS or equivalent,White,White,No,"$90,000 - $99,999","$90,000 - $119,999",Not insured,Not insured,Divorced,Other/Single,U.S.,English,Yes,5,4th gen or greater,42,30 or more,42,1,One owner,Deckhand,13,5 to 15,Previous work,Easy,4,2 to 4 days,16,15 to 17 hours,3,3 to 5 members,Hired Captain,Captain,Captain,0,Share system,Share,50,50,Yes,Yes,Yes,No,No,No,No,Dissatisfied,2,Satisfied,4,Very Satisfied,5,Neutral,3,Satisfied,4,Satisfied,4,Very Satisfied,5,Very Satisfied,5,Very Satisfied,5,Yes,Yes,Strongly Disagree,Strongly Disagree,Yes,Neutral,Neutral,Neutral,38.935101,-74.905998,8204,1,11,11,15,-0.005133186
2019,2018-19,Complete,"Engelhard, NC","Engelhard, NC","Engelhard, NC",More than one,Other,Other,Other,Other,55 or older,57,HS or equivalent,HS or equivalent,Black,Non-White,No,"$20,000 - $29,999","Less than $30,000",Not insured,Not insured,Divorced,Other/Single,U.S.,English,Yes,3,3rd gen,20,16 to 29,20,2,Two owners,Deckhand,18,16 to 29,Word of mouth,Difficult,7,5 to 7 days,12,9 to 14 hours,4,3 to 5 members,Owner-operated,Deckhand,Deckhand,1,Share system,Share,70,30,No,No,No,Yes,No,No,No,Satisfied,4,Satisfied,4,Very Satisfied,5,Dissatisfied,2,Satisfied,4,Satisfied,4,Very Satisfied,5,Very Satisfied,5,Neutral,3,No,No,Agree,Strongly Agree,No,Strongly Agree,Neutral,Strongly Agree,35.509701,-75.996101,27824,10,13,10,13,0.07452397
2019,2018-19,Complete,"Hampton Bays/Shinnecock, NY","Hampton Bays/Shinnecock, NY","Hampton Bays/Shinnecock, NY",More than one,Other,Other,Other,Other,25 to 34,28,Associate's/two-year degree,Associate's/two-year degree,White,White,No,"$30,000 - $39,999","$30,000 - $59,999",Fed or state insurance,Insured,Never Married,Other/Single,Outside U.S.,Other,No,1,1st gen,1,Less than 5,1,1,One owner,Deckhand,1,Less than 5,Word of mouth,Easy,1,1 day,8,8 hours or less,2,1 to 2 members,Owner-operated,Deckhand,Deckhand,1,Per trip,Other,,,No,No,No,No,No,No,No,Satisfied,4,Satisfied,4,Neutral,3,Neutral,3,Dissatisfied,2,Neutral,3,Satisfied,4,Satisfied,4,Very Satisfied,5,Yes,Yes,Strongly Disagree,Disagree,No,Neutral,Neutral,Disagree,40.868999,-72.517601,11946,1,11,8,13,-0.021223983
2019,2018-19,Complete,"Hampton Bays/Shinnecock, NY","Hampton Bays/Shinnecock, NY","Hampton Bays/Shinnecock, NY",More than one,Other,Other,Other,Other,Under 25,18,HS or equivalent,HS or equivalent,White,White,No,"Less than $10,000","Less than $30,000",Other,Insured,Never Married,Other/Single,Outside U.S.,English,No,1,1st gen,1,Less than 5,1,1,One owner,Deckhand,1,Less than 5,Referred by a friend,Easy,1,1 day,9,9 to 14 hours,3,3 to 5 members,Owner-operated,Deckhand,Deckhand,1,Other,Other,,,No,No,No,No,No,No,No,Very Satisfied,5,Satisfied,4,Satisfied,4,Satisfied,4,Satisfied,4,Satisfied,4,Very Satisfied,5,Satisfied,4,Neutral,3,Don't know,Yes,Disagree,Disagree,Yes,Disagree,Disagree,Agree,40.868999,-72.517601,11946,1,13,12,12,-0.021223983
2019,2018-19,Complete,"Hampton Bays/Shinnecock, NY","Hampton Bays/Shinnecock, NY","Hampton Bays/Shinnecock, NY",More than one,Other,Other,Other,Other,45 to 54,48,Associate's/two-year degree,Associate's/two-year degree,White,White,No,"Less than $10,000","Less than $30,000",Another employer,Insured,Married,Married,U.S.,English,No,5,4th gen or greater,15,5 to 15,15,2,Two owners,Deckhand,6,5 to 15,Referred by a friend,Easy,1,1 day,10,9 to 14 hours,2,1 to 2 members,Owner-operated,Deckhand,Deckhand,1,Share system,Share,80,20,Yes,Yes,No,No,No,No,No,Dissatisfied,2,Dissatisfied,2,Neutral,3,Satisfied,4,Neutral,3,Neutral,3,Very Satisfied,5,Very Satisfied,5,Neutral,3,No,Yes,Disagree,Disagree,No,Strongly Agree,Strongly Disagree,Strongly Agree,40.868999,-72.517601,11946,1,7,10,13,-0.021223983
2019,2018-19,Complete,"Hampton, VA","Hampton, VA",Multiple Ports,More than one,Other,Other,Other,Other,35 to 44,43,HS or equivalent,HS or equivalent,White,White,No,"$80,000 - $89,999","$60,000 - $89,999",Not insured,Not insured,Divorced,Other/Single,U.S.,English,Yes,3,3rd gen,12,5 to 15,12,1,One owner,Deckhand,5,5 to 15,Word of mouth,Easy,10,More than 7 days,17,15 to 17 hours,4,3 to 5 members,Owner-operated,Mate,Other,1,Share system,Share,55,45,Yes,Yes,No,Yes,No,No,No,Very Satisfied,5,Satisfied,4,Satisfied,4,Satisfied,4,Satisfied,4,Satisfied,4,Very Satisfied,5,Satisfied,4,Satisfied,4,Yes,Yes,Disagree,Disagree,Yes,Strongly Agree,Neutral,Agree,37.0299,-76.3452,23503,1,13,12,13,-0.19864459
2019,2018-19,Complete,"Hampton, VA","Messick Point, VA","Messick Point, VA",More than one,Other,Other,Other,Other,Under 25,22,HS or equivalent,HS or equivalent,White,White,No,"$40,000 - $49,999","$30,000 - $59,999",Fed or state insurance,Insured,Never Married,Other/Single,U.S.,English,Yes,3,3rd gen,5,5 to 15,5,1,One owner,Deckhand,5,5 to 15,Related to owner,Neither easy nor difficult,1,1 day,5,8 hours or less,2,1 to 2 members,Owner-operated,Deckhand,Deckhand,1,Share system,Share,,,Yes,No,No,No,No,No,Yes,Very Dissatisfied,1,Very Dissatisfied,1,Satisfied,4,Satisfied,4,Satisfied,4,Satisfied,4,Satisfied,4,Satisfied,4,Very Satisfied,5,Yes,Yes,Neutral,Strongly Agree,Yes,Neutral,Disagree,Disagree,37.107601,-76.318298,23662,1,6,12,13,0.33358932
2019,2018-19,Complete,"Montauk, NY","Montauk, NY","Montauk, NY",More than one,Other,Other,Other,Other,45 to 54,47,HS or equivalent,HS or equivalent,White,White,No,"$70,000 - $79,999","$60,000 - $89,999",Fed or state insurance,Insured,Married,Married,U.S.,English,Yes,15,4th gen or greater,27,16 to 29,27,3,Three owners,Deckhand,27,16 to 29,Related to owner,Very easy,1,1 day,12,9 to 14 hours,2,1 to 2 members,Owner-operated,Multiple Positions,Multiple Positions,1,Share system,Share,50,50,Yes,Yes,Yes,Yes,Yes,No,No,Neutral,3,Dissatisfied,2,Satisfied,4,Dissatisfied,2,Neutral,3,Dissatisfied,2,Satisfied,4,Satisfied,4,Satisfied,4,Don't know,No,Disagree,Agree,Yes,Strongly Agree,Neutral,Strongly Agree,41.0359,-71.954498,11954,2,9,7,12,0.35286254
2019,2018-19,Complete,"Engelhard, NC",Multiple Ports,Multiple Ports,More than one,Other,Other,Other,Other,45 to 54,49,HS or equivalent,HS or equivalent,White,White,No,"$50,000 - $59,999","$30,000 - $59,999",Not insured,Not insured,Separated,Other/Single,U.S.,English,Yes,3,3rd gen,30,30 or more,30,3,Three owners,Deckhand,3,Less than 5,Word of mouth,Very easy,7,5 to 7 days,16,15 to 17 hours,4,3 to 5 members,Hired Captain,Multiple Positions,Multiple Positions,1,Share system,Share,50,50,Yes,Yes,No,Yes,Yes,No,No,Satisfied,4,Neutral,3,Satisfied,4,Dissatisfied,2,Neutral,3,Satisfied,4,Very Satisfied,5,Very Satisfied,5,Satisfied,4,Yes,Yes,Disagree,Neutral,Yes,Neutral,Neutral,Disagree,35.509701,-75.996101,27824,10,11,9,14,0.07452397
2019,2018-19,Complete,"Beaufort, NC",Multiple Ports,Multiple Ports,More than one,Other,Other,Other,Other,35 to 44,40,HS or equivalent,HS or equivalent,White,White,No,"$40,000 - $49,999","$30,000 - $59,999",Not insured,Not insured,Never Married,Other/Single,U.S.,English,Yes,5,4th gen or greater,25,16 to 29,25,1,One owner,Deckhand,12,5 to 15,Word of mouth,Neither easy nor difficult,11,More than 7 days,14,9 to 14 hours,4,3 to 5 members,Owner-operated,Deckhand,Deckhand,1,Share system,Share,,,Yes,Yes,No,Yes,No,Yes,No,Satisfied,4,Neutral,3,Satisfied,4,Very Satisfied,5,Satisfied,4,Satisfied,4,Very Satisfied,5,Satisfied,4,Neutral,3,Yes,Yes,Strongly Disagree,Disagree,No,Agree,Neutral,Agree,39.155499,-74.691299,8243,1,11,13,12,-0.15529691
2019,2018-19,Complete,"Atlantic City, NJ","New Bedford, MA","New Gloucester, ME",More than one,Other,Other,Other,Other,55 or older,65,HS or equivalent,HS or equivalent,White,White,No,"$80,000 - $89,999","$60,000 - $89,999",Private insurance,Insured,Widowed,Other/Single,U.S.,English,Yes,4,4th gen or greater,51,30 or more,51,1,One owner,Deckhand,2,Less than 5,Other,Very easy,3,2 to 4 days,16,15 to 17 hours,5,3 to 5 members,Hired Captain,Captain,Captain,0,Share system,Share,,,No,No,No,Yes,No,No,No,Satisfied,4,Dissatisfied,2,Satisfied,4,Satisfied,4,Satisfied,4,Satisfied,4,Dissatisfied,2,Satisfied,4,Very Dissatisfied,1,No,Yes,Agree,Disagree,No,Disagree,Neutral,Agree,41.6362,-70.934196,2740,1,10,12,7,0.13545999
2019,2018-19,Complete,"Atlantic City, NJ","New Bedford, MA","New Gloucester, ME",More than one,Other,Other,Other,Other,45 to 54,47,HS or equivalent,HS or equivalent,White,White,No,"$90,000 - $99,999","$90,000 - $119,999",Not insured,Not insured,Separated,Other/Single,U.S.,English,No,1,1st gen,22,16 to 29,22,1,One owner,Deckhand,2,Less than 5,Referred by a friend,Very difficult,4,2 to 4 days,19,18 hours or more,5,3 to 5 members,Hired Captain,Multiple Positions,Multiple Positions,1,Other,Other,,,No,No,No,No,No,No,No,Satisfied,4,Satisfied,4,Satisfied,4,Satisfied,4,Satisfied,4,Satisfied,4,Satisfied,4,Satisfied,4,Satisfied,4,Yes,Don't know,Strongly Disagree,Strongly Disagree,No,Agree,Strongly Disagree,Agree,41.6362,-70.934196,2740,1,12,12,12,0.13545999
2019,2018-19,Complete,"New Bedford, MA","New Bedford, MA","New Gloucester, ME",More than one,Other,Other,Other,Other,Under 25,22,HS or equivalent,HS or equivalent,Some other race,Non-White,Yes,"$60,000 - $69,999","$60,000 - $89,999",Not insured,Not insured,Never Married,Other/Single,Outside U.S.,Spanish,No,1,1st gen,0,Less than 5,0,1,One owner,Deckhand,0,Less than 5,Word of mouth,Easy,4,2 to 4 days,20,18 hours or more,5,3 to 5 members,Hired Captain,Deckhand,Deckhand,1,Share system,Share,,,Yes,No,No,No,Yes,Yes,No,Satisfied,4,Satisfied,4,Neutral,3,Dissatisfied,2,Dissatisfied,2,Dissatisfied,2,Satisfied,4,Satisfied,4,Dissatisfied,2,Yes,Yes,Agree,Agree,No,Agree,Agree,Agree,41.6362,-70.934196,2740,1,11,6,10,0.13545999
2019,2018-19,Complete,"Cape Charles, VA","Oyster, VA","Paquoson, VA",More than one,Other,Other,Other,Other,35 to 44,37,HS or equivalent,HS or equivalent,White,White,No,"$20,000 - $29,999","Less than $30,000",Fed or state insurance,Insured,Married,Married,U.S.,English,Yes,5,4th gen or greater,21,16 to 29,21,1,One owner,Deckhand,1,Less than 5,Referred by a friend,Easy,1,1 day,6,8 hours or less,2,1 to 2 members,Owner-operated,Deckhand,Deckhand,1,Share system,Share,,,No,No,No,No,No,No,No,Very Satisfied,5,Dissatisfied,2,Satisfied,4,Satisfied,4,Satisfied,4,Satisfied,4,Very Satisfied,5,Satisfied,4,Very Satisfied,5,Yes,Yes,Strongly Disagree,Strongly Disagree,Yes,Neutral,Agree,Agree,37.286499,-75.922401,23310,10,11,12,14,0.027262686
2019,2018-19,Complete,"Point Pleasant, NJ","Point Pleasant, NJ","Portland, ME",More than one,Other,Other,Other,Other,45 to 54,47,HS or equivalent,HS or equivalent,White,White,No,"$20,000 - $29,999","Less than $30,000",Not insured,Not insured,Never Married,Other/Single,U.S.,English,Yes,2,2nd gen,11,5 to 15,11,4,Four or more,Deckhand,6,5 to 15,Other,Difficult,1,1 day,7,8 hours or less,3,3 to 5 members,Owner-operated,Deckhand,Deckhand,1,Share system,Share,50,50,Yes,Yes,No,No,No,No,No,Satisfied,4,Dissatisfied,2,Dissatisfied,2,Satisfied,4,Satisfied,4,Satisfied,4,Very Satisfied,5,Very Satisfied,5,Satisfied,4,Yes,Yes,Strongly Disagree,Disagree,Yes,Agree,Strongly Disagree,Strongly Agree,40.083199,-74.068199,8742,1,8,12,14,-0.90694255
2019,2018-19,Complete,"Point Pleasant, NJ","Point Pleasant, NJ","Portland, ME",More than one,Other,Other,Other,Other,25 to 34,32,HS or equivalent,HS or equivalent,White,White,No,"$70,000 - $79,999","$60,000 - $89,999",Not insured,Not insured,Divorced,Other/Single,U.S.,English,Yes,5,4th gen or greater,13,5 to 15,13,4,Four or more,Deckhand,3,Less than 5,Related to owner,Very easy,2,2 to 4 days,12,9 to 14 hours,3,3 to 5 members,Owner-operated,Multiple Positions,Multiple Positions,1,Share system,Share,,,Yes,Yes,No,No,No,No,No,Satisfied,4,Satisfied,4,Neutral,3,Neutral,3,Satisfied,4,Satisfied,4,Satisfied,4,Satisfied,4,Satisfied,4,Yes,Yes,Disagree,Disagree,Yes,Agree,Neutral,Agree,40.083199,-74.068199,8742,1,11,11,12,-0.90694255
2019,2018-19,Complete,"Cape May, NJ","Sneads Ferry, NC","Portland, ME",More than one,Other,Other,Other,Other,35 to 44,44,HS or equivalent,HS or equivalent,White,White,No,"$40,000 - $49,999","$30,000 - $59,999",Not insured,Not insured,Separated,Other/Single,U.S.,English,Yes,5,4th gen or greater,17,16 to 29,17,1,One owner,Deckhand,0,Less than 5,Referred by a friend,Easy,3,2 to 4 days,24,18 hours or more,4,3 to 5 members,Hired Captain,Captain,Captain,0,Share system,Share,,,No,No,No,No,No,No,No,Neutral,3,Dissatisfied,2,Neutral,3,Satisfied,4,Satisfied,4,Satisfied,4,Very Satisfied,5,Very Satisfied,5,Very Satisfied,5,Yes,Yes,Disagree,Strongly Disagree,No,Agree,Neutral,Neutral,34.5527,-77.397202,28460,2,8,12,15,-0.34287524
2019,2018-19,Complete,"Hampton, VA","Swan Quarter, NC","Tangier, VA",More than one,Other,Other,Other,Other,55 or older,55,Less than HS,Less than HS,White,White,No,,,Not insured,Not insured,Married,Married,U.S.,English,Yes,3,3rd gen,40,30 or more,40,1,One owner,Deckhand,7,5 to 15,Word of mouth,Easy,8,More than 7 days,16,15 to 17 hours,3,3 to 5 members,Hired Captain,Captain,Captain,0,Share system,Share,50,50,Yes,Yes,No,No,No,No,No,Neutral,3,Dissatisfied,2,Dissatisfied,2,Dissatisfied,2,Dissatisfied,2,Satisfied,4,Very Satisfied,5,Very Satisfied,5,Very Satisfied,5,No,No,Strongly Disagree,Strongly Disagree,Yes,Strongly Agree,Neutral,Strongly Agree,35.4062,-76.328903,27885,10,7,8,15,0.026188895
2019,2018-19,Complete,"Wanchese, NC","Wanchese, NC","Wanchese, NC",More than one,Other,Other,Other,Other,25 to 34,29,HS or equivalent,HS or equivalent,White,White,No,"$40,000 - $49,999","$30,000 - $59,999",Not insured,Not insured,Married,Married,U.S.,English,Yes,5,4th gen or greater,16,16 to 29,16,2,Two owners,Deckhand,1,Less than 5,Referred by a friend,Difficult,3,2 to 4 days,15,15 to 17 hours,3,3 to 5 members,Owner-operated,Deckhand,Deckhand,1,Share system,Share,,,Yes,Yes,No,Yes,No,Yes,No,Satisfied,4,Satisfied,4,Satisfied,4,Neutral,3,Dissatisfied,2,Satisfied,4,Very Satisfied,5,Satisfied,4,Satisfied,4,No,Yes,Disagree,Agree,No,Agree,Disagree,Strongly Agree,35.842701,-75.638496,27981,10,12,9,13,0.53377718
2019,2018-19,Complete,"Cape Charles, VA","Cape Charles, VA","Cape Charles, VA",None,Other,Other,Other,Other,35 to 44,35,HS or equivalent,HS or equivalent,White,White,No,"$50,000 - $59,999","$30,000 - $59,999",Not insured,Not insured,Living with partner,Other/Single,U.S.,English,Yes,7,4th gen or greater,2,Less than 5,2,2,Two owners,Deckhand,2,Less than 5,Related to owner,Very easy,1,1 day,5,8 hours or less,3,3 to 5 members,Owner-operated,Deckhand,Deckhand,1,Other,Other,,,No,No,No,No,No,No,No,Satisfied,4,Satisfied,4,Satisfied,4,Neutral,3,Very Satisfied,5,Satisfied,4,Very Satisfied,5,Neutral,3,Satisfied,4,No,Yes,Agree,Agree,Yes,Neutral,Agree,Agree,37.267899,-76.017403,23310,10,12,12,12,0.027262686
2019,2018-19,Complete,"Hampton, VA","Rushmere, VA","Tyler's Beach, VA",None,Other,Other,Other,Other,25 to 34,31,HS or equivalent,HS or equivalent,White,White,No,"$40,000 - $49,999","$30,000 - $59,999",Spouse/partner,Insured,Married,Married,U.S.,English,No,1,1st gen,9,5 to 15,9,1,One owner,Deckhand,3,Less than 5,Word of mouth,Very easy,1,1 day,8,8 hours or less,3,3 to 5 members,Owner-operated,Deckhand,Deckhand,1,Other,Other,,,No,No,No,No,No,No,No,Satisfied,4,Satisfied,4,Dissatisfied,2,Very Satisfied,5,Dissatisfied,2,Very Satisfied,5,Very Satisfied,5,Very Satisfied,5,Dissatisfied,2,Yes,Yes,Disagree,Agree,Yes,Strongly Agree,Neutral,Agree,37.066799,-76.6763,23430,2,10,12,12,0.070504636
2019,2018-19,Complete,"Cape Charles, VA","Oyster, VA","Cape Charles, VA",Oyster,Other,Other,Other,Other,45 to 54,49,HS or equivalent,HS or equivalent,White,White,No,"$30,000 - $39,999","$30,000 - $59,999",Not insured,Not insured,Married,Married,U.S.,English,Yes,3,3rd gen,35,30 or more,35,1,One owner,Deckhand,17,16 to 29,Referred by a friend,Very easy,1,1 day,8,8 hours or less,2,1 to 2 members,Owner-operated,Multiple Positions,Multiple Positions,1,Other,Other,,,No,No,No,No,No,No,No,Satisfied,4,Satisfied,4,Satisfied,4,Dissatisfied,2,Satisfied,4,Satisfied,4,Satisfied,4,Very Satisfied,5,Very Satisfied,5,Yes,Yes,Agree,Agree,No,Agree,Agree,Agree,37.286499,-75.922401,23310,10,12,10,14,0.027262686
2019,2018-19,Complete,"Cape Charles, VA","Oyster, VA","Cape Charles, VA",Oyster,Other,Other,Other,Other,35 to 44,35,Less than HS,Less than HS,White,White,No,,,Not insured,Not insured,Never Married,Other/Single,U.S.,English,Yes,4,4th gen or greater,21,16 to 29,21,2,Two owners,Deckhand,1,Less than 5,Word of mouth,Easy,1,1 day,4,8 hours or less,3,3 to 5 members,Owner-operated,Deckhand,Deckhand,1,Per trip,Other,,,No,No,No,No,No,No,No,Satisfied,4,Neutral,3,Very Satisfied,5,Satisfied,4,Satisfied,4,Satisfied,4,Satisfied,4,Satisfied,4,Satisfied,4,Yes,Yes,Strongly Disagree,Strongly Disagree,No,Agree,Disagree,Agree,37.286499,-75.922401,23310,10,12,12,12,0.027262686
2019,2018-19,Complete,"Cape Charles, VA","Tangier, VA","Tenant's Harbor, ME",Oyster,Other,Other,Other,Other,45 to 54,48,HS or equivalent,HS or equivalent,White,White,No,,,Not insured,Not insured,Married,Married,U.S.,English,No,3,3rd gen,30,30 or more,30,2,Two owners,Mate/1st Mate,0,Less than 5,Word of mouth,Very easy,1,1 day,5,8 hours or less,2,1 to 2 members,Owner-operated,Mate,Other,1,Other,Other,,,No,No,No,No,No,No,No,Very Satisfied,5,Satisfied,4,Very Satisfied,5,Dissatisfied,2,Satisfied,4,Satisfied,4,Very Satisfied,5,Very Satisfied,5,Satisfied,4,No,No,Agree,Disagree,No,Agree,Agree,Agree,37.826199,-75.9916,23440,10,14,10,14,-0.042319689
2019,2018-19,Complete,"Cape Charles, VA","Hoopers Island, MD","Hoopers Island, MD",Rockfish,Other,Other,Other,Other,25 to 34,33,HS or equivalent,HS or equivalent,White,White,No,"$20,000 - $29,999","Less than $30,000",Private insurance,Insured,Never Married,Other/Single,U.S.,English,Yes,4,4th gen or greater,15,5 to 15,15,2,Two owners,Deckhand,3,Less than 5,Other,Very easy,1,1 day,8,8 hours or less,3,3 to 5 members,Owner-operated,Deckhand,Deckhand,1,Other,Other,,,No,No,No,No,No,No,No,Very Satisfied,5,Very Satisfied,5,Satisfied,4,Neutral,3,Satisfied,4,Satisfied,4,Very Satisfied,5,Very Satisfied,5,Very Satisfied,5,Yes,Yes,Neutral,Disagree,Yes,Strongly Agree,Agree,Neutral,38.300098,-76.208,21634,5,14,11,15,0.29756483
2019,2018-19,Complete,"Barnegat Light, NJ","Barnegat Light, NJ","Barnegat Light, NJ",Scallop,Scallop,Other,Other,Scallop,45 to 54,46,Associate's/two-year degree,Associate's/two-year degree,White,White,No,"$120,000 or more","$120,000 or more",Private insurance,Insured,Widowed,Other/Single,U.S.,English,No,1,1st gen,22,16 to 29,22,1,One owner,Deckhand,2,Less than 5,Word of mouth,Easy,8,More than 7 days,16,15 to 17 hours,7,6 or more members,Hired Captain,Captain,Captain,0,Share system,Share,45,55,Yes,Yes,No,Yes,No,No,Yes,Satisfied,4,Satisfied,4,Neutral,3,Satisfied,4,Satisfied,4,Satisfied,4,Satisfied,4,Satisfied,4,Satisfied,4,Yes,Yes,Strongly Disagree,Strongly Disagree,Yes,Agree,Neutral,Neutral,39.757599,-74.106201,8006,1,11,12,12,-0.33928156
2019,2018-19,Complete,"Barnegat Light, NJ","Barnegat Light, NJ","Barnegat Light, NJ",Scallop,Scallop,Other,Other,Scallop,25 to 34,28,HS or equivalent,HS or equivalent,White,White,No,"$90,000 - $99,999","$90,000 - $119,999",Spouse/partner,Insured,Living with partner,Other/Single,U.S.,English,No,1,1st gen,2,Less than 5,2,1,One owner,Deckhand,0,Less than 5,Related to owner,Easy,7,5 to 7 days,20,18 hours or more,7,6 or more members,Hired Captain,Deckhand,Deckhand,1,Share system,Share,60,40,Yes,Yes,No,Yes,No,No,No,Satisfied,4,Satisfied,4,Satisfied,4,Neutral,3,Satisfied,4,Satisfied,4,Satisfied,4,Satisfied,4,Very Satisfied,5,Yes,Yes,Disagree,Disagree,No,Agree,Agree,Disagree,39.757599,-74.106201,8006,1,12,11,13,-0.33928156
2019,2018-19,Complete,"Barnegat Light, NJ","Barnegat Light, NJ","Barnegat Light, NJ",Scallop,Scallop,Other,Other,Scallop,25 to 34,27,Bachelor's/four year degree,Bachelor's/four year degree,White,White,No,"$100,000 - $119,999","$90,000 - $119,999",Private insurance,Insured,Never Married,Other/Single,U.S.,English,No,1,1st gen,2,Less than 5,2,1,One owner,Deckhand,0,Less than 5,Referred by a friend,Easy,7,5 to 7 days,16,15 to 17 hours,7,6 or more members,Hired Captain,Deckhand,Deckhand,1,Share system,Share,52,48,Yes,Yes,No,Yes,Yes,No,No,Satisfied,4,Satisfied,4,Satisfied,4,Satisfied,4,Neutral,3,Neutral,3,Very Satisfied,5,Very Satisfied,5,Very Satisfied,5,Yes,Don't know,Strongly Agree,Disagree,No,Disagree,Strongly Agree,Neutral,39.757599,-74.106201,8006,1,12,10,15,-0.33928156
2019,2018-19,Complete,"Barnegat Light, NJ","Barnegat Light, NJ","Barnegat Light, NJ",Scallop,Scallop,Other,Other,Scallop,Under 25,24,HS or equivalent,HS or equivalent,White,White,No,"$120,000 or more","$120,000 or more",Other,Insured,Never Married,Other/Single,U.S.,English,No,1,1st gen,6,5 to 15,6,1,One owner,Deckhand,2,Less than 5,Word of mouth,Difficult,8,More than 7 days,16,15 to 17 hours,7,6 or more members,Hired Captain,Deckhand,Deckhand,1,Share system,Share,,,No,No,No,No,No,No,No,Satisfied,4,Satisfied,4,Satisfied,4,Dissatisfied,2,Neutral,3,Satisfied,4,Satisfied,4,Satisfied,4,Satisfied,4,Yes,Yes,Agree,Agree,No,Agree,Agree,Disagree,39.757599,-74.106201,8006,1,12,9,12,-0.33928156
2019,2018-19,Complete,"Barnegat Light, NJ","Barnegat Light, NJ","Barnegat Light, NJ",Scallop,Scallop,Other,Other,Scallop,35 to 44,37,Less than HS,Less than HS,White,White,No,"$100,000 - $119,999","$90,000 - $119,999",Not insured,Not insured,Never Married,Other/Single,U.S.,English,No,1,1st gen,23,16 to 29,23,2,Two owners,Deckhand,7,5 to 15,Word of mouth,Easy,7,5 to 7 days,18,18 hours or more,7,6 or more members,Hired Captain,Multiple Positions,Multiple Positions,1,Share system,Share,60,40,Yes,Yes,No,Yes,Yes,No,No,Satisfied,4,Dissatisfied,2,Neutral,3,Neutral,3,Neutral,3,Very Satisfied,5,Very Satisfied,5,Very Satisfied,5,Very Satisfied,5,No,Yes,Disagree,Disagree,Yes,Disagree,Strongly Disagree,Agree,39.757599,-74.106201,8006,1,9,11,15,-0.33928156
2019,2018-19,Complete,"Barnegat Light, NJ","Barnegat Light, NJ","Barnegat Light, NJ",Scallop,Scallop,Other,Other,Scallop,25 to 34,31,HS or equivalent,HS or equivalent,White,White,No,"$120,000 or more","$120,000 or more",Private insurance,Insured,Married,Married,U.S.,English,Yes,4,4th gen or greater,15,5 to 15,15,1,One owner,Deckhand,12,5 to 15,Referred by a friend,Neither easy nor difficult,9,More than 7 days,18,18 hours or more,7,6 or more members,Hired Captain,Captain,Captain,0,Share system,Share,45,55,Yes,Yes,No,Yes,No,No,No,Satisfied,4,Satisfied,4,Neutral,3,Dissatisfied,2,Neutral,3,Neutral,3,Satisfied,4,Satisfied,4,Dissatisfied,2,Yes,Yes,Neutral,Neutral,Yes,Agree,Agree,Neutral,39.757599,-74.106201,8006,1,11,8,10,-0.33928156
2019,2018-19,Complete,"Barnegat Light, NJ","Barnegat Light, NJ","Barnegat Light, NJ",Scallop,Scallop,Other,Other,Scallop,45 to 54,53,HS or equivalent,HS or equivalent,White,White,No,"$120,000 or more","$120,000 or more",Spouse/partner,Insured,Married,Married,U.S.,English,No,1,1st gen,35,30 or more,35,1,One owner,Deckhand,13,5 to 15,Previous work,Very easy,8,More than 7 days,18,18 hours or more,7,6 or more members,Hired Captain,Captain,Captain,0,Share system,Share,45,55,Yes,Yes,No,Yes,No,No,No,Satisfied,4,Satisfied,4,Satisfied,4,Neutral,3,Very Dissatisfied,1,Dissatisfied,2,Satisfied,4,Very Satisfied,5,Satisfied,4,Yes,Yes,Disagree,Strongly Disagree,Yes,Neutral,Neutral,Neutral,39.757599,-74.106201,8006,1,12,6,13,-0.33928156
2019,2018-19,Complete,"Barnegat Light, NJ","Barnegat Light, NJ","Barnegat Light, NJ",Scallop,Scallop,Other,Other,Scallop,25 to 34,30,Bachelor's/four year degree,Bachelor's/four year degree,White,White,No,"$100,000 - $119,999","$90,000 - $119,999",Private insurance,Insured,Never Married,Other/Single,U.S.,English,No,1,1st gen,8,5 to 15,8,1,One owner,Deckhand,6,5 to 15,Word of mouth,Easy,10,More than 7 days,16,15 to 17 hours,7,6 or more members,Hired Captain,Deckhand,Deckhand,1,Share system,Share,55,45,Yes,No,No,Yes,Yes,No,No,Very Satisfied,5,Satisfied,4,Neutral,3,Dissatisfied,2,Neutral,3,Neutral,3,Neutral,3,Satisfied,4,Satisfied,4,Yes,Yes,Strongly Agree,Strongly Agree,No,Neutral,Agree,Disagree,39.757599,-74.106201,8006,1,12,8,11,-0.33928156
2019,2018-19,Complete,"Barnegat Light, NJ","Barnegat Light, NJ","Barnegat Light, NJ",Scallop,Scallop,Other,Other,Scallop,25 to 34,31,Bachelor's/four year degree,Bachelor's/four year degree,White,White,No,"$120,000 or more","$120,000 or more",Spouse/partner,Insured,Married,Married,U.S.,English,No,1,1st gen,13,5 to 15,13,1,One owner,Deckhand,6,5 to 15,Referred by a friend,Easy,10,More than 7 days,16,15 to 17 hours,7,6 or more members,Hired Captain,Deckhand,Deckhand,1,Share system,Share,55,45,Yes,Yes,No,Yes,Yes,No,No,Neutral,3,Dissatisfied,2,Satisfied,4,Dissatisfied,2,Neutral,3,Neutral,3,Neutral,3,Neutral,3,Satisfied,4,Yes,Don't know,Strongly Agree,Strongly Agree,Yes,Neutral,Agree,Disagree,39.757599,-74.106201,8006,1,9,8,10,-0.33928156
2019,2018-19,Complete,"Barnegat Light, NJ","Barnegat Light, NJ","Barnegat Light, NJ",Scallop,Scallop,Other,Other,Scallop,Under 25,22,HS or equivalent,HS or equivalent,White,White,No,"$120,000 or more","$120,000 or more",Not insured,Not insured,Never Married,Other/Single,U.S.,English,Yes,2,2nd gen,4,Less than 5,4,1,One owner,Deckhand,3,Less than 5,Other,Easy,8,More than 7 days,16,15 to 17 hours,7,6 or more members,Hired Captain,Deckhand,Deckhand,1,Share system,Share,60,40,No,No,No,No,No,No,No,Satisfied,4,Satisfied,4,Satisfied,4,Neutral,3,Neutral,3,Satisfied,4,Satisfied,4,Neutral,3,Satisfied,4,Yes,Yes,Neutral,Agree,Yes,Disagree,Agree,Disagree,39.757599,-74.106201,8006,1,12,10,11,-0.33928156
2019,2018-19,Complete,"Barnegat Light, NJ","Barnegat Light, NJ","Barnegat Light, NJ",Scallop,Scallop,Other,Other,Scallop,35 to 44,40,HS or equivalent,HS or equivalent,White,White,No,"$120,000 or more","$120,000 or more",Not insured,Not insured,Living with partner,Other/Single,U.S.,English,No,1,1st gen,10,5 to 15,10,1,One owner,Deckhand,10,5 to 15,Other,Neither easy nor difficult,7,5 to 7 days,17,15 to 17 hours,7,6 or more members,Hired Captain,Mate,Other,1,Share system,Share,52,48,Yes,Yes,No,Yes,No,No,No,Very Satisfied,5,Satisfied,4,Satisfied,4,Neutral,3,Satisfied,4,Satisfied,4,Neutral,3,Satisfied,4,Dissatisfied,2,Yes,Yes,Disagree,Disagree,No,Disagree,Neutral,Disagree,39.757599,-74.106201,8006,1,13,11,9,-0.33928156
2019,2018-19,Complete,"Barnegat Light, NJ","Barnegat Light, NJ","Barnegat Light, NJ",Scallop,Scallop,Other,Other,Scallop,25 to 34,30,HS or equivalent,HS or equivalent,White,White,No,"$100,000 - $119,999","$90,000 - $119,999",Not insured,Not insured,Married,Married,U.S.,English,Yes,2,2nd gen,10,5 to 15,10,1,One owner,Deckhand,4,Less than 5,Referred by a friend,Easy,7,5 to 7 days,18,18 hours or more,7,6 or more members,Hired Captain,Deckhand,Deckhand,1,Share system,Share,50,50,Yes,Yes,No,Yes,No,No,No,Very Satisfied,5,Satisfied,4,Very Satisfied,5,Neutral,3,Satisfied,4,Neutral,3,Satisfied,4,Very Satisfied,5,Satisfied,4,Yes,Yes,Disagree,Strongly Disagree,No,Strongly Disagree,Agree,Disagree,39.757599,-74.106201,8006,1,14,10,13,-0.33928156
2019,2018-19,Complete,"Barnegat Light, NJ","Barnegat Light, NJ","Barnegat Light, NJ",Scallop,Scallop,Other,Other,Scallop,25 to 34,32,Bachelor's/four year degree,Bachelor's/four year degree,White,White,No,"$120,000 or more","$120,000 or more",Spouse/partner,Insured,Married,Married,U.S.,English,Yes,1,1st gen,10,5 to 15,10,1,One owner,Deckhand,10,5 to 15,Referred by a friend,Easy,8,More than 7 days,17,15 to 17 hours,7,6 or more members,Hired Captain,Mate,Other,1,Share system,Share,45,55,Yes,Yes,No,Yes,Yes,No,No,Very Satisfied,5,Neutral,3,Satisfied,4,Very Satisfied,5,Neutral,3,Neutral,3,Satisfied,4,Neutral,3,Satisfied,4,Yes,Yes,Neutral,Agree,Yes,Disagree,Strongly Agree,Disagree,39.757599,-74.106201,8006,1,12,11,11,-0.33928156
2019,2018-19,Complete,"Barnegat Light, NJ","Barnegat Light, NJ","Barnegat Light, NJ",Scallop,Scallop,Other,Other,Scallop,45 to 54,50,Bachelor's/four year degree,Bachelor's/four year degree,White,White,No,,,Fed or state insurance,Insured,Never Married,Other/Single,Outside U.S.,English,No,1,1st gen,33,30 or more,33,1,One owner,Deckhand,13,5 to 15,Word of mouth,Easy,12,More than 7 days,20,18 hours or more,7,6 or more members,Owner-operated,Mate,Other,1,Share system,Share,,,Yes,Yes,No,Yes,No,No,No,Satisfied,4,Satisfied,4,Neutral,3,Neutral,3,Dissatisfied,2,Neutral,3,Very Satisfied,5,Very Satisfied,5,Neutral,3,Don't know,Yes,Disagree,Agree,Yes,Neutral,Agree,Neutral,39.757599,-74.106201,8006,1,11,8,13,-0.33928156
2019,2018-19,Complete,"Barnegat Light, NJ","Barnegat Light, NJ","Barnegat Light, NJ",Scallop,Scallop,Other,Other,Scallop,35 to 44,36,HS or equivalent,HS or equivalent,White,White,No,"$120,000 or more","$120,000 or more",Not insured,Not insured,Never Married,Other/Single,U.S.,English,Yes,2,2nd gen,18,16 to 29,18,1,One owner,Deckhand,16,16 to 29,Word of mouth,Easy,8,More than 7 days,18,18 hours or more,7,6 or more members,Hired Captain,Multiple Positions,Multiple Positions,1,Share system,Share,55,45,Yes,Yes,No,Yes,No,No,No,Very Satisfied,5,Satisfied,4,Satisfied,4,Dissatisfied,2,Neutral,3,Satisfied,4,Very Satisfied,5,Very Satisfied,5,Very Satisfied,5,Yes,Yes,Strongly Disagree,Strongly Disagree,Yes,Strongly Agree,Agree,Neutral,39.757599,-74.106201,8006,1,13,9,15,-0.33928156
2019,2018-19,Complete,"Barnegat Light, NJ","Barnegat Light, NJ","Barnegat Light, NJ",Scallop,Scallop,Other,Other,Scallop,25 to 34,25,Associate's/two-year degree,Associate's/two-year degree,White,White,No,"$100,000 - $119,999","$90,000 - $119,999",Spouse/partner,Insured,Never Married,Other/Single,U.S.,English,Yes,2,2nd gen,5,5 to 15,5,1,One owner,Deckhand,3,Less than 5,Related to non-owner,Easy,9,More than 7 days,19,18 hours or more,7,6 or more members,Hired Captain,Deckhand,Deckhand,1,Share system,Share,55,45,Yes,Yes,No,Yes,Yes,No,Yes,Very Satisfied,5,Satisfied,4,Very Satisfied,5,Neutral,3,Satisfied,4,Satisfied,4,Very Satisfied,5,Very Satisfied,5,Very Satisfied,5,Yes,Yes,Disagree,Disagree,No,Neutral,Strongly Agree,Disagree,39.757599,-74.106201,8006,1,14,11,15,-0.33928156
2019,2018-19,Complete,"Barnegat Light, NJ","Barnegat Light, NJ","Barnegat Light, NJ",Scallop,Scallop,Other,Other,Scallop,Under 25,24,HS or equivalent,HS or equivalent,White,White,Yes,"$100,000 - $119,999","$90,000 - $119,999",Not insured,Not insured,Never Married,Other/Single,U.S.,English,Yes,1,1st gen,3,Less than 5,3,2,Two owners,Deckhand,2,Less than 5,Word of mouth,Easy,10,More than 7 days,12,9 to 14 hours,7,6 or more members,Owner-operated,Deckhand,Deckhand,1,Share system,Share,60,40,Yes,No,No,Yes,Yes,No,No,Very Satisfied,5,Neutral,3,Satisfied,4,Satisfied,4,Satisfied,4,Satisfied,4,Satisfied,4,Satisfied,4,Satisfied,4,Yes,Yes,Disagree,Disagree,No,Agree,Agree,Neutral,39.757599,-74.106201,8006,1,12,12,12,-0.33928156
2019,2018-19,Complete,"New Bedford, MA","Cape May, NJ","New Gloucester, ME",Scallop,Scallop,Other,Other,Scallop,35 to 44,35,Associate's/two-year degree,Associate's/two-year degree,White,White,No,"$120,000 or more","$120,000 or more",Fed or state insurance,Insured,Married,Married,U.S.,English,No,1,1st gen,8,5 to 15,8,1,One owner,Deckhand,8,5 to 15,Referred by a friend,Easy,8,More than 7 days,18,18 hours or more,7,6 or more members,Hired Captain,Deckhand,Deckhand,1,Share system,Share,60,40,Yes,Yes,No,Yes,Yes,Yes,Yes,Very Satisfied,5,Very Satisfied,5,Very Satisfied,5,Dissatisfied,2,Neutral,3,Neutral,3,Very Satisfied,5,Very Satisfied,5,Neutral,3,Yes,Yes,Strongly Disagree,Strongly Disagree,No,Agree,Agree,Disagree,38.935101,-74.905998,8204,1,15,8,13,-0.005133186
2019,2018-19,Complete,"New Bedford, MA","Cape May, NJ","Cape May, NJ",Scallop,Scallop,Other,Other,Scallop,45 to 54,45,HS or equivalent,HS or equivalent,White,White,No,"$100,000 - $119,999","$90,000 - $119,999",Spouse/partner,Insured,Married,Married,U.S.,English,Yes,4,4th gen or greater,24,16 to 29,24,2,Two owners,Deckhand,16,16 to 29,Referred by a friend,Neither easy nor difficult,10,More than 7 days,20,18 hours or more,7,6 or more members,Hired Captain,Deckhand,Deckhand,1,Share system,Share,50,50,Yes,Yes,No,Yes,Yes,Yes,No,Satisfied,4,Satisfied,4,Satisfied,4,Dissatisfied,2,Neutral,3,Neutral,3,Very Satisfied,5,Very Satisfied,5,Very Satisfied,5,Yes,Yes,Strongly Disagree,Agree,No,Agree,Agree,Agree,38.935101,-74.905998,8204,1,12,8,15,-0.005133186
2019,2018-19,Complete,"Point Judith, RI","Cape May, NJ","Cape May, NJ",Scallop,Scallop,Other,Other,Scallop,25 to 34,31,HS or equivalent,HS or equivalent,White,White,No,"$30,000 - $39,999","$30,000 - $59,999",Private insurance,Insured,Divorced,Other/Single,U.S.,English,No,2,2nd gen,12,5 to 15,12,2,Two owners,Deckhand,10,5 to 15,Referred by a friend,Very easy,7,5 to 7 days,16,15 to 17 hours,7,6 or more members,Hired Captain,Deckhand,Deckhand,1,Share system,Share,53,47,Yes,Yes,No,No,No,No,No,Neutral,3,Dissatisfied,2,Dissatisfied,2,Very Dissatisfied,1,Dissatisfied,2,Dissatisfied,2,Very Satisfied,5,Satisfied,4,Neutral,3,Don't know,Don't know,Disagree,Agree,Yes,Agree,Disagree,Neutral,38.935101,-74.905998,8204,1,7,5,12,-0.005133186
2019,2018-19,Complete,"Cape May, NJ","Cape May, NJ","New Gloucester, ME",Scallop,Scallop,Other,Other,Scallop,25 to 34,27,HS or equivalent,HS or equivalent,White,White,No,"$120,000 or more","$120,000 or more",Not insured,Not insured,Never Married,Other/Single,U.S.,English,No,2,2nd gen,8,5 to 15,8,2,Two owners,Deckhand,1,Less than 5,Word of mouth,Easy,7,5 to 7 days,18,18 hours or more,7,6 or more members,Hired Captain,Mate,Other,1,Share system,Share,50,50,Yes,Yes,No,Yes,No,No,No,Very Satisfied,5,Very Satisfied,5,Neutral,3,Satisfied,4,Satisfied,4,Satisfied,4,Very Satisfied,5,Very Satisfied,5,Satisfied,4,Yes,Yes,Strongly Disagree,Strongly Disagree,No,Agree,Neutral,Strongly Agree,38.935101,-74.905998,8204,1,13,12,14,-0.005133186
2019,2018-19,Complete,"New Bedford, MA","Cape May, NJ","Cape May, NJ",Scallop,Scallop,Other,Other,Scallop,35 to 44,35,Less than HS,Less than HS,White,White,No,"$100,000 - $119,999","$90,000 - $119,999",Private insurance,Insured,Never Married,Other/Single,U.S.,English,No,1,1st gen,6,5 to 15,6,2,Two owners,Deckhand,4,Less than 5,Word of mouth,Neither easy nor difficult,10,More than 7 days,20,18 hours or more,7,6 or more members,Hired Captain,Deckhand,Deckhand,1,Share system,Share,50,50,Yes,Yes,No,Yes,Yes,Yes,No,Satisfied,4,Satisfied,4,Satisfied,4,Very Dissatisfied,1,Dissatisfied,2,Neutral,3,Very Satisfied,5,Very Satisfied,5,Very Satisfied,5,Yes,Yes,Strongly Disagree,Agree,No,Agree,Agree,Agree,38.935101,-74.905998,8204,1,12,6,15,-0.005133186
2019,2018-19,Complete,"Cape May, NJ","Cape May, NJ","Cape May, NJ",Scallop,Scallop,Other,Other,Scallop,35 to 44,35,Associate's/two-year degree,Associate's/two-year degree,White,White,No,"$120,000 or more","$120,000 or more",Spouse/partner,Insured,Married,Married,U.S.,English,No,1,1st gen,14,5 to 15,14,1,One owner,Deckhand,9,5 to 15,Referred by a friend,Very easy,9,More than 7 days,18,18 hours or more,7,6 or more members,Hired Captain,Deckhand,Deckhand,1,Share system,Share,,,Yes,Yes,No,Yes,Yes,No,No,Satisfied,4,Satisfied,4,Neutral,3,Very Dissatisfied,1,Dissatisfied,2,Neutral,3,Neutral,3,Satisfied,4,Very Dissatisfied,1,Yes,Don't know,Agree,Agree,No,Disagree,Agree,Disagree,38.935101,-74.905998,8204,1,11,6,8,-0.005133186
2019,2018-19,Complete,"New Bedford, MA","Cape May, NJ","Cape May, NJ",Scallop,Scallop,Other,Other,Scallop,35 to 44,42,HS or equivalent,HS or equivalent,White,White,No,"$100,000 - $119,999","$90,000 - $119,999",Spouse/partner,Insured,Married,Married,U.S.,English,No,1,1st gen,12,5 to 15,12,2,Two owners,Deckhand,5,5 to 15,Referred by a friend,Neither easy nor difficult,10,More than 7 days,20,18 hours or more,7,6 or more members,Hired Captain,Deckhand,Deckhand,1,Share system,Share,50,50,Yes,Yes,No,Yes,Yes,Yes,No,Satisfied,4,Satisfied,4,Satisfied,4,Dissatisfied,2,Neutral,3,Neutral,3,Very Satisfied,5,Very Satisfied,5,Very Satisfied,5,Yes,Yes,Strongly Disagree,Agree,No,Agree,Agree,Agree,38.935101,-74.905998,8204,1,12,8,15,-0.005133186
2019,2018-19,Complete,"Cape May, NJ","Cape May, NJ","Cape May, NJ",Scallop,Scallop,Other,Other,Scallop,25 to 34,33,Bachelor's/four year degree,Bachelor's/four year degree,White,White,No,,,Private insurance,Insured,Married,Married,U.S.,English,Yes,4,4th gen or greater,11,5 to 15,11,2,Two owners,Deckhand,1,Less than 5,Word of mouth,Neither easy nor difficult,7,5 to 7 days,18,18 hours or more,7,6 or more members,Hired Captain,Deckhand,Deckhand,1,Share system,Share,,,Yes,Yes,No,Yes,Yes,No,No,Satisfied,4,Neutral,3,Satisfied,4,Neutral,3,Neutral,3,Neutral,3,Satisfied,4,Satisfied,4,Satisfied,4,Yes,Yes,Strongly Disagree,Strongly Disagree,No,Neutral,Agree,Agree,38.935101,-74.905998,8204,1,11,9,12,-0.005133186
2019,2018-19,Complete,"Point Judith, RI","Cape May, NJ","Cape May, NJ",Scallop,Scallop,Other,Other,Scallop,35 to 44,35,HS or equivalent,HS or equivalent,DK/NA,Non-White,Yes,"$80,000 - $89,999","$60,000 - $89,999",Not insured,Not insured,Married,Married,Outside U.S.,Spanish,Yes,2,2nd gen,16,16 to 29,16,1,One owner,Deckhand,2,Less than 5,Other,Easy,8,More than 7 days,14,9 to 14 hours,7,6 or more members,Hired Captain,Deckhand,Deckhand,1,Share system,Share,55,45,Yes,Yes,No,Yes,No,No,No,Satisfied,4,Satisfied,4,Dissatisfied,2,Satisfied,4,Dissatisfied,2,Dissatisfied,2,Satisfied,4,Satisfied,4,Neutral,3,No,Yes,Disagree,Disagree,No,Agree,Agree,Agree,38.935101,-74.905998,8204,1,10,8,11,-0.005133186
2019,2018-19,Complete,"Point Judith, RI","Cape May, NJ","Cape May, NJ",Scallop,Scallop,Other,Other,Scallop,55 or older,61,HS or equivalent,HS or equivalent,White,White,No,"$120,000 or more","$120,000 or more",Private insurance,Insured,Married,Married,U.S.,English,Yes,2,2nd gen,41,30 or more,41,1,One owner,Deckhand,18,16 to 29,Word of mouth,Easy,8,More than 7 days,15,15 to 17 hours,7,6 or more members,Hired Captain,Captain,Captain,0,Share system,Share,47,53,Yes,Yes,No,Yes,No,No,No,Satisfied,4,Satisfied,4,Satisfied,4,Neutral,3,Very Dissatisfied,1,Very Dissatisfied,1,Very Satisfied,5,Very Satisfied,5,Very Satisfied,5,Don't know,Don't know,Disagree,Agree,Yes,Agree,Disagree,Agree,38.935101,-74.905998,8204,1,12,5,15,-0.005133186
2019,2018-19,Complete,"New Bedford, MA","Cape May, NJ","Cape May, NJ",Scallop,Scallop,Other,Other,Scallop,35 to 44,41,Associate's/two-year degree,Associate's/two-year degree,White,White,No,"$120,000 or more","$120,000 or more",Spouse/partner,Insured,Married,Married,U.S.,English,Yes,2,2nd gen,10,5 to 15,10,2,Two owners,Deckhand,4,Less than 5,Referred by a friend,Neither easy nor difficult,10,More than 7 days,20,18 hours or more,7,6 or more members,Hired Captain,Mate,Other,1,Share system,Share,50,50,Yes,Yes,No,Yes,Yes,Yes,No,Satisfied,4,Satisfied,4,Satisfied,4,Dissatisfied,2,Dissatisfied,2,Neutral,3,Very Satisfied,5,Very Satisfied,5,Very Satisfied,5,Yes,Yes,Strongly Disagree,Agree,No,Agree,Agree,Agree,38.935101,-74.905998,8204,1,12,7,15,-0.005133186
2019,2018-19,Complete,"Cape May, NJ","Cape May, NJ","Cape May, NJ",Scallop,Scallop,Other,Other,Scallop,Under 25,22,Less than HS,Less than HS,White,White,No,,,Fed or state insurance,Insured,Never Married,Other/Single,U.S.,English,Yes,10,4th gen or greater,6,5 to 15,6,3,Three owners,Deckhand,1,Less than 5,Other,Very easy,7,5 to 7 days,18,18 hours or more,7,6 or more members,Hired Captain,Deckhand,Deckhand,1,Share system,Share,,,Yes,No,No,Yes,No,No,No,Very Satisfied,5,Satisfied,4,Satisfied,4,Neutral,3,Satisfied,4,Satisfied,4,Very Satisfied,5,Very Satisfied,5,Satisfied,4,Yes,Yes,Disagree,Disagree,No,Agree,Neutral,Agree,38.935101,-74.905998,8204,1,13,11,14,-0.005133186
2019,2018-19,Complete,"New Bedford, MA","Cape May, NJ","New Gloucester, ME",Scallop,Scallop,Other,Other,Scallop,25 to 34,30,Associate's/two-year degree,Associate's/two-year degree,White,White,No,"$120,000 or more","$120,000 or more",Fed or state insurance,Insured,Living with partner,Other/Single,U.S.,English,No,1,1st gen,6,5 to 15,6,1,One owner,Deckhand,6,5 to 15,Referred by a friend,Very easy,8,More than 7 days,17,15 to 17 hours,7,6 or more members,Hired Captain,Deckhand,Deckhand,1,Share system,Share,60,40,Yes,Yes,No,Yes,Yes,Yes,No,Very Satisfied,5,Very Satisfied,5,Very Satisfied,5,Neutral,3,Neutral,3,Neutral,3,Very Satisfied,5,Very Satisfied,5,Satisfied,4,Yes,Yes,Disagree,Disagree,No,Agree,Agree,Disagree,38.935101,-74.905998,8204,1,15,9,14,-0.005133186
2019,2018-19,Complete,"New Bedford, MA","Cape May, NJ","New Gloucester, ME",Scallop,Scallop,Other,Other,Scallop,35 to 44,38,HS or equivalent,HS or equivalent,White,White,No,"$120,000 or more","$120,000 or more",Private insurance,Insured,Married,Married,U.S.,English,Yes,1,1st gen,10,5 to 15,10,1,One owner,Deckhand,8,5 to 15,Other,Easy,8,More than 7 days,18,18 hours or more,7,6 or more members,Hired Captain,Captain,Captain,0,Share system,Share,60,40,Yes,Yes,No,Yes,Yes,Yes,No,Very Satisfied,5,Satisfied,4,Very Satisfied,5,Very Dissatisfied,1,Neutral,3,Neutral,3,Very Satisfied,5,Very Satisfied,5,Very Satisfied,5,Don't know,Yes,Strongly Disagree,Strongly Disagree,No,Strongly Agree,Agree,Strongly Agree,38.935101,-74.905998,8204,1,14,7,15,-0.005133186
2019,2018-19,Complete,"Cape May, NJ","Cape May, NJ","Cape May, NJ",Scallop,Scallop,Other,Other,Scallop,25 to 34,29,HS or equivalent,HS or equivalent,White,White,No,"$120,000 or more","$120,000 or more",Private insurance,Insured,Never Married,Other/Single,U.S.,English,No,2,2nd gen,5,5 to 15,5,1,One owner,Deckhand,4,Less than 5,Referred by a friend,Difficult,7,5 to 7 days,18,18 hours or more,7,6 or more members,Hired Captain,Deckhand,Deckhand,1,Share system,Share,,,Yes,No,No,Yes,No,No,No,Very Satisfied,5,Satisfied,4,Neutral,3,Neutral,3,Neutral,3,Satisfied,4,Satisfied,4,Satisfied,4,Satisfied,4,Yes,Yes,Neutral,Agree,No,Disagree,Agree,Disagree,38.935101,-74.905998,8204,1,12,10,12,-0.005133186
2019,2018-19,Complete,"Cape May, NJ","Cape May, NJ","Cape May, NJ",Scallop,Scallop,Other,Other,Scallop,35 to 44,35,HS or equivalent,HS or equivalent,White,White,No,"$100,000 - $119,999","$90,000 - $119,999",Not insured,Not insured,Never Married,Other/Single,U.S.,English,No,1,1st gen,12,5 to 15,12,1,One owner,Deckhand,11,5 to 15,Referred by a friend,Very difficult,7,5 to 7 days,14,9 to 14 hours,7,6 or more members,Hired Captain,Deckhand,Deckhand,1,Share system,Share,,,Yes,Yes,No,Yes,Yes,No,No,Satisfied,4,Satisfied,4,Satisfied,4,Very Dissatisfied,1,Neutral,3,Satisfied,4,Neutral,3,Satisfied,4,Neutral,3,Yes,Yes,Neutral,Agree,No,Neutral,Agree,Neutral,38.935101,-74.905998,8204,1,12,8,10,-0.005133186
2019,2018-19,Complete,"New Bedford, MA","Cape May, NJ","New Gloucester, ME",Scallop,Scallop,Other,Other,Scallop,25 to 34,26,HS or equivalent,HS or equivalent,White,White,No,"$120,000 or more","$120,000 or more",Other,Insured,Never Married,Other/Single,U.S.,English,No,1,1st gen,4,Less than 5,4,1,One owner,Deckhand,4,Less than 5,Related to non-owner,Easy,8,More than 7 days,18,18 hours or more,7,6 or more members,Hired Captain,Deckhand,Deckhand,1,Share system,Share,60,40,Yes,Yes,No,Yes,Yes,Yes,No,Satisfied,4,Satisfied,4,Very Satisfied,5,Dissatisfied,2,Dissatisfied,2,Satisfied,4,Very Satisfied,5,Very Satisfied,5,Neutral,3,Yes,Yes,Agree,Agree,No,Neutral,Neutral,Neutral,38.935101,-74.905998,8204,1,13,8,13,-0.005133186
2019,2018-19,Complete,"Cape May, NJ","Cape May, NJ","Cape May, NJ",Scallop,Scallop,Other,Other,Scallop,35 to 44,38,Bachelor's/four year degree,Bachelor's/four year degree,White,White,No,"$100,000 - $119,999","$90,000 - $119,999",Private insurance,Insured,Divorced,Other/Single,U.S.,English,Yes,4,4th gen or greater,6,5 to 15,6,1,One owner,Deckhand,2,Less than 5,Word of mouth,Easy,1,1 day,14,9 to 14 hours,6,6 or more members,Hired Captain,Deckhand,Deckhand,1,Share system,Share,60,40,Yes,No,No,No,Yes,No,No,Satisfied,4,Neutral,3,Dissatisfied,2,Neutral,3,Neutral,3,Satisfied,4,Very Satisfied,5,Very Satisfied,5,Satisfied,4,Don't know,Yes,Strongly Disagree,Disagree,No,Disagree,Neutral,Disagree,38.935101,-74.905998,8204,1,9,10,14,-0.005133186
2019,2018-19,Complete,"Cape May, NJ","Cape May, NJ","Cape May, NJ",Scallop,Scallop,Other,Other,Scallop,25 to 34,30,HS or equivalent,HS or equivalent,White,White,No,"$120,000 or more","$120,000 or more",Private insurance,Insured,Married,Married,U.S.,English,No,2,2nd gen,10,5 to 15,10,1,One owner,Deckhand,4,Less than 5,Referred by a friend,Difficult,10,More than 7 days,18,18 hours or more,7,6 or more members,Hired Captain,Captain,Captain,0,Share system,Share,47,53,Yes,Yes,No,Yes,Yes,No,No,Satisfied,4,Satisfied,4,Very Satisfied,5,Neutral,3,Neutral,3,Satisfied,4,Very Satisfied,5,Very Satisfied,5,Very Satisfied,5,Yes,Yes,Strongly Disagree,Disagree,Yes,Strongly Agree,Disagree,Neutral,38.935101,-74.905998,8204,1,13,10,15,-0.005133186
2019,2018-19,Complete,"Engelhard, NC","Engelhard, NC",Multiple Ports,Scallop,Scallop,Other,Other,Scallop,25 to 34,28,HS or equivalent,HS or equivalent,White,White,No,"$60,000 - $69,999","$60,000 - $89,999",Not insured,Not insured,Married,Married,U.S.,English,Yes,5,4th gen or greater,10,5 to 15,10,2,Two owners,Deckhand,1,Less than 5,Word of mouth,Easy,7,5 to 7 days,12,9 to 14 hours,4,3 to 5 members,Hired Captain,Deckhand,Deckhand,1,Share system,Share,,,Yes,Yes,No,Yes,No,No,No,Very Satisfied,5,Satisfied,4,Satisfied,4,Satisfied,4,Satisfied,4,Satisfied,4,Very Satisfied,5,Very Satisfied,5,Very Satisfied,5,Yes,Yes,Disagree,Agree,Yes,Agree,Agree,Strongly Agree,35.509701,-75.996101,27824,10,13,12,15,0.07452397
2019,2018-19,Complete,"Engelhard, NC","Engelhard, NC","Engelhard, NC",Scallop,Scallop,Other,Other,Scallop,25 to 34,32,HS or equivalent,HS or equivalent,American Indian/Alaska Native,Non-White,No,"$60,000 - $69,999","$60,000 - $89,999",Not insured,Not insured,Divorced,Other/Single,U.S.,English,Yes,4,4th gen or greater,14,5 to 15,14,3,Three owners,Deckhand,0,Less than 5,Word of mouth,Easy,9,More than 7 days,18,18 hours or more,5,3 to 5 members,Hired Captain,Deckhand,Deckhand,1,Share system,Share,50,50,Yes,Yes,No,Yes,No,No,No,Satisfied,4,Neutral,3,Neutral,3,Dissatisfied,2,Neutral,3,Satisfied,4,Very Satisfied,5,Satisfied,4,Satisfied,4,No,Yes,Strongly Disagree,Strongly Disagree,Yes,Agree,Disagree,Strongly Agree,35.509701,-75.996101,27824,10,10,9,13,0.07452397
2019,2018-19,Complete,"Newport News, VA","Engelhard, NC","Engelhard, NC",Scallop,Scallop,Other,Other,Scallop,55 or older,57,Less than HS,Less than HS,White,White,No,,,Spouse/partner,Insured,Married,Married,U.S.,English,No,3,3rd gen,46,30 or more,46,1,One owner,Deckhand,4,Less than 5,Related to owner,Very easy,8,More than 7 days,18,18 hours or more,5,3 to 5 members,Hired Captain,Captain,Captain,0,Share system,Share,40,60,Yes,Yes,No,Yes,No,No,No,Very Satisfied,5,Very Satisfied,5,Satisfied,4,Dissatisfied,2,Satisfied,4,Satisfied,4,Very Satisfied,5,Very Satisfied,5,Neutral,3,No,Yes,Strongly Disagree,Disagree,Yes,Agree,Agree,Neutral,35.509701,-75.996101,27824,10,14,10,13,0.07452397
2019,2018-19,Complete,"Fairhaven, MA","Fairhaven, MA","Fairhaven, MA",Scallop,Scallop,Other,Other,Scallop,55 or older,55,HS or equivalent,HS or equivalent,White,White,No,"$120,000 or more","$120,000 or more",Not insured,Not insured,Married,Married,U.S.,English,No,5,4th gen or greater,38,30 or more,38,1,One owner,Deckhand,27,16 to 29,Word of mouth,Very easy,9,More than 7 days,11,9 to 14 hours,7,6 or more members,Hired Captain,Deckhand,Deckhand,1,Share system,Share,44,56,Yes,Yes,No,Yes,No,No,No,Neutral,3,Dissatisfied,2,Satisfied,4,Satisfied,4,Satisfied,4,Dissatisfied,2,Neutral,3,Neutral,3,Very Dissatisfied,1,No,No,Strongly Agree,Strongly Agree,No,DK/NA,DK/NA,DK/NA,41.6376,-70.903603,2719,1,9,10,7,0.05582865
2019,2018-19,Complete,"Fairhaven, MA","Fairhaven, MA","New Gloucester, ME",Scallop,Scallop,Other,Other,Scallop,45 to 54,52,HS or equivalent,HS or equivalent,White,White,No,"$120,000 or more","$120,000 or more",Private insurance,Insured,Never Married,Other/Single,U.S.,English,No,1,1st gen,33,30 or more,33,1,One owner,Deckhand,2,Less than 5,Previous work,Neither easy nor difficult,8,More than 7 days,18,18 hours or more,5,3 to 5 members,Hired Captain,Captain,Captain,0,Share system,Share,50,50,Yes,Yes,No,Yes,Yes,No,No,Satisfied,4,Satisfied,4,Satisfied,4,Neutral,3,Dissatisfied,2,Dissatisfied,2,Satisfied,4,Satisfied,4,Dissatisfied,2,No,Don't know,Strongly Disagree,Disagree,Yes,Strongly Agree,Strongly Disagree,Neutral,41.6376,-70.903603,2719,1,12,7,10,0.05582865
2019,2018-19,Complete,"New Bedford, MA","Fairhaven, MA","New Gloucester, ME",Scallop,Scallop,Other,Other,Scallop,55 or older,56,Less than HS,Less than HS,Asian,Non-White,No,"$120,000 or more","$120,000 or more",Fed or state insurance,Insured,Married,Married,Outside U.S.,Other,Yes,2,2nd gen,36,30 or more,36,1,One owner,Deckhand,2,Less than 5,Referred by a friend,Easy,7,5 to 7 days,7,8 hours or less,7,6 or more members,Owner-operated,Deckhand,Deckhand,1,Share system,Share,55,45,Yes,Yes,No,Yes,Yes,No,No,Satisfied,4,Satisfied,4,Neutral,3,Satisfied,4,Dissatisfied,2,Neutral,3,Neutral,3,Satisfied,4,Neutral,3,Yes,Yes,Agree,Agree,No,Neutral,Neutral,Neutral,41.6376,-70.903603,2719,1,11,9,10,0.05582865
2019,2018-19,Complete,"New Bedford, MA","Fairhaven, MA","Fairhaven, MA",Scallop,Scallop,Other,Other,Scallop,35 to 44,42,HS or equivalent,HS or equivalent,Some other race,Non-White,Yes,"$100,000 - $119,999","$90,000 - $119,999",Fed or state insurance,Insured,Married,Married,Outside U.S.,Spanish,No,1,1st gen,14,5 to 15,14,2,Two owners,Deckhand,14,5 to 15,Word of mouth,Difficult,11,More than 7 days,15,15 to 17 hours,7,6 or more members,Owner-operated,Multiple Positions,Multiple Positions,1,Share system,Share,,,Yes,Yes,No,Yes,Yes,No,No,Satisfied,4,Satisfied,4,Satisfied,4,Neutral,3,Satisfied,4,Satisfied,4,Very Satisfied,5,Very Satisfied,5,Satisfied,4,Yes,Yes,Agree,Disagree,No,Agree,Neutral,Agree,41.6376,-70.903603,2719,1,12,11,14,0.05582865
2019,2018-19,Complete,"New Bedford, MA","Fairhaven, MA","New Gloucester, ME",Scallop,Scallop,Other,Other,Scallop,55 or older,60,Less than HS,Less than HS,White,White,No,"$100,000 - $119,999","$90,000 - $119,999",Private insurance,Insured,Married,Married,U.S.,English,Yes,2,2nd gen,46,30 or more,46,1,One owner,Deckhand,10,5 to 15,Word of mouth,Difficult,8,More than 7 days,16,15 to 17 hours,7,6 or more members,Owner-operated,Mate,Other,1,Share system,Share,,,Yes,Yes,No,Yes,Yes,No,No,Neutral,3,Neutral,3,Neutral,3,Satisfied,4,Dissatisfied,2,Neutral,3,Neutral,3,Neutral,3,Neutral,3,Don't know,No,Agree,Disagree,No,Neutral,Agree,Disagree,41.6376,-70.903603,2719,1,9,9,9,0.05582865
2019,2018-19,Complete,"New Bedford, MA","Fairhaven, MA","New Gloucester, ME",Scallop,Scallop,Other,Other,Scallop,45 to 54,47,Associate's/two-year degree,Associate's/two-year degree,Asian,Non-White,No,"$120,000 or more","$120,000 or more",Private insurance,Insured,Married,Married,Outside U.S.,Other,No,1,1st gen,20,16 to 29,20,1,One owner,Cook,7,5 to 15,Referred by a friend,Easy,8,More than 7 days,14,9 to 14 hours,7,6 or more members,Owner-operated,Deckhand,Deckhand,1,Share system,Share,45,55,Yes,Yes,No,Yes,Yes,No,No,Satisfied,4,Satisfied,4,Neutral,3,Satisfied,4,Neutral,3,Neutral,3,Neutral,3,Neutral,3,Neutral,3,Don't know,Yes,Agree,Disagree,No,Agree,Agree,Agree,41.6376,-70.903603,2719,1,11,10,9,0.05582865
2019,2018-19,Complete,"Fairhaven, MA","Fairhaven, MA","New Gloucester, ME",Scallop,Scallop,Other,Other,Scallop,Under 25,20,HS or equivalent,HS or equivalent,White,White,No,"$120,000 or more","$120,000 or more",Other,Insured,Never Married,Other/Single,U.S.,English,Yes,3,3rd gen,5,5 to 15,5,1,One owner,Deckhand,2,Less than 5,Referred by a friend,Very easy,10,More than 7 days,18,18 hours or more,7,6 or more members,Owner-operated,Mate,Other,1,Share system,Share,44,56,Yes,Yes,No,Yes,No,No,No,Very Satisfied,5,Satisfied,4,Satisfied,4,Neutral,3,Dissatisfied,2,Neutral,3,Satisfied,4,Satisfied,4,Very Satisfied,5,No,Yes,Disagree,Agree,No,Agree,Disagree,Neutral,41.6376,-70.903603,2719,1,13,8,13,0.05582865
2019,2018-19,Complete,"Fairhaven, MA","Fairhaven, MA","North Kingstown, RI",Scallop,Scallop,Other,Other,Scallop,25 to 34,27,Bachelor's/four year degree,Bachelor's/four year degree,Some other race,Non-White,Yes,"$80,000 - $89,999","$60,000 - $89,999",Not insured,Not insured,Living with partner,Other/Single,U.S.,Spanish,Yes,2,2nd gen,1,Less than 5,1,1,One owner,Deckhand,1,Less than 5,Other,Very difficult,8,More than 7 days,16,15 to 17 hours,7,6 or more members,Hired Captain,Deckhand,Deckhand,1,Share system,Share,50,50,Yes,Yes,No,Yes,Yes,No,No,Very Satisfied,5,Very Satisfied,5,Very Satisfied,5,Dissatisfied,2,Satisfied,4,Very Satisfied,5,Very Satisfied,5,Very Satisfied,5,Neutral,3,Don't know,Yes,Agree,Neutral,No,Neutral,Neutral,Neutral,41.6376,-70.903603,2719,1,15,11,13,0.05582865
2019,2018-19,Complete,"Fairhaven, MA","Fairhaven, MA","North Kingstown, RI",Scallop,Scallop,Other,Other,Scallop,35 to 44,37,HS or equivalent,HS or equivalent,White,White,No,"$120,000 or more","$120,000 or more",Not insured,Not insured,Separated,Other/Single,U.S.,English,No,1,1st gen,21,16 to 29,21,1,One owner,Deckhand,2,Less than 5,Word of mouth,Very easy,8,More than 7 days,17,15 to 17 hours,7,6 or more members,Hired Captain,Mate,Other,1,Share system,Share,50,50,Yes,Yes,No,Yes,Yes,No,No,Satisfied,4,Satisfied,4,Satisfied,4,Very Dissatisfied,1,Dissatisfied,2,Satisfied,4,Very Satisfied,5,Satisfied,4,Satisfied,4,Don't know,Yes,Agree,Agree,No,Agree,Agree,Agree,41.6376,-70.903603,2719,1,12,7,13,0.05582865
2019,2018-19,Complete,"New Bedford, MA","Fairhaven, MA","New Gloucester, ME",Scallop,Scallop,Other,Other,Scallop,45 to 54,53,Bachelor's/four year degree,Bachelor's/four year degree,White,White,No,"$120,000 or more","$120,000 or more",Spouse/partner,Insured,Married,Married,U.S.,English,Yes,2,2nd gen,28,16 to 29,28,1,One owner,Deckhand,7,5 to 15,Related to owner,Easy,7,5 to 7 days,15,15 to 17 hours,7,6 or more members,Owner-operated,Captain,Captain,0,Share system,Share,44,56,Yes,Yes,No,Yes,No,No,No,Satisfied,4,Satisfied,4,Satisfied,4,Very Dissatisfied,1,Dissatisfied,2,Neutral,3,Very Dissatisfied,1,Dissatisfied,2,Very Satisfied,5,Don't know,Yes,Agree,Agree,Yes,Strongly Agree,Strongly Disagree,Neutral,41.6376,-70.903603,2719,1,12,6,8,0.05582865
2019,2018-19,Complete,"New Bedford, MA","Fairhaven, MA","New Gloucester, ME",Scallop,Scallop,Other,Other,Scallop,55 or older,58,HS or equivalent,HS or equivalent,White,White,No,"$120,000 or more","$120,000 or more",Private insurance,Insured,Married,Married,Outside U.S.,English,No,1,1st gen,27,16 to 29,27,1,One owner,Deckhand,14,5 to 15,Word of mouth,Difficult,8,More than 7 days,16,15 to 17 hours,7,6 or more members,Owner-operated,Deckhand,Deckhand,1,Share system,Share,55,45,Yes,Yes,No,Yes,Yes,No,No,Satisfied,4,Satisfied,4,Dissatisfied,2,Satisfied,4,Dissatisfied,2,Satisfied,4,Satisfied,4,Satisfied,4,Satisfied,4,No,Yes,Neutral,Agree,Yes,Agree,Agree,Neutral,41.6376,-70.903603,2719,1,10,10,12,0.05582865
2019,2018-19,Complete,"Newport News, VA","Fairhaven, MA","Fairhaven, MA",Scallop,Scallop,Other,Other,Scallop,25 to 34,33,HS or equivalent,HS or equivalent,White,White,No,"$100,000 - $119,999","$90,000 - $119,999",Not insured,Not insured,Separated,Other/Single,U.S.,English,Yes,4,4th gen or greater,15,5 to 15,15,1,One owner,Deckhand,2,Less than 5,Referred by a friend,Very difficult,10,More than 7 days,18,18 hours or more,7,6 or more members,Hired Captain,Mate,Other,1,Share system,Share,55,45,Yes,Yes,No,Yes,Yes,No,No,Satisfied,4,Neutral,3,Satisfied,4,Dissatisfied,2,Satisfied,4,Satisfied,4,Very Satisfied,5,Very Satisfied,5,Very Satisfied,5,Yes,Yes,Strongly Agree,Strongly Disagree,Yes,Neutral,Neutral,Strongly Disagree,41.6376,-70.903603,2719,1,11,10,15,0.05582865
2019,2018-19,Complete,"Fairhaven, MA","Fairhaven, MA","Fairhaven, MA",Scallop,Scallop,Other,Other,Scallop,45 to 54,51,HS or equivalent,HS or equivalent,White,White,No,"$120,000 or more","$120,000 or more",Private insurance,Insured,Divorced,Other/Single,U.S.,English,Yes,4,4th gen or greater,30,30 or more,30,2,Two owners,Deckhand,12,5 to 15,Related to owner,Easy,10,More than 7 days,16,15 to 17 hours,7,6 or more members,Hired Captain,Captain,Captain,0,Share system,Share,44,56,Yes,Yes,No,Yes,No,No,No,Satisfied,4,Neutral,3,Satisfied,4,Satisfied,4,Neutral,3,Neutral,3,Satisfied,4,Dissatisfied,2,Very Dissatisfied,1,Don't know,No,Strongly Agree,Agree,Yes,Neutral,Neutral,Agree,41.6376,-70.903603,2719,1,11,10,7,0.05582865
2019,2018-19,Complete,"New Bedford, MA","Fairhaven, MA","New Gloucester, ME",Scallop,Scallop,Other,Other,Scallop,35 to 44,37,HS or equivalent,HS or equivalent,White,White,No,"$120,000 or more","$120,000 or more",Other,Insured,Never Married,Other/Single,U.S.,English,No,1,1st gen,13,5 to 15,13,1,One owner,Deckhand,7,5 to 15,Referred by a friend,Easy,10,More than 7 days,16,15 to 17 hours,7,6 or more members,Owner-operated,Deckhand,Deckhand,1,Share system,Share,44,56,Yes,Yes,No,Yes,No,No,No,Satisfied,4,Satisfied,4,Satisfied,4,Dissatisfied,2,Neutral,3,Satisfied,4,Very Satisfied,5,Very Satisfied,5,Satisfied,4,Yes,Yes,Disagree,Strongly Agree,No,Neutral,Disagree,Neutral,41.6376,-70.903603,2719,1,12,9,14,0.05582865
2019,2018-19,Complete,"Hampton, VA","Hampton, VA",Multiple Ports,Scallop,Scallop,Other,Other,Scallop,45 to 54,51,Less than HS,Less than HS,White,White,No,"$50,000 - $59,999","$30,000 - $59,999",Not insured,Not insured,Married,Married,U.S.,English,No,4,4th gen or greater,36,30 or more,36,2,Two owners,Deckhand,0,Less than 5,Referred by a friend,Very easy,11,More than 7 days,18,18 hours or more,7,6 or more members,Hired Captain,Deckhand,Deckhand,1,Share system,Share,50,50,Yes,Yes,No,Yes,Yes,No,No,Satisfied,4,Very Dissatisfied,1,Satisfied,4,Very Dissatisfied,1,Satisfied,4,Satisfied,4,Satisfied,4,Satisfied,4,Very Dissatisfied,1,No,Yes,Strongly Disagree,Strongly Agree,No,Strongly Agree,Agree,Agree,37.0299,-76.3452,23503,1,9,9,9,-0.19864459
2019,2018-19,Complete,"Hampton, VA","Hampton, VA","Hampton, VA",Scallop,Scallop,Other,Other,Scallop,25 to 34,27,HS or equivalent,HS or equivalent,White,White,No,"$120,000 or more","$120,000 or more",Not insured,Not insured,Divorced,Other/Single,U.S.,English,Yes,5,4th gen or greater,7,5 to 15,7,4,Four or more,Deckhand,6,5 to 15,Referred by a friend,Very easy,9,More than 7 days,18,18 hours or more,4,3 to 5 members,Owner-operated,Multiple Positions,Multiple Positions,1,Share system,Share,55,45,Yes,Yes,No,Yes,No,No,No,Satisfied,4,Satisfied,4,Very Satisfied,5,Neutral,3,Satisfied,4,Satisfied,4,Very Satisfied,5,Very Satisfied,5,Very Satisfied,5,Yes,Yes,Strongly Disagree,Agree,Yes,Strongly Agree,Strongly Disagree,Strongly Agree,37.0299,-76.3452,23503,1,13,11,15,-0.19864459
2019,2018-19,Complete,"New Bedford, MA","Hyannis, MA","Hyannis, MA",Scallop,Scallop,Other,Other,Scallop,45 to 54,47,HS or equivalent,HS or equivalent,Some other race,Non-White,No,"$100,000 - $119,999","$90,000 - $119,999",Private insurance,Insured,Never Married,Other/Single,U.S.,English,Yes,4,4th gen or greater,18,16 to 29,18,1,One owner,Deckhand,3,Less than 5,Other,Very easy,1,1 day,8,8 hours or less,3,3 to 5 members,Owner-operated,Deckhand,Deckhand,1,Share system,Share,60,40,Yes,Yes,No,Yes,No,No,No,Satisfied,4,Satisfied,4,Neutral,3,Dissatisfied,2,Satisfied,4,Satisfied,4,Very Satisfied,5,Very Satisfied,5,Neutral,3,Yes,Yes,Strongly Disagree,Strongly Disagree,Yes,Strongly Disagree,Agree,Disagree,41.6525,-70.288101,2601,1,11,10,13,0.3224192
2019,2018-19,Complete,"Portland, ME","Hyannis, MA","Hyannis, MA",Scallop,Scallop,Other,Other,Scallop,35 to 44,41,HS or equivalent,HS or equivalent,White,White,No,"$100,000 - $119,999","$90,000 - $119,999",Fed or state insurance,Insured,Divorced,Other/Single,U.S.,English,Yes,1,1st gen,35,30 or more,35,3,Three owners,Deckhand,0,Less than 5,Word of mouth,Easy,1,1 day,20,18 hours or more,3,3 to 5 members,Hired Captain,Captain,Captain,0,Share system,Share,50,50,Yes,Yes,Yes,Yes,Yes,No,Yes,Very Satisfied,5,Satisfied,4,Satisfied,4,Dissatisfied,2,Dissatisfied,2,Satisfied,4,Very Satisfied,5,Very Satisfied,5,Dissatisfied,2,Yes,Yes,Strongly Disagree,Strongly Disagree,Yes,Agree,Strongly Agree,Disagree,41.6525,-70.288101,2601,1,13,8,12,0.3224192
2019,2018-19,Complete,"Montauk, NY","Montauk, NY","Montauk, NY",Scallop,Scallop,Other,Other,Scallop,35 to 44,36,HS or equivalent,HS or equivalent,White,White,No,"$40,000 - $49,999","$30,000 - $59,999",Fed or state insurance,Insured,Divorced,Other/Single,U.S.,English,No,2,2nd gen,3,Less than 5,3,2,Two owners,Deckhand,1,Less than 5,Word of mouth,Neither easy nor difficult,1,1 day,18,18 hours or more,4,3 to 5 members,Owner-operated,Deckhand,Deckhand,1,Share system,Share,,,No,No,No,No,No,No,No,Very Satisfied,5,Satisfied,4,Very Satisfied,5,Satisfied,4,Satisfied,4,Very Satisfied,5,Very Satisfied,5,Neutral,3,Satisfied,4,Yes,Yes,Disagree,Disagree,No,Agree,Strongly Disagree,Agree,41.0359,-71.954498,11954,2,14,13,12,0.35286254
2019,2018-19,Complete,"Montauk, NY","Montauk, NY","Montauk, NY",Scallop,Scallop,Other,Other,Scallop,45 to 54,46,HS or equivalent,HS or equivalent,White,White,No,"$60,000 - $69,999","$60,000 - $89,999",Fed or state insurance,Insured,Married,Married,U.S.,English,No,1,1st gen,28,16 to 29,28,1,One owner,Deckhand,0,Less than 5,Word of mouth,Easy,1,1 day,18,18 hours or more,3,3 to 5 members,Owner-operated,Mate,Other,1,Share system,Share,50,50,Yes,Yes,No,Yes,Yes,No,No,Dissatisfied,2,Dissatisfied,2,Very Satisfied,5,Very Satisfied,5,Very Satisfied,5,Very Satisfied,5,Very Satisfied,5,Very Satisfied,5,Very Dissatisfied,1,No,Yes,Disagree,Strongly Disagree,Yes,Agree,Disagree,Disagree,41.0359,-71.954498,11954,2,9,15,11,0.35286254
2019,2018-19,Complete,"Newport News, VA",Multiple Ports,"New Gloucester, ME",Scallop,Scallop,Other,Other,Scallop,55 or older,56,Less than HS,Less than HS,White,White,No,"$60,000 - $69,999","$60,000 - $89,999",Not insured,Not insured,Living with partner,Other/Single,U.S.,English,No,1,1st gen,36,30 or more,36,2,Two owners,Deckhand,1,Less than 5,Word of mouth,Difficult,10,More than 7 days,18,18 hours or more,7,6 or more members,Hired Captain,Deckhand,Deckhand,1,Share system,Share,45,55,Yes,Yes,No,Yes,No,No,No,Neutral,3,Neutral,3,Satisfied,4,Dissatisfied,2,Satisfied,4,Satisfied,4,Satisfied,4,Satisfied,4,Satisfied,4,Don't know,Don't know,Strongly Disagree,Disagree,No,Agree,Agree,Agree,41.6362,-70.934196,2740,1,10,10,12,0.13545999
2019,2018-19,Complete,"New Bedford, MA",Multiple Ports,Multiple Ports,Scallop,Scallop,Other,Other,Scallop,55 or older,61,HS or equivalent,HS or equivalent,White,White,No,"$120,000 or more","$120,000 or more",Not insured,Not insured,Married,Married,U.S.,English & Spanish,Yes,3,3rd gen,22,16 to 29,22,1,One owner,Deckhand,14,5 to 15,Other,Easy,8,More than 7 days,19,18 hours or more,7,6 or more members,Hired Captain,Captain,Captain,0,Share system,Share,40,60,Yes,Yes,No,Yes,No,No,No,Neutral,3,Satisfied,4,Satisfied,4,Neutral,3,Satisfied,4,Satisfied,4,Very Satisfied,5,Very Satisfied,5,Very Satisfied,5,No,Yes,Disagree,Disagree,Yes,Agree,Neutral,Strongly Disagree,41.6362,-70.934196,2740,1,11,11,15,0.13545999
2019,2018-19,Complete,"Cape May, NJ",Multiple Ports,"Cape May, NJ",Scallop,Scallop,Other,Other,Scallop,35 to 44,37,HS or equivalent,HS or equivalent,White,White,No,"$120,000 or more","$120,000 or more",Private insurance,Insured,Married,Married,U.S.,English,No,1,1st gen,16,16 to 29,16,2,Two owners,Deckhand,9,5 to 15,Other,Easy,10,More than 7 days,16,15 to 17 hours,7,6 or more members,Hired Captain,Deckhand,Deckhand,1,Share system,Share,,,Yes,No,No,Yes,No,No,No,Satisfied,4,Satisfied,4,Satisfied,4,Neutral,3,Satisfied,4,Neutral,3,Neutral,3,Satisfied,4,Dissatisfied,2,Don't know,Yes,Disagree,Disagree,No,Agree,Strongly Agree,Agree,38.935101,-74.905998,8204,1,12,10,9,-0.005133186
2019,2018-19,Complete,"Engelhard, NC",Multiple Ports,"Engelhard, NC",Scallop,Scallop,Other,Other,Scallop,25 to 34,30,Less than HS,Less than HS,DK/NA,Non-White,No,,,Not insured,Not insured,Married,Married,U.S.,English,No,2,2nd gen,15,5 to 15,15,1,One owner,Deckhand,7,5 to 15,Other,Easy,7,5 to 7 days,18,18 hours or more,4,3 to 5 members,Hired Captain,Deckhand,Deckhand,1,Share system,Share,,,Yes,Yes,No,Yes,No,No,No,Satisfied,4,Neutral,3,Satisfied,4,Neutral,3,Neutral,3,Very Satisfied,5,Very Satisfied,5,Very Satisfied,5,Very Satisfied,5,Don't know,Yes,Strongly Disagree,Neutral,No,Strongly Agree,Agree,Agree,35.509701,-75.996101,27824,10,11,11,15,0.07452397
2019,2018-19,Complete,"Newport News, VA",Multiple Ports,"New Gloucester, ME",Scallop,Scallop,Other,Other,Scallop,55 or older,57,Less than HS,Less than HS,White,White,No,"$120,000 or more","$120,000 or more",Private insurance,Insured,Married,Married,U.S.,English,Yes,2,2nd gen,39,30 or more,39,1,One owner,Deckhand,16,16 to 29,Previous work,Very easy,8,More than 7 days,20,18 hours or more,7,6 or more members,Hired Captain,Captain,Captain,0,Share system,Share,45,55,Yes,Yes,No,Yes,No,No,No,Satisfied,4,Dissatisfied,2,Satisfied,4,Satisfied,4,Satisfied,4,Neutral,3,Very Satisfied,5,Very Satisfied,5,Satisfied,4,Yes,Yes,Disagree,Strongly Disagree,No,Neutral,Neutral,Strongly Agree,41.6362,-70.934196,2740,1,10,11,14,0.13545999
2019,2018-19,Complete,"New Bedford, MA","New Bedford, MA","New Gloucester, ME",Scallop,Scallop,Other,Other,Scallop,45 to 54,45,HS or equivalent,HS or equivalent,White,White,No,"$120,000 or more","$120,000 or more",Spouse/partner,Insured,Married,Married,Outside U.S.,English,Yes,4,4th gen or greater,28,16 to 29,28,4,Four or more,Engine Mechanic,0,Less than 5,Word of mouth,Easy,7,5 to 7 days,16,15 to 17 hours,8,6 or more members,Hired Captain,Deckhand,Deckhand,1,Share system,Share,50,50,Yes,Yes,Yes,No,No,No,No,Neutral,3,Neutral,3,Neutral,3,Neutral,3,Neutral,3,Neutral,3,Neutral,3,Neutral,3,Neutral,3,No,No,Agree,Agree,No,Neutral,Neutral,Agree,41.6362,-70.934196,2740,1,9,9,9,0.13545999
2019,2018-19,Complete,"New Bedford, MA","New Bedford, MA","New Gloucester, ME",Scallop,Scallop,Other,Other,Scallop,25 to 34,32,HS or equivalent,HS or equivalent,White,White,Yes,"$100,000 - $119,999","$90,000 - $119,999",Not insured,Not insured,Living with partner,Other/Single,U.S.,English,Yes,2,2nd gen,14,5 to 15,14,2,Two owners,Deckhand,13,5 to 15,Related to non-owner,Easy,10,More than 7 days,10,9 to 14 hours,7,6 or more members,Hired Captain,Deckhand,Deckhand,1,Share system,Share,50,50,Yes,Yes,No,Yes,Yes,Yes,No,Very Satisfied,5,Neutral,3,Satisfied,4,Satisfied,4,Dissatisfied,2,Neutral,3,Satisfied,4,Satisfied,4,Satisfied,4,Yes,Yes,Strongly Disagree,Agree,Yes,Strongly Agree,Agree,Strongly Agree,41.6362,-70.934196,2740,1,12,9,12,0.13545999
2019,2018-19,Complete,"Cape May, NJ","New Bedford, MA","New Gloucester, ME",Scallop,Scallop,Other,Other,Scallop,35 to 44,41,Less than HS,Less than HS,White,White,No,"$120,000 or more","$120,000 or more",Not insured,Not insured,Living with partner,Other/Single,U.S.,English,No,1,1st gen,19,16 to 29,19,4,Four or more,Deckhand,2,Less than 5,Related to non-owner,Easy,8,More than 7 days,18,18 hours or more,5,3 to 5 members,Owner-operated,Mate,Other,1,Share system,Share,50,50,Yes,Yes,No,Yes,No,No,No,Satisfied,4,Satisfied,4,Neutral,3,Dissatisfied,2,Neutral,3,Satisfied,4,Satisfied,4,Satisfied,4,Very Dissatisfied,1,Yes,Yes,Disagree,Disagree,No,Agree,Disagree,Agree,41.6362,-70.934196,2740,1,11,9,9,0.13545999
2019,2018-19,Complete,"New Bedford, MA","New Bedford, MA","New Gloucester, ME",Scallop,Scallop,Other,Other,Scallop,25 to 34,28,Associate's/two-year degree,Associate's/two-year degree,White,White,No,"$50,000 - $59,999","$30,000 - $59,999",Not insured,Not insured,Never Married,Other/Single,U.S.,English,Yes,5,4th gen or greater,3,Less than 5,3,3,Three owners,Deckhand,3,Less than 5,Related to owner,Easy,11,More than 7 days,16,15 to 17 hours,6,6 or more members,Owner-operated,Deckhand,Deckhand,1,Share system,Share,50,50,Yes,Yes,No,Yes,Yes,Yes,No,Neutral,3,Satisfied,4,Dissatisfied,2,Very Dissatisfied,1,Neutral,3,Neutral,3,Very Satisfied,5,Neutral,3,Satisfied,4,Yes,Yes,Agree,Strongly Agree,No,Neutral,Agree,Disagree,41.6362,-70.934196,2740,1,9,7,12,0.13545999
2019,2018-19,Complete,"New Bedford, MA","New Bedford, MA","New Gloucester, ME",Scallop,Scallop,Other,Other,Scallop,25 to 34,29,HS or equivalent,HS or equivalent,White,White,No,"$120,000 or more","$120,000 or more",Not insured,Not insured,Living with partner,Other/Single,U.S.,English,Yes,2,2nd gen,7,5 to 15,7,1,One owner,Deckhand,7,5 to 15,Related to non-owner,Neither easy nor difficult,9,More than 7 days,16,15 to 17 hours,7,6 or more members,Hired Captain,Deckhand,Deckhand,1,Share system,Share,48,52,Yes,No,No,No,No,No,No,Satisfied,4,Neutral,3,Satisfied,4,Dissatisfied,2,Neutral,3,Neutral,3,Neutral,3,Neutral,3,Neutral,3,Don't know,No,Neutral,Neutral,No,Agree,Agree,Neutral,41.6362,-70.934196,2740,1,11,8,9,0.13545999
2019,2018-19,Complete,"New Bedford, MA","New Bedford, MA","New Gloucester, ME",Scallop,Scallop,Other,Other,Scallop,55 or older,61,DK/NA,,White,White,No,,,Private insurance,Insured,DK/NA,Other/Single,U.S.,English,Yes,1,1st gen,20,16 to 29,20,1,One owner,Deckhand,7,5 to 15,Word of mouth,Easy,,More than 7 days,12,9 to 14 hours,,No answer/Incomplete,Hired Captain,Mate,Other,1,Share system,Share,48,52,Yes,Yes,No,Yes,No,No,No,Satisfied,4,Neutral,3,Satisfied,4,Dissatisfied,2,Neutral,3,Neutral,3,Neutral,3,Neutral,3,Neutral,3,No,Yes,Strongly Disagree,Strongly Disagree,Yes,Agree,Neutral,Agree,41.6362,-70.934196,2740,1,11,8,9,0.13545999
2019,2018-19,Complete,"New Bedford, MA","New Bedford, MA","New Gloucester, ME",Scallop,Scallop,Other,Other,Scallop,25 to 34,27,Bachelor's/four year degree,Bachelor's/four year degree,Multiracial,Non-White,No,"$120,000 or more","$120,000 or more",Private insurance,Insured,Never Married,Other/Single,U.S.,English,No,1,1st gen,4,Less than 5,4,2,Two owners,Deckhand,2,Less than 5,Word of mouth,Easy,9,More than 7 days,18,18 hours or more,7,6 or more members,Owner-operated,Deckhand,Deckhand,1,Share system,Share,50,50,Yes,Yes,No,Yes,Yes,Yes,No,Satisfied,4,Satisfied,4,Satisfied,4,Dissatisfied,2,Neutral,3,Dissatisfied,2,Satisfied,4,Satisfied,4,Dissatisfied,2,Don't know,Yes,Agree,Strongly Agree,Yes,Agree,Disagree,Strongly Agree,41.6362,-70.934196,2740,1,12,7,10,0.13545999
2019,2018-19,Complete,"New Bedford, MA","New Bedford, MA","New Gloucester, ME",Scallop,Scallop,Other,Other,Scallop,25 to 34,26,HS or equivalent,HS or equivalent,White,White,No,"$120,000 or more","$120,000 or more",Spouse/partner,Insured,Married,Married,U.S.,English,Yes,3,3rd gen,16,16 to 29,16,2,Two owners,Deckhand,2,Less than 5,Referred by a friend,Difficult,9,More than 7 days,18,18 hours or more,7,6 or more members,Hired Captain,Captain,Captain,0,Share system,Share,46,54,Yes,Yes,No,Yes,No,No,No,Very Satisfied,5,Satisfied,4,Satisfied,4,Neutral,3,Neutral,3,Satisfied,4,Very Satisfied,5,Very Satisfied,5,Very Satisfied,5,Yes,Yes,Strongly Disagree,Strongly Disagree,No,Neutral,Agree,Neutral,41.6362,-70.934196,2740,1,13,10,15,0.13545999
2019,2018-19,Complete,"New Bedford, MA","New Bedford, MA","New Gloucester, ME",Scallop,Scallop,Other,Other,Scallop,25 to 34,31,Associate's/two-year degree,Associate's/two-year degree,White,White,No,"$120,000 or more","$120,000 or more",Private insurance,Insured,Married,Married,U.S.,English,Yes,3,3rd gen,11,5 to 15,11,1,One owner,Deckhand,11,5 to 15,Referred by a friend,Very difficult,10,More than 7 days,20,18 hours or more,7,6 or more members,Hired Captain,Multiple Positions,Multiple Positions,1,Share system,Share,48,52,Yes,Yes,No,Yes,Yes,No,No,Satisfied,4,Satisfied,4,Satisfied,4,Neutral,3,Neutral,3,Neutral,3,Neutral,3,Neutral,3,Satisfied,4,Don't know,Don't know,Strongly Disagree,Disagree,No,Disagree,Agree,Disagree,41.6362,-70.934196,2740,1,12,9,10,0.13545999
2019,2018-19,Complete,"New Bedford, MA","New Bedford, MA","New Gloucester, ME",Scallop,Scallop,Other,Other,Scallop,45 to 54,48,DK/NA,,Asian,Non-White,No,"$120,000 or more","$120,000 or more",Other,Insured,Married,Married,Outside U.S.,Other,No,2,2nd gen,25,16 to 29,25,2,Two owners,Deckhand,1,Less than 5,Word of mouth,Easy,6,5 to 7 days,16,15 to 17 hours,7,6 or more members,Hired Captain,Deckhand,Deckhand,1,Share system,Share,50,50,Yes,Yes,No,Yes,No,No,No,Satisfied,4,Satisfied,4,Satisfied,4,Dissatisfied,2,Satisfied,4,Satisfied,4,Neutral,3,Dissatisfied,2,Neutral,3,No,Yes,Agree,Neutral,No,Agree,Agree,Neutral,41.6362,-70.934196,2740,1,12,10,8,0.13545999
2019,2018-19,Complete,"New Bedford, MA","New Bedford, MA","New Gloucester, ME",Scallop,Scallop,Other,Other,Scallop,35 to 44,42,HS or equivalent,HS or equivalent,White,White,No,"$120,000 or more","$120,000 or more",Spouse/partner,Insured,Married,Married,U.S.,English & Portuguese,Yes,3,3rd gen,13,5 to 15,13,4,Four or more,Deckhand,3,Less than 5,Word of mouth,Neither easy nor difficult,8,More than 7 days,18,18 hours or more,7,6 or more members,Hired Captain,Deckhand,Deckhand,1,Share system,Share,,,Yes,Yes,No,Yes,Yes,No,No,Satisfied,4,Satisfied,4,Satisfied,4,Dissatisfied,2,Dissatisfied,2,Dissatisfied,2,Dissatisfied,2,Neutral,3,Very Dissatisfied,1,Don't know,No,Agree,Strongly Agree,No,Neutral,Agree,Disagree,41.6362,-70.934196,2740,1,12,6,6,0.13545999
2019,2018-19,Complete,"New Bedford, MA","New Bedford, MA","New Gloucester, ME",Scallop,Scallop,Other,Other,Scallop,45 to 54,48,Less than HS,Less than HS,White,White,No,,,Not insured,Not insured,Divorced,Other/Single,U.S.,English,No,1,1st gen,32,30 or more,32,1,One owner,Deckhand,0,Less than 5,Referred by a friend,Easy,12,More than 7 days,18,18 hours or more,7,6 or more members,Hired Captain,Deckhand,Deckhand,1,Share system,Share,,,Yes,Yes,No,Yes,Yes,No,No,Neutral,3,Satisfied,4,Satisfied,4,Neutral,3,Dissatisfied,2,Satisfied,4,Very Satisfied,5,Very Satisfied,5,Satisfied,4,Yes,Yes,Strongly Disagree,Strongly Disagree,Yes,Disagree,Agree,Strongly Agree,41.6362,-70.934196,2740,1,11,9,14,0.13545999
2019,2018-19,Complete,"New Bedford, MA","New Bedford, MA","New Gloucester, ME",Scallop,Scallop,Other,Other,Scallop,25 to 34,29,HS or equivalent,HS or equivalent,White,White,No,"$120,000 or more","$120,000 or more",Spouse/partner,Insured,Married,Married,U.S.,English,Yes,4,4th gen or greater,12,5 to 15,12,2,Two owners,Deckhand,0,Less than 5,Referred by a friend,Very easy,12,More than 7 days,18,18 hours or more,6,6 or more members,Hired Captain,Mate,Other,1,Share system,Share,,,Yes,Yes,No,Yes,Yes,No,No,Satisfied,4,Satisfied,4,Satisfied,4,Dissatisfied,2,Satisfied,4,Neutral,3,Satisfied,4,Satisfied,4,Satisfied,4,Yes,Yes,Strongly Disagree,Disagree,Yes,Agree,Neutral,Neutral,41.6362,-70.934196,2740,1,12,9,12,0.13545999
2019,2018-19,Complete,"New Bedford, MA","New Bedford, MA","New Gloucester, ME",Scallop,Scallop,Other,Other,Scallop,35 to 44,44,Less than HS,Less than HS,Some other race,Non-White,Yes,"$120,000 or more","$120,000 or more",Not insured,Not insured,Married,Married,Outside U.S.,Spanish,Yes,2,2nd gen,23,16 to 29,23,1,One owner,Deckhand,5,5 to 15,Word of mouth,Very easy,11,More than 7 days,20,18 hours or more,7,6 or more members,Hired Captain,Deckhand,Deckhand,1,Share system,Share,48,52,Yes,Yes,No,Yes,Yes,No,No,Very Satisfied,5,Very Satisfied,5,Very Satisfied,5,Neutral,3,Satisfied,4,Very Satisfied,5,Very Satisfied,5,Neutral,3,Neutral,3,Yes,Yes,Strongly Agree,Agree,No,Neutral,Neutral,Neutral,41.6362,-70.934196,2740,1,15,12,11,0.13545999
2019,2018-19,Complete,"New Bedford, MA","New Bedford, MA","New Gloucester, ME",Scallop,Scallop,Other,Other,Scallop,55 or older,61,Bachelor's/four year degree,Bachelor's/four year degree,White,White,No,"$70,000 - $79,999","$60,000 - $89,999",Fed or state insurance,Insured,Never Married,Other/Single,U.S.,English,Yes,3,3rd gen,39,30 or more,39,2,Two owners,Deckhand,0,Less than 5,Referred by a friend,Easy,7,5 to 7 days,16,15 to 17 hours,7,6 or more members,Hired Captain,Deckhand,Deckhand,1,Share system,Share,50,50,Yes,Yes,No,Yes,No,No,No,Satisfied,4,Satisfied,4,Satisfied,4,Satisfied,4,Satisfied,4,Satisfied,4,Very Satisfied,5,Very Satisfied,5,Satisfied,4,Yes,Yes,Agree,Agree,Yes,Agree,Neutral,Neutral,41.6362,-70.934196,2740,1,12,12,14,0.13545999
2019,2018-19,Complete,"New Bedford, MA","New Bedford, MA","New Gloucester, ME",Scallop,Scallop,Other,Other,Scallop,45 to 54,54,HS or equivalent,HS or equivalent,White,White,No,"$120,000 or more","$120,000 or more",Private insurance,Insured,Married,Married,U.S.,English,No,1,1st gen,30,30 or more,30,1,One owner,Deckhand,1,Less than 5,Word of mouth,Easy,8,More than 7 days,16,15 to 17 hours,7,6 or more members,Hired Captain,Deckhand,Deckhand,1,Share system,Share,48,52,Yes,Yes,No,Yes,No,No,No,Dissatisfied,2,Neutral,3,Satisfied,4,Dissatisfied,2,Dissatisfied,2,Dissatisfied,2,Neutral,3,Neutral,3,Neutral,3,No,Yes,Strongly Disagree,Strongly Disagree,No,Agree,Neutral,Agree,41.6362,-70.934196,2740,1,9,6,9,0.13545999
2019,2018-19,Complete,"New Bedford, MA","New Bedford, MA","New Gloucester, ME",Scallop,Scallop,Other,Other,Scallop,55 or older,69,HS or equivalent,HS or equivalent,White,White,No,"$60,000 - $69,999","$60,000 - $89,999",Fed or state insurance,Insured,Married,Married,U.S.,English,Yes,3,3rd gen,50,30 or more,50,2,Two owners,Deckhand,0,Less than 5,Referred by a friend,Very easy,10,More than 7 days,12,9 to 14 hours,2,1 to 2 members,Owner-operated,Deckhand,Deckhand,1,Share system,Share,50,50,Yes,No,No,Yes,No,No,No,Very Satisfied,5,Satisfied,4,Very Satisfied,5,Satisfied,4,Satisfied,4,Satisfied,4,Very Satisfied,5,Satisfied,4,Satisfied,4,Yes,Yes,Disagree,Strongly Disagree,No,Agree,Neutral,Strongly Agree,41.6362,-70.934196,2740,1,14,12,13,0.13545999
2019,2018-19,Complete,"New Bedford, MA","New Bedford, MA","New Gloucester, ME",Scallop,Scallop,Other,Other,Scallop,25 to 34,31,HS or equivalent,HS or equivalent,White,White,No,"$120,000 or more","$120,000 or more",Private insurance,Insured,Married,Married,U.S.,English,No,3,3rd gen,16,16 to 29,16,2,Two owners,Deckhand,12,5 to 15,Related to owner,Easy,7,5 to 7 days,18,18 hours or more,7,6 or more members,Hired Captain,Captain,Captain,0,Share system,Share,49,51,Yes,Yes,No,Yes,Yes,No,No,Satisfied,4,Satisfied,4,Satisfied,4,Satisfied,4,Satisfied,4,Satisfied,4,Very Satisfied,5,Satisfied,4,Very Satisfied,5,Yes,Yes,Strongly Disagree,Strongly Disagree,Yes,Agree,Neutral,Neutral,41.6362,-70.934196,2740,1,12,12,14,0.13545999
2019,2018-19,Complete,"New Bedford, MA","New Bedford, MA","New Gloucester, ME",Scallop,Scallop,Other,Other,Scallop,55 or older,59,DK/NA,,White,White,No,"$120,000 or more","$120,000 or more",Private insurance,Insured,Married,Married,Outside U.S.,English & Portuguese,Yes,3,3rd gen,39,30 or more,39,7,Four or more,Deckhand,5,5 to 15,Word of mouth,Easy,6,5 to 7 days,16,15 to 17 hours,7,6 or more members,Hired Captain,Captain,Captain,0,Share system,Share,50,50,Yes,Yes,No,Yes,No,No,No,Satisfied,4,Satisfied,4,Satisfied,4,Dissatisfied,2,Dissatisfied,2,Dissatisfied,2,Satisfied,4,Satisfied,4,Satisfied,4,Yes,Don't know,Agree,Agree,No,Agree,Agree,Neutral,41.6362,-70.934196,2740,1,12,6,12,0.13545999
2019,2018-19,Complete,"Newport News, VA","New Bedford, MA","New Gloucester, ME",Scallop,Scallop,Other,Other,Scallop,45 to 54,47,Less than HS,Less than HS,DK/NA,Non-White,Yes,"$120,000 or more","$120,000 or more",Not insured,Not insured,Married,Married,Outside U.S.,English & Spanish,Yes,2,2nd gen,29,16 to 29,29,1,One owner,Deckhand,15,5 to 15,Referred by a friend,Difficult,9,More than 7 days,17,15 to 17 hours,7,6 or more members,Hired Captain,Mate,Other,1,Share system,Share,45,55,Yes,Yes,No,Yes,Yes,No,No,Satisfied,4,Neutral,3,Satisfied,4,Neutral,3,Satisfied,4,Neutral,3,Neutral,3,Satisfied,4,Dissatisfied,2,Yes,Yes,Agree,Agree,No,Neutral,Agree,Neutral,41.6362,-70.934196,2740,1,11,10,9,0.13545999
2019,2018-19,Complete,"New Bedford, MA","New Bedford, MA","New Gloucester, ME",Scallop,Scallop,Other,Other,Scallop,25 to 34,31,HS or equivalent,HS or equivalent,DK/NA,Non-White,Yes,,,Not insured,Not insured,Married,Married,U.S.,English & Spanish,Yes,2,2nd gen,10,5 to 15,10,2,Two owners,Deckhand,1,Less than 5,Word of mouth,Easy,9,More than 7 days,19,18 hours or more,7,6 or more members,Hired Captain,Deckhand,Deckhand,1,Share system,Share,55,45,Yes,Yes,No,Yes,No,No,No,Satisfied,4,Satisfied,4,Satisfied,4,Satisfied,4,Neutral,3,Satisfied,4,Satisfied,4,Neutral,3,Satisfied,4,Yes,Don't know,Neutral,Agree,No,Disagree,Agree,Neutral,41.6362,-70.934196,2740,1,12,11,11,0.13545999
2019,2018-19,Complete,"New Bedford, MA","New Bedford, MA","New Gloucester, ME",Scallop,Scallop,Other,Other,Scallop,55 or older,57,HS or equivalent,HS or equivalent,White,White,No,"$120,000 or more","$120,000 or more",Fed or state insurance,Insured,Married,Married,U.S.,English,No,1,1st gen,41,30 or more,41,1,One owner,Deckhand,4,Less than 5,Word of mouth,Easy,7,5 to 7 days,16,15 to 17 hours,7,6 or more members,Hired Captain,Captain,Captain,0,Share system,Share,50,50,Yes,Yes,No,Yes,Yes,No,No,Satisfied,4,Dissatisfied,2,Satisfied,4,Neutral,3,Dissatisfied,2,Satisfied,4,Dissatisfied,2,Neutral,3,Satisfied,4,No,Don't know,Strongly Disagree,Agree,Yes,Agree,Neutral,Disagree,41.6362,-70.934196,2740,1,10,9,9,0.13545999
2019,2018-19,Complete,"New Bedford, MA","New Bedford, MA","New Gloucester, ME",Scallop,Scallop,Other,Other,Scallop,55 or older,58,Less than HS,Less than HS,White,White,No,,,Not insured,Not insured,Divorced,Other/Single,U.S.,English,Yes,3,3rd gen,38,30 or more,38,1,One owner,Deckhand,13,5 to 15,Word of mouth,Easy,10,More than 7 days,18,18 hours or more,6,6 or more members,Owner-operated,Multiple Positions,Multiple Positions,1,Share system,Share,,,Yes,Yes,No,Yes,No,No,No,Satisfied,4,Satisfied,4,Very Satisfied,5,Satisfied,4,Satisfied,4,Satisfied,4,Neutral,3,Neutral,3,Neutral,3,Yes,Yes,Strongly Disagree,Disagree,No,Neutral,Neutral,Neutral,41.6362,-70.934196,2740,1,13,12,9,0.13545999
2019,2018-19,Complete,"Portland, ME","New Bedford, MA","Hyannis, MA",Scallop,Scallop,Other,Other,Scallop,25 to 34,28,HS or equivalent,HS or equivalent,White,White,No,"$40,000 - $49,999","$30,000 - $59,999",Private insurance,Insured,Separated,Other/Single,U.S.,English,No,1,1st gen,9,5 to 15,9,3,Three owners,Deckhand,0,Less than 5,Word of mouth,Neither easy nor difficult,1,1 day,17,15 to 17 hours,4,3 to 5 members,Owner-operated,Deckhand,Deckhand,1,Share system,Share,,,Yes,Yes,Yes,Yes,Yes,No,No,Dissatisfied,2,Dissatisfied,2,Satisfied,4,Dissatisfied,2,Neutral,3,Neutral,3,Satisfied,4,Satisfied,4,Satisfied,4,Yes,Yes,Disagree,Disagree,No,Agree,Disagree,Agree,41.6362,-70.934196,2740,1,8,8,12,0.13545999
2019,2018-19,Complete,"Cape May, NJ","New Bedford, MA","New Gloucester, ME",Scallop,Scallop,Other,Other,Scallop,45 to 54,47,HS or equivalent,HS or equivalent,White,White,No,,,Private insurance,Insured,Living with partner,Other/Single,U.S.,English,Yes,2,2nd gen,22,16 to 29,22,3,Three owners,Deckhand,0,Less than 5,Referred by a friend,Easy,8,More than 7 days,20,18 hours or more,5,3 to 5 members,Hired Captain,Mate,Other,1,Share system,Share,,,Yes,Yes,No,Yes,No,No,No,Very Satisfied,5,Very Satisfied,5,Satisfied,4,Dissatisfied,2,Dissatisfied,2,Neutral,3,Satisfied,4,Very Satisfied,5,Neutral,3,No,Yes,Strongly Disagree,Strongly Disagree,No,Agree,Disagree,Strongly Agree,41.6362,-70.934196,2740,1,14,7,12,0.13545999
2019,2018-19,Complete,"New Bedford, MA","New Bedford, MA","New Gloucester, ME",Scallop,Scallop,Other,Other,Scallop,55 or older,60,HS or equivalent,HS or equivalent,White,White,No,"$120,000 or more","$120,000 or more",Private insurance,Insured,Married,Married,U.S.,English,Yes,4,4th gen or greater,35,30 or more,35,3,Three owners,Deckhand,10,5 to 15,Word of mouth,Easy,10,More than 7 days,18,18 hours or more,7,6 or more members,Hired Captain,Deckhand,Deckhand,1,Share system,Share,,,Yes,Yes,No,Yes,No,No,No,Neutral,3,Satisfied,4,Very Satisfied,5,Dissatisfied,2,Satisfied,4,Satisfied,4,Satisfied,4,Satisfied,4,Neutral,3,Yes,No,Strongly Agree,Agree,No,Agree,Agree,Disagree,41.6362,-70.934196,2740,1,12,10,11,0.13545999
2019,2018-19,Complete,"New Bedford, MA","New Bedford, MA","New Gloucester, ME",Scallop,Scallop,Other,Other,Scallop,55 or older,57,HS or equivalent,HS or equivalent,White,White,No,"$120,000 or more","$120,000 or more",Spouse/partner,Insured,Married,Married,U.S.,English,No,1,1st gen,39,30 or more,39,1,One owner,Deckhand,12,5 to 15,Referred by a friend,Neither easy nor difficult,10,More than 7 days,18,18 hours or more,7,6 or more members,Hired Captain,Captain,Captain,0,Share system,Share,50,50,Yes,Yes,No,Yes,No,No,No,Neutral,3,Neutral,3,Dissatisfied,2,Neutral,3,Dissatisfied,2,Neutral,3,Dissatisfied,2,Neutral,3,Neutral,3,No,No,Strongly Disagree,Strongly Agree,Yes,Neutral,Neutral,Neutral,41.6362,-70.934196,2740,1,8,8,8,0.13545999
2019,2018-19,Complete,"New Bedford, MA","New Bedford, MA","New Gloucester, ME",Scallop,Scallop,Other,Other,Scallop,35 to 44,44,Bachelor's/four year degree,Bachelor's/four year degree,Some other race,Non-White,Yes,"$120,000 or more","$120,000 or more",Not insured,Not insured,Married,Married,Outside U.S.,Spanish,No,1,1st gen,27,16 to 29,27,1,One owner,Deckhand,5,5 to 15,Related to non-owner,Difficult,8,More than 7 days,12,9 to 14 hours,7,6 or more members,Hired Captain,Multiple Positions,Multiple Positions,1,Share system,Share,50,50,Yes,Yes,No,Yes,Yes,No,No,Very Satisfied,5,Dissatisfied,2,Satisfied,4,Satisfied,4,Dissatisfied,2,Satisfied,4,Satisfied,4,Satisfied,4,Dissatisfied,2,No,Yes,Agree,Agree,No,Disagree,Neutral,Agree,41.6362,-70.934196,2740,1,11,10,10,0.13545999
2019,2018-19,Complete,"New Bedford, MA","New Bedford, MA","New Gloucester, ME",Scallop,Scallop,Other,Other,Scallop,45 to 54,45,HS or equivalent,HS or equivalent,White,White,No,"$120,000 or more","$120,000 or more",Spouse/partner,Insured,Married,Married,Outside U.S.,English,Yes,3,3rd gen,30,30 or more,30,1,One owner,Cook,1,Less than 5,Related to non-owner,Easy,6,5 to 7 days,16,15 to 17 hours,8,6 or more members,Hired Captain,Mate,Other,1,Share system,Share,50,50,Yes,Yes,No,Yes,No,No,No,Satisfied,4,Neutral,3,Dissatisfied,2,Dissatisfied,2,Very Dissatisfied,1,Neutral,3,Satisfied,4,Satisfied,4,Satisfied,4,Yes,Yes,DK/NA,Strongly Disagree,No,Agree,Agree,Agree,41.6362,-70.934196,2740,1,9,6,12,0.13545999
2019,2018-19,Complete,"New Bedford, MA","New Bedford, MA","New Gloucester, ME",Scallop,Scallop,Other,Other,Scallop,35 to 44,38,DK/NA,,Asian,Non-White,No,"$120,000 or more","$120,000 or more",Not insured,Not insured,Separated,Other/Single,Outside U.S.,Other,No,1,1st gen,22,16 to 29,22,1,One owner,Deckhand,9,5 to 15,Word of mouth,Easy,6,5 to 7 days,16,15 to 17 hours,7,6 or more members,Hired Captain,Deckhand,Deckhand,1,Share system,Share,50,50,Yes,Yes,No,Yes,No,No,No,Satisfied,4,Satisfied,4,Neutral,3,Dissatisfied,2,Dissatisfied,2,Dissatisfied,2,Neutral,3,Neutral,3,Neutral,3,No,Yes,Agree,Neutral,No,Agree,Agree,Neutral,41.6362,-70.934196,2740,1,11,6,9,0.13545999
2019,2018-19,Complete,"New Bedford, MA","New Bedford, MA","New Gloucester, ME",Scallop,Scallop,Other,Other,Scallop,Under 25,23,HS or equivalent,HS or equivalent,White,White,No,"$50,000 - $59,999","$30,000 - $59,999",Spouse/partner,Insured,Never Married,Other/Single,U.S.,Portuguese,Yes,2,2nd gen,1,Less than 5,1,2,Two owners,Deckhand,0,Less than 5,Referred by a friend,Difficult,8,More than 7 days,18,18 hours or more,8,6 or more members,Hired Captain,Deckhand,Deckhand,1,Share system,Share,,,Yes,Yes,Yes,Yes,Yes,No,No,Neutral,3,Neutral,3,Neutral,3,Neutral,3,Neutral,3,Neutral,3,Neutral,3,Neutral,3,Neutral,3,Yes,Yes,Disagree,Disagree,No,Neutral,Neutral,Neutral,41.6362,-70.934196,2740,1,9,9,9,0.13545999
2019,2018-19,Complete,"New Bedford, MA","New Bedford, MA","New Gloucester, ME",Scallop,Scallop,Other,Other,Scallop,25 to 34,26,HS or equivalent,HS or equivalent,Some other race,Non-White,Yes,"$100,000 - $119,999","$90,000 - $119,999",Private insurance,Insured,Married,Married,Outside U.S.,English & Spanish,No,1,1st gen,2,Less than 5,2,1,One owner,Deckhand,1,Less than 5,Referred by a friend,Very difficult,7,5 to 7 days,11,9 to 14 hours,7,6 or more members,Hired Captain,Deckhand,Deckhand,1,Share system,Share,55,45,Yes,Yes,No,Yes,Yes,No,Yes,Satisfied,4,Dissatisfied,2,Neutral,3,Dissatisfied,2,Dissatisfied,2,Dissatisfied,2,Satisfied,4,Satisfied,4,Satisfied,4,No,Don't know,Agree,Agree,No,Neutral,Neutral,Neutral,41.6362,-70.934196,2740,1,9,6,12,0.13545999
2019,2018-19,Complete,"New Bedford, MA","New Bedford, MA","New Gloucester, ME",Scallop,Scallop,Other,Other,Scallop,55 or older,57,HS or equivalent,HS or equivalent,White,White,No,"$120,000 or more","$120,000 or more",Spouse/partner,Insured,Married,Married,U.S.,English,Yes,3,3rd gen,37,30 or more,37,2,Two owners,Deckhand,2,Less than 5,Referred by a friend,Difficult,7,5 to 7 days,15,15 to 17 hours,6,6 or more members,Hired Captain,Multiple Positions,Multiple Positions,1,Share system,Share,50,50,Yes,Yes,No,Yes,Yes,No,No,Satisfied,4,Satisfied,4,Satisfied,4,Neutral,3,Neutral,3,Neutral,3,Neutral,3,Dissatisfied,2,Satisfied,4,Yes,Yes,Neutral,Strongly Disagree,No,Disagree,Agree,Disagree,41.6362,-70.934196,2740,1,12,9,9,0.13545999
2019,2018-19,Complete,"Newport News, VA","New Bedford, MA","North Kingstown, RI",Scallop,Scallop,Other,Other,Scallop,55 or older,55,HS or equivalent,HS or equivalent,White,White,No,"$120,000 or more","$120,000 or more",Fed or state insurance,Insured,Never Married,Other/Single,U.S.,English,Yes,3,3rd gen,27,16 to 29,27,1,One owner,Deckhand,24,16 to 29,Word of mouth,Difficult,8,More than 7 days,8,8 hours or less,8,6 or more members,Hired Captain,Captain,Captain,0,Share system,Share,53,47,Yes,No,No,Yes,Yes,No,No,Satisfied,4,Satisfied,4,Satisfied,4,Dissatisfied,2,Satisfied,4,Satisfied,4,Very Satisfied,5,Very Satisfied,5,Very Satisfied,5,Yes,Yes,Strongly Disagree,Disagree,No,Disagree,Neutral,Disagree,41.6362,-70.934196,2740,1,12,10,15,0.13545999
2019,2018-19,Complete,"New Bedford, MA","New Bedford, MA","New Gloucester, ME",Scallop,Scallop,Other,Other,Scallop,25 to 34,27,Associate's/two-year degree,Associate's/two-year degree,White,White,Yes,"$120,000 or more","$120,000 or more",Not insured,Not insured,Never Married,Other/Single,U.S.,English & Portuguese,Yes,3,3rd gen,7,5 to 15,7,3,Three owners,Deckhand,7,5 to 15,Related to owner,Difficult,10,More than 7 days,16,15 to 17 hours,7,6 or more members,Hired Captain,Multiple Positions,Multiple Positions,1,Share system,Share,50,50,Yes,No,No,Yes,No,No,No,Satisfied,4,Dissatisfied,2,Satisfied,4,Very Dissatisfied,1,Very Dissatisfied,1,Very Dissatisfied,1,Very Satisfied,5,Satisfied,4,Satisfied,4,Yes,Yes,Strongly Disagree,Agree,Yes,Neutral,Agree,Disagree,41.6362,-70.934196,2740,1,10,3,13,0.13545999
2019,2018-19,Complete,"Newport News, VA","New Bedford, MA","New Gloucester, ME",Scallop,Scallop,Other,Other,Scallop,25 to 34,26,HS or equivalent,HS or equivalent,DK/NA,Non-White,Yes,"$70,000 - $79,999","$60,000 - $89,999",Not insured,Not insured,Never Married,Other/Single,U.S.,Spanish,Yes,2,2nd gen,3,Less than 5,3,1,One owner,Deckhand,2,Less than 5,Related to non-owner,Very easy,8,More than 7 days,18,18 hours or more,7,6 or more members,Hired Captain,Deckhand,Deckhand,1,Share system,Share,,,Yes,Yes,No,Yes,Yes,No,No,Satisfied,4,Satisfied,4,Neutral,3,Dissatisfied,2,Dissatisfied,2,Neutral,3,Neutral,3,Neutral,3,Satisfied,4,No,Don't know,Agree,Agree,No,Neutral,Agree,Neutral,41.6362,-70.934196,2740,1,11,7,10,0.13545999
2019,2018-19,Complete,"New Bedford, MA","New Bedford, MA","New Gloucester, ME",Scallop,Scallop,Other,Other,Scallop,55 or older,66,HS or equivalent,HS or equivalent,White,White,No,"$120,000 or more","$120,000 or more",Fed or state insurance,Insured,Married,Married,U.S.,English,Yes,4,4th gen or greater,47,30 or more,47,1,One owner,Cook,18,16 to 29,Previous work,Very easy,10,More than 7 days,18,18 hours or more,7,6 or more members,Hired Captain,Captain,Captain,0,Share system,Share,50,50,Yes,Yes,Yes,Yes,Yes,Yes,No,Satisfied,4,Satisfied,4,Satisfied,4,Satisfied,4,Satisfied,4,Satisfied,4,Very Satisfied,5,Very Satisfied,5,Very Satisfied,5,No,Yes,Strongly Disagree,Strongly Disagree,Yes,Neutral,Neutral,Agree,41.6362,-70.934196,2740,1,12,12,15,0.13545999
2019,2018-19,Complete,"New Bedford, MA","New Bedford, MA","New Gloucester, ME",Scallop,Scallop,Other,Other,Scallop,45 to 54,51,HS or equivalent,HS or equivalent,White,White,No,"$120,000 or more","$120,000 or more",Spouse/partner,Insured,Married,Married,Outside U.S.,English,Yes,2,2nd gen,20,16 to 29,20,2,Two owners,Deckhand,1,Less than 5,Word of mouth,Very easy,10,More than 7 days,16,15 to 17 hours,7,6 or more members,Hired Captain,Deckhand,Deckhand,1,Share system,Share,48,52,Yes,Yes,No,Yes,No,No,No,Satisfied,4,Neutral,3,Satisfied,4,Dissatisfied,2,Neutral,3,Neutral,3,Satisfied,4,Satisfied,4,Satisfied,4,No,Don't know,Agree,Disagree,No,Agree,Agree,Neutral,41.6362,-70.934196,2740,1,11,8,12,0.13545999
2019,2018-19,Complete,"Newport News, VA","New Bedford, MA","New Gloucester, ME",Scallop,Scallop,Other,Other,Scallop,Under 25,20,HS or equivalent,HS or equivalent,White,White,Yes,"$90,000 - $99,999","$90,000 - $119,999",Other,Insured,Never Married,Other/Single,U.S.,English,Yes,4,4th gen or greater,3,Less than 5,3,1,One owner,Deckhand,3,Less than 5,Related to owner,Very easy,8,More than 7 days,18,18 hours or more,7,6 or more members,Owner-operated,Mate,Other,1,Share system,Share,50,50,No,Yes,No,Yes,No,No,No,Satisfied,4,Satisfied,4,Neutral,3,Dissatisfied,2,Very Dissatisfied,1,Neutral,3,Very Satisfied,5,Satisfied,4,Very Satisfied,5,Yes,Yes,Disagree,Disagree,No,Neutral,Strongly Disagree,Agree,41.6362,-70.934196,2740,1,11,6,14,0.13545999
2019,2018-19,Complete,"New Bedford, MA","New Bedford, MA","New Gloucester, ME",Scallop,Scallop,Other,Other,Scallop,25 to 34,32,HS or equivalent,HS or equivalent,White,White,No,"$120,000 or more","$120,000 or more",Private insurance,Insured,Married,Married,U.S.,English,Yes,3,3rd gen,20,16 to 29,20,1,One owner,Deckhand,5,5 to 15,Word of mouth,Neither easy nor difficult,7,5 to 7 days,16,15 to 17 hours,7,6 or more members,Hired Captain,Deckhand,Deckhand,1,Share system,Share,51,49,Yes,Yes,No,Yes,No,No,No,Very Satisfied,5,Neutral,3,Neutral,3,Neutral,3,Neutral,3,Neutral,3,Neutral,3,Neutral,3,Satisfied,4,Don't know,Don't know,Disagree,Neutral,No,Neutral,Agree,Neutral,41.6362,-70.934196,2740,1,11,9,10,0.13545999
2019,2018-19,Complete,"New Bedford, MA","New Bedford, MA","Cape May, NJ",Scallop,Scallop,Other,Other,Scallop,25 to 34,28,HS or equivalent,HS or equivalent,White,White,No,"$120,000 or more","$120,000 or more",Not insured,Not insured,Never Married,Other/Single,U.S.,English,Yes,4,4th gen or greater,13,5 to 15,13,1,One owner,Deckhand,2,Less than 5,Referred by a friend,Very easy,12,More than 7 days,20,18 hours or more,5,3 to 5 members,Owner-operated,Mate,Other,1,Share system,Share,49,51,Yes,Yes,No,Yes,Yes,No,No,Satisfied,4,Satisfied,4,Neutral,3,Neutral,3,Dissatisfied,2,Neutral,3,Very Satisfied,5,Very Satisfied,5,Satisfied,4,Yes,Yes,Disagree,Disagree,Yes,Disagree,Strongly Agree,Disagree,41.6362,-70.934196,2740,1,11,8,14,0.13545999
2019,2018-19,Complete,"New Bedford, MA","New Bedford, MA","New Gloucester, ME",Scallop,Scallop,Other,Other,Scallop,25 to 34,27,Less than HS,Less than HS,Some other race,Non-White,Yes,"$120,000 or more","$120,000 or more",Not insured,Not insured,Married,Married,U.S.,Spanish,Yes,3,3rd gen,8,5 to 15,8,2,Two owners,Deckhand,1,Less than 5,Previous work,Easy,12,More than 7 days,18,18 hours or more,7,6 or more members,Owner-operated,Mate,Other,1,Share system,Share,55,45,Yes,Yes,No,Yes,Yes,No,Yes,Very Satisfied,5,Neutral,3,Very Dissatisfied,1,Very Dissatisfied,1,Very Dissatisfied,1,Very Dissatisfied,1,Satisfied,4,Satisfied,4,Satisfied,4,No,Don't know,Disagree,Agree,Yes,Agree,Disagree,Disagree,41.6362,-70.934196,2740,1,9,3,12,0.13545999
2019,2018-19,Complete,"New Bedford, MA","New Bedford, MA","New Gloucester, ME",Scallop,Scallop,Other,Other,Scallop,Under 25,23,HS or equivalent,HS or equivalent,White,White,No,"$100,000 - $119,999","$90,000 - $119,999",Spouse/partner,Insured,Never Married,Other/Single,U.S.,English,Yes,4,4th gen or greater,8,5 to 15,8,1,One owner,Deckhand,3,Less than 5,Word of mouth,Neither easy nor difficult,10,More than 7 days,14,9 to 14 hours,7,6 or more members,Hired Captain,Multiple Positions,Multiple Positions,1,Share system,Share,,,No,No,No,No,No,No,No,Neutral,3,Neutral,3,Neutral,3,Neutral,3,Neutral,3,Neutral,3,Neutral,3,Neutral,3,Neutral,3,Don't know,No,Neutral,Neutral,No,Neutral,Neutral,Neutral,41.6362,-70.934196,2740,1,9,9,9,0.13545999
2019,2018-19,Complete,"New Bedford, MA","New Bedford, MA","New Gloucester, ME",Scallop,Scallop,Other,Other,Scallop,45 to 54,46,HS or equivalent,HS or equivalent,Some other race,Non-White,No,"$120,000 or more","$120,000 or more",Spouse/partner,Insured,Married,Married,Outside U.S.,English & Portuguese,No,3,3rd gen,25,16 to 29,25,1,One owner,Deckhand,2,Less than 5,Referred by a friend,Easy,8,More than 7 days,18,18 hours or more,7,6 or more members,Owner-operated,Captain,Captain,0,Share system,Share,50,50,Yes,Yes,No,Yes,No,No,No,Satisfied,4,Dissatisfied,2,Dissatisfied,2,Dissatisfied,2,Dissatisfied,2,Satisfied,4,Satisfied,4,Satisfied,4,Satisfied,4,Yes,Don't know,Agree,Agree,Yes,Neutral,Agree,Disagree,41.6362,-70.934196,2740,1,8,8,12,0.13545999
2019,2018-19,Complete,"New Bedford, MA","New Bedford, MA","New Gloucester, ME",Scallop,Scallop,Other,Other,Scallop,45 to 54,54,HS or equivalent,HS or equivalent,White,White,No,"$100,000 - $119,999","$90,000 - $119,999",Fed or state insurance,Insured,Married,Married,U.S.,English,Yes,4,4th gen or greater,40,30 or more,40,1,One owner,Deckhand,1,Less than 5,Word of mouth,Very easy,8,More than 7 days,19,18 hours or more,6,6 or more members,Hired Captain,Captain,Captain,0,Share system,Share,45,55,Yes,Yes,No,Yes,Yes,No,No,Very Satisfied,5,Satisfied,4,Dissatisfied,2,Satisfied,4,Satisfied,4,Neutral,3,Very Satisfied,5,Very Satisfied,5,Very Satisfied,5,No,Yes,Strongly Disagree,Strongly Disagree,Yes,Agree,Agree,Disagree,41.6362,-70.934196,2740,1,11,11,15,0.13545999
2019,2018-19,Complete,"New Bedford, MA","New Bedford, MA","New Gloucester, ME",Scallop,Scallop,Other,Other,Scallop,45 to 54,45,DK/NA,,Some other race,Non-White,No,"$120,000 or more","$120,000 or more",Other,Insured,Married,Married,Outside U.S.,Other,Yes,1,1st gen,20,16 to 29,20,2,Two owners,Deckhand,4,Less than 5,Word of mouth,Easy,6,5 to 7 days,16,15 to 17 hours,7,6 or more members,Hired Captain,Deckhand,Deckhand,1,Share system,Share,50,50,Yes,Yes,No,Yes,No,No,No,Satisfied,4,Satisfied,4,Neutral,3,Dissatisfied,2,Dissatisfied,2,Dissatisfied,2,Neutral,3,Neutral,3,Neutral,3,No,Yes,Agree,Neutral,No,Agree,Agree,Neutral,41.6362,-70.934196,2740,1,11,6,9,0.13545999
2019,2018-19,Complete,"New Bedford, MA","New Bedford, MA","New Gloucester, ME",Scallop,Scallop,Other,Other,Scallop,35 to 44,38,HS or equivalent,HS or equivalent,Some other race,Non-White,No,"$100,000 - $119,999","$90,000 - $119,999",Fed or state insurance,Insured,Married,Married,Outside U.S.,Spanish,No,1,1st gen,21,16 to 29,21,2,Two owners,Deckhand,1,Less than 5,Referred by a friend,Difficult,9,More than 7 days,16,15 to 17 hours,7,6 or more members,Owner-operated,Deckhand,Deckhand,1,Share system,Share,50,50,Yes,Yes,No,Yes,Yes,No,No,Satisfied,4,Satisfied,4,Neutral,3,Dissatisfied,2,Dissatisfied,2,Neutral,3,Neutral,3,Neutral,3,Satisfied,4,No,Yes,Agree,Agree,No,Agree,Neutral,Neutral,41.6362,-70.934196,2740,1,11,7,10,0.13545999
2019,2018-19,Complete,"New Bedford, MA","New Bedford, MA","New Gloucester, ME",Scallop,Scallop,Other,Other,Scallop,35 to 44,44,HS or equivalent,HS or equivalent,White,White,No,"$120,000 or more","$120,000 or more",Not insured,Not insured,Divorced,Other/Single,Outside U.S.,English,Yes,2,2nd gen,15,5 to 15,15,2,Two owners,Deckhand,2,Less than 5,Word of mouth,Very easy,10,More than 7 days,16,15 to 17 hours,7,6 or more members,Hired Captain,Deckhand,Deckhand,1,Share system,Share,48,52,Yes,Yes,No,Yes,No,No,No,Satisfied,4,Neutral,3,Satisfied,4,Dissatisfied,2,Neutral,3,Neutral,3,Satisfied,4,Satisfied,4,Satisfied,4,Don't know,Don't know,Agree,Disagree,No,Agree,Agree,Neutral,41.6362,-70.934196,2740,1,11,8,12,0.13545999
2019,2018-19,Complete,"New Bedford, MA","New Bedford, MA","New Gloucester, ME",Scallop,Scallop,Other,Other,Scallop,55 or older,55,HS or equivalent,HS or equivalent,White,White,No,"$120,000 or more","$120,000 or more",Not insured,Not insured,Divorced,Other/Single,U.S.,English,Yes,1,1st gen,32,30 or more,32,1,One owner,Deckhand,7,5 to 15,Word of mouth,Easy,8,More than 7 days,16,15 to 17 hours,7,6 or more members,Hired Captain,Captain,Captain,0,Share system,Share,48,52,Yes,Yes,No,Yes,No,No,No,Satisfied,4,Neutral,3,Satisfied,4,Dissatisfied,2,Neutral,3,Neutral,3,Neutral,3,Neutral,3,Neutral,3,No,No,Strongly Disagree,Strongly Disagree,Yes,Agree,Neutral,Agree,41.6362,-70.934196,2740,1,11,8,9,0.13545999
2019,2018-19,Complete,"New Bedford, MA","New Bedford, MA","New Gloucester, ME",Scallop,Scallop,Other,Other,Scallop,25 to 34,30,HS or equivalent,HS or equivalent,Black,Non-White,No,"$40,000 - $49,999","$30,000 - $59,999",Not insured,Not insured,Never Married,Other/Single,Outside U.S.,Other,No,1,1st gen,7,5 to 15,7,1,One owner,Deckhand,4,Less than 5,Referred by a friend,Easy,9,More than 7 days,18,18 hours or more,4,3 to 5 members,Hired Captain,Multiple Positions,Multiple Positions,1,Share system,Share,,,Yes,Yes,No,Yes,Yes,Yes,No,Satisfied,4,Satisfied,4,Satisfied,4,Satisfied,4,Satisfied,4,Satisfied,4,Satisfied,4,Satisfied,4,Satisfied,4,No,Yes,Agree,Disagree,No,Agree,Neutral,Neutral,41.6362,-70.934196,2740,1,12,12,12,0.13545999
2019,2018-19,Complete,"New Bedford, MA","New Bedford, MA","New Gloucester, ME",Scallop,Scallop,Other,Other,Scallop,25 to 34,31,Associate's/two-year degree,Associate's/two-year degree,White,White,No,"$120,000 or more","$120,000 or more",Private insurance,Insured,Married,Married,U.S.,English,Yes,3,3rd gen,23,16 to 29,23,1,One owner,Deckhand,5,5 to 15,Referred by a friend,Difficult,9,More than 7 days,20,18 hours or more,7,6 or more members,Hired Captain,Engine Mechanic,Other,1,Share system,Share,,,Yes,Yes,No,Yes,Yes,No,No,Satisfied,4,Satisfied,4,Neutral,3,Dissatisfied,2,Neutral,3,Neutral,3,Satisfied,4,Satisfied,4,Satisfied,4,No,No,Neutral,Agree,No,Agree,Disagree,Neutral,41.6362,-70.934196,2740,1,11,8,12,0.13545999
2019,2018-19,Complete,"New Bedford, MA","New Bedford, MA","New Gloucester, ME",Scallop,Scallop,Other,Other,Scallop,35 to 44,40,HS or equivalent,HS or equivalent,DK/NA,Non-White,Yes,"$100,000 - $119,999","$90,000 - $119,999",Not insured,Not insured,Never Married,Other/Single,U.S.,English,Yes,4,4th gen or greater,23,16 to 29,23,3,Three owners,Deckhand,0,Less than 5,Referred by a friend,Difficult,11,More than 7 days,12,9 to 14 hours,5,3 to 5 members,Hired Captain,Deckhand,Deckhand,1,Share system,Share,,,Yes,Yes,No,Yes,Yes,No,No,Neutral,3,Dissatisfied,2,Dissatisfied,2,Dissatisfied,2,Dissatisfied,2,Dissatisfied,2,Very Satisfied,5,Very Satisfied,5,Very Satisfied,5,No,Yes,Disagree,Strongly Disagree,No,Strongly Agree,Disagree,Strongly Agree,41.6362,-70.934196,2740,1,7,6,15,0.13545999
2019,2018-19,Complete,"New Bedford, MA","New Bedford, MA","New Gloucester, ME",Scallop,Scallop,Other,Other,Scallop,55 or older,57,DK/NA,,White,White,No,"$120,000 or more","$120,000 or more",Other,Insured,Married,Married,Outside U.S.,Portuguese,No,1,1st gen,34,30 or more,34,2,Two owners,Deckhand,6,5 to 15,Word of mouth,Easy,6,5 to 7 days,16,15 to 17 hours,7,6 or more members,Hired Captain,Engine Mechanic,Other,1,Share system,Share,50,50,Yes,Yes,No,Yes,No,No,No,Satisfied,4,Satisfied,4,Satisfied,4,Dissatisfied,2,Dissatisfied,2,Dissatisfied,2,Neutral,3,Dissatisfied,2,Neutral,3,No,Yes,Agree,Agree,No,Agree,Agree,Agree,41.6362,-70.934196,2740,1,12,6,8,0.13545999
2019,2018-19,Complete,"New Bedford, MA","New Bedford, MA","New Gloucester, ME",Scallop,Scallop,Other,Other,Scallop,35 to 44,38,HS or equivalent,HS or equivalent,White,White,No,"$100,000 - $119,999","$90,000 - $119,999",Not insured,Not insured,Living with partner,Other/Single,U.S.,English,Yes,1,1st gen,14,5 to 15,14,4,Four or more,Deckhand,0,Less than 5,Referred by a friend,Very easy,10,More than 7 days,16,15 to 17 hours,7,6 or more members,Hired Captain,Deckhand,Deckhand,1,Share system,Share,50,50,Yes,Yes,No,Yes,Yes,No,No,Neutral,3,Dissatisfied,2,Dissatisfied,2,Dissatisfied,2,Dissatisfied,2,Neutral,3,Very Satisfied,5,Very Satisfied,5,Dissatisfied,2,No,No,Agree,Strongly Agree,No,Agree,Disagree,Agree,41.6362,-70.934196,2740,1,7,7,12,0.13545999
2019,2018-19,Complete,"Newport News, VA","New Bedford, MA",Multiple Ports,Scallop,Scallop,Other,Other,Scallop,25 to 34,29,HS or equivalent,HS or equivalent,White,White,No,"$120,000 or more","$120,000 or more",Not insured,Not insured,Never Married,Other/Single,U.S.,English,Yes,3,3rd gen,10,5 to 15,10,1,One owner,Deckhand,11,5 to 15,Related to non-owner,Very difficult,10,More than 7 days,18,18 hours or more,7,6 or more members,Hired Captain,Mate,Other,1,Share system,Share,55,45,No,No,No,No,Yes,No,No,Very Satisfied,5,Very Satisfied,5,Neutral,3,Very Satisfied,5,Dissatisfied,2,Satisfied,4,Very Satisfied,5,Satisfied,4,Satisfied,4,Yes,Yes,Disagree,Agree,No,Disagree,Agree,Strongly Disagree,41.6362,-70.934196,2740,1,13,11,13,0.13545999
2019,2018-19,Complete,"New Bedford, MA","New Bedford, MA","New Gloucester, ME",Scallop,Scallop,Other,Other,Scallop,45 to 54,53,Less than HS,Less than HS,White,White,Yes,"$80,000 - $89,999","$60,000 - $89,999",Fed or state insurance,Insured,Never Married,Other/Single,U.S.,English,Yes,3,3rd gen,39,30 or more,39,3,Three owners,Deckhand,0,Less than 5,Word of mouth,Very easy,8,More than 7 days,20,18 hours or more,3,3 to 5 members,Hired Captain,Multiple Positions,Multiple Positions,1,Share system,Share,50,50,Yes,Yes,No,Yes,No,No,Yes,Satisfied,4,Very Satisfied,5,Very Satisfied,5,Dissatisfied,2,Satisfied,4,Satisfied,4,Satisfied,4,Satisfied,4,Satisfied,4,No,Don't know,Strongly Disagree,Strongly Disagree,Yes,Agree,Strongly Agree,Neutral,41.6362,-70.934196,2740,1,14,10,12,0.13545999
2019,2018-19,Complete,"New Bedford, MA","New Bedford, MA","New Gloucester, ME",Scallop,Scallop,Other,Other,Scallop,35 to 44,40,HS or equivalent,HS or equivalent,Some other race,Non-White,Yes,"$120,000 or more","$120,000 or more",Private insurance,Insured,Married,Married,Outside U.S.,Spanish,No,2,2nd gen,23,16 to 29,23,3,Three owners,Deckhand,13,5 to 15,Referred by a friend,Difficult,9,More than 7 days,16,15 to 17 hours,7,6 or more members,Owner-operated,Deckhand,Deckhand,1,Share system,Share,50,50,Yes,Yes,No,Yes,No,No,No,Satisfied,4,Neutral,3,Neutral,3,Satisfied,4,Dissatisfied,2,Satisfied,4,Satisfied,4,Satisfied,4,Neutral,3,Yes,Yes,Agree,Agree,No,Neutral,Agree,Agree,41.6362,-70.934196,2740,1,10,10,11,0.13545999
2019,2018-19,Complete,"New Bedford, MA","New Bedford, MA","New Gloucester, ME",Scallop,Scallop,Other,Other,Scallop,45 to 54,47,HS or equivalent,HS or equivalent,DK/NA,Non-White,Yes,"$120,000 or more","$120,000 or more",Not insured,Not insured,Married,Married,Outside U.S.,Spanish,Yes,1,1st gen,30,30 or more,30,1,One owner,Deckhand,9,5 to 15,Referred by a friend,Difficult,10,More than 7 days,11,9 to 14 hours,7,6 or more members,Hired Captain,Multiple Positions,Multiple Positions,1,Share system,Share,50,50,Yes,Yes,No,Yes,Yes,No,No,Satisfied,4,Satisfied,4,Satisfied,4,Dissatisfied,2,Satisfied,4,Neutral,3,Neutral,3,Neutral,3,Satisfied,4,Yes,Yes,Agree,Disagree,No,Neutral,Disagree,Neutral,41.6362,-70.934196,2740,1,12,9,10,0.13545999
2019,2018-19,Complete,"Fairhaven, MA","New Bedford, MA","New Gloucester, ME",Scallop,Scallop,Other,Other,Scallop,45 to 54,53,HS or equivalent,HS or equivalent,Black,Non-White,No,"$120,000 or more","$120,000 or more",Not insured,Not insured,Divorced,Other/Single,Outside U.S.,English,No,1,1st gen,15,5 to 15,15,2,Two owners,Deckhand,20,16 to 29,Word of mouth,Easy,8,More than 7 days,12,9 to 14 hours,7,6 or more members,Hired Captain,Deckhand,Deckhand,1,Share system,Share,60,40,No,Yes,No,Yes,Yes,No,No,Satisfied,4,Satisfied,4,Satisfied,4,Satisfied,4,Satisfied,4,Satisfied,4,Satisfied,4,Satisfied,4,Neutral,3,Don't know,Yes,Agree,Agree,No,Disagree,Agree,Agree,41.6362,-70.934196,2740,1,12,12,11,0.13545999
2019,2018-19,Complete,"New Bedford, MA","New Bedford, MA","New Gloucester, ME",Scallop,Scallop,Other,Other,Scallop,25 to 34,25,Associate's/two-year degree,Associate's/two-year degree,Multiracial,Non-White,No,"$100,000 - $119,999","$90,000 - $119,999",Not insured,Not insured,Living with partner,Other/Single,U.S.,English,Yes,3,3rd gen,10,5 to 15,10,4,Four or more,Deckhand,0,Less than 5,Referred by a friend,Very easy,7,5 to 7 days,18,18 hours or more,7,6 or more members,Hired Captain,Deckhand,Deckhand,1,Share system,Share,52,48,Yes,Yes,No,Yes,No,No,No,Neutral,3,Neutral,3,Satisfied,4,Neutral,3,Neutral,3,Satisfied,4,Neutral,3,Satisfied,4,Satisfied,4,Don't know,Don't know,Neutral,Neutral,No,Neutral,Neutral,Neutral,41.6362,-70.934196,2740,1,10,10,11,0.13545999
2019,2018-19,Complete,"New Bedford, MA","New Bedford, MA","New Gloucester, ME",Scallop,Scallop,Other,Other,Scallop,45 to 54,48,HS or equivalent,HS or equivalent,White,White,No,,,Private insurance,Insured,Married,Married,U.S.,English,Yes,1,1st gen,33,30 or more,33,1,One owner,Deckhand,15,5 to 15,Other,Very easy,11,More than 7 days,20,18 hours or more,7,6 or more members,Hired Captain,Captain,Captain,0,Share system,Share,48,52,Yes,Yes,No,Yes,Yes,No,No,Satisfied,4,Satisfied,4,Very Satisfied,5,Satisfied,4,Satisfied,4,Satisfied,4,Very Satisfied,5,Satisfied,4,Very Satisfied,5,Yes,Yes,Strongly Agree,Strongly Disagree,Yes,Neutral,Agree,Neutral,41.6362,-70.934196,2740,1,13,12,14,0.13545999
2019,2018-19,Complete,"New Bedford, MA","New Bedford, MA","New Gloucester, ME",Scallop,Scallop,Other,Other,Scallop,45 to 54,50,Less than HS,Less than HS,White,White,No,"$120,000 or more","$120,000 or more",Private insurance,Insured,Married,Married,Outside U.S.,English & Portuguese,Yes,1,1st gen,34,30 or more,34,4,Four or more,Deckhand,4,Less than 5,Referred by a friend,Neither easy nor difficult,6,5 to 7 days,16,15 to 17 hours,7,6 or more members,Hired Captain,Deckhand,Deckhand,1,Share system,Share,50,50,Yes,Yes,No,Yes,No,No,No,Satisfied,4,Satisfied,4,Satisfied,4,Dissatisfied,2,Dissatisfied,2,Dissatisfied,2,Neutral,3,Neutral,3,Neutral,3,No,No,Agree,Agree,No,Agree,Agree,Agree,41.6362,-70.934196,2740,1,12,6,9,0.13545999
2019,2018-19,Complete,"New Bedford, MA","New Bedford, MA","New Gloucester, ME",Scallop,Scallop,Other,Other,Scallop,35 to 44,42,HS or equivalent,HS or equivalent,Multiracial,Non-White,No,"$120,000 or more","$120,000 or more",Private insurance,Insured,Divorced,Other/Single,Outside U.S.,English,Yes,4,4th gen or greater,28,16 to 29,28,2,Two owners,Engine Mechanic,2,Less than 5,Other,Difficult,9,More than 7 days,16,15 to 17 hours,7,6 or more members,Hired Captain,Multiple Positions,Multiple Positions,1,Share system,Share,50,50,Yes,Yes,No,Yes,Yes,No,No,Very Satisfied,5,Satisfied,4,Dissatisfied,2,Satisfied,4,Neutral,3,Neutral,3,Very Satisfied,5,Very Satisfied,5,Satisfied,4,Don't know,Yes,Agree,Strongly Disagree,Yes,Agree,Agree,Disagree,41.6362,-70.934196,2740,1,11,10,14,0.13545999
2019,2018-19,Complete,"New Bedford, MA","New Bedford, MA","New Gloucester, ME",Scallop,Scallop,Other,Other,Scallop,25 to 34,31,Less than HS,Less than HS,White,White,No,"$70,000 - $79,999","$60,000 - $89,999",Spouse/partner,Insured,Never Married,Other/Single,U.S.,English,Yes,2,2nd gen,10,5 to 15,10,2,Two owners,Deckhand,3,Less than 5,Word of mouth,Easy,10,More than 7 days,18,18 hours or more,5,3 to 5 members,Owner-operated,Other,Other,1,Share system,Share,,,Yes,Yes,No,Yes,No,No,No,Very Satisfied,5,Satisfied,4,Very Satisfied,5,Dissatisfied,2,Dissatisfied,2,Satisfied,4,Neutral,3,Satisfied,4,Satisfied,4,Don't know,Yes,Neutral,Disagree,No,Neutral,Agree,Neutral,41.6362,-70.934196,2740,1,14,8,11,0.13545999
2019,2018-19,Complete,"New Bedford, MA","New Bedford, MA","New Gloucester, ME",Scallop,Scallop,Other,Other,Scallop,35 to 44,38,HS or equivalent,HS or equivalent,White,White,Yes,"$120,000 or more","$120,000 or more",Not insured,Not insured,Divorced,Other/Single,U.S.,English,Yes,3,3rd gen,15,5 to 15,15,3,Three owners,Deckhand,0,Less than 5,Word of mouth,Easy,7,5 to 7 days,15,15 to 17 hours,6,6 or more members,Hired Captain,Deckhand,Deckhand,1,Share system,Share,,,Yes,No,No,Yes,No,No,No,Satisfied,4,Neutral,3,Dissatisfied,2,Neutral,3,Satisfied,4,Satisfied,4,Satisfied,4,Satisfied,4,Neutral,3,No,No,Disagree,Agree,No,Agree,Disagree,Neutral,41.6362,-70.934196,2740,1,9,11,11,0.13545999
2019,2018-19,Complete,"Newport News, VA","New Bedford, MA",Multiple Ports,Scallop,Scallop,Other,Other,Scallop,45 to 54,51,HS or equivalent,HS or equivalent,White,White,No,,,Not insured,Not insured,Married,Married,U.S.,English,Yes,5,4th gen or greater,33,30 or more,33,1,One owner,Deckhand,14,5 to 15,Related to owner,Very easy,10,More than 7 days,16,15 to 17 hours,7,6 or more members,Hired Captain,Captain,Captain,0,Share system,Share,47,53,Yes,Yes,No,Yes,Yes,No,No,Satisfied,4,Neutral,3,Satisfied,4,Neutral,3,Very Dissatisfied,1,Neutral,3,Satisfied,4,Satisfied,4,Satisfied,4,Don't know,Yes,Neutral,Agree,No,Strongly Agree,Neutral,Disagree,41.6362,-70.934196,2740,1,11,7,12,0.13545999
2019,2018-19,Complete,"New Bedford, MA","New Bedford, MA","New Gloucester, ME",Scallop,Scallop,Other,Other,Scallop,25 to 34,32,Bachelor's/four year degree,Bachelor's/four year degree,Multiracial,Non-White,No,"$120,000 or more","$120,000 or more",Private insurance,Insured,Married,Married,U.S.,English,Yes,4,4th gen or greater,10,5 to 15,10,3,Three owners,Deckhand,10,5 to 15,Related to owner,Easy,11,More than 7 days,16,15 to 17 hours,7,6 or more members,Owner-operated,Multiple Positions,Multiple Positions,1,Share system,Share,47,53,Yes,Yes,No,Yes,No,No,No,Satisfied,4,Neutral,3,Neutral,3,Neutral,3,Neutral,3,Neutral,3,Satisfied,4,Satisfied,4,Dissatisfied,2,Yes,Yes,Strongly Disagree,Strongly Disagree,Yes,Strongly Agree,Agree,Neutral,41.6362,-70.934196,2740,1,10,9,10,0.13545999
2019,2018-19,Complete,"New Bedford, MA","New Bedford, MA","New Gloucester, ME",Scallop,Scallop,Other,Other,Scallop,55 or older,69,Less than HS,Less than HS,White,White,No,"$120,000 or more","$120,000 or more",Private insurance,Insured,Married,Married,U.S.,English,Yes,1,1st gen,31,30 or more,31,1,One owner,Cook,16,16 to 29,Word of mouth,Easy,7,5 to 7 days,18,18 hours or more,7,6 or more members,Hired Captain,Captain,Captain,0,Share system,Share,45,55,Yes,Yes,No,Yes,Yes,No,No,Satisfied,4,Satisfied,4,Very Satisfied,5,Satisfied,4,Satisfied,4,Satisfied,4,Satisfied,4,Satisfied,4,Dissatisfied,2,Yes,Yes,Disagree,Disagree,Yes,Disagree,Agree,Agree,41.6362,-70.934196,2740,1,13,12,10,0.13545999
2019,2018-19,Complete,"Newport News, VA","Newport News, VA","North Kingstown, RI",Scallop,Scallop,Other,Other,Scallop,45 to 54,46,Less than HS,Less than HS,White,White,No,"$120,000 or more","$120,000 or more",Not insured,Not insured,Married,Married,U.S.,English,Yes,3,3rd gen,30,30 or more,30,2,Two owners,Deckhand,0,Less than 5,Related to non-owner,Very easy,10,More than 7 days,18,18 hours or more,7,6 or more members,Hired Captain,Mate,Other,1,Share system,Share,45,55,Yes,Yes,No,Yes,No,No,No,Very Satisfied,5,Satisfied,4,Very Satisfied,5,Satisfied,4,Dissatisfied,2,Satisfied,4,Satisfied,4,Dissatisfied,2,Very Satisfied,5,Yes,Yes,Strongly Disagree,Strongly Disagree,Yes,Strongly Agree,Disagree,Neutral,37.087101,-76.473,23601,1,14,10,11,-0.33170781
2019,2018-19,Complete,"New Bedford, MA","Newport News, VA","New Gloucester, ME",Scallop,Scallop,Other,Other,Scallop,35 to 44,40,Associate's/two-year degree,Associate's/two-year degree,White,White,No,"$120,000 or more","$120,000 or more",Private insurance,Insured,Divorced,Other/Single,U.S.,English,Yes,4,4th gen or greater,20,16 to 29,20,1,One owner,Deckhand,1,Less than 5,Related to owner,Neither easy nor difficult,6,5 to 7 days,10,9 to 14 hours,7,6 or more members,Owner-operated,Captain,Captain,0,Share system,Share,45,55,Yes,Yes,No,Yes,Yes,No,No,Satisfied,4,Satisfied,4,Very Dissatisfied,1,Very Dissatisfied,1,Dissatisfied,2,Neutral,3,Satisfied,4,Satisfied,4,Satisfied,4,No,No,Disagree,Strongly Agree,Yes,Neutral,Disagree,Strongly Agree,37.087101,-76.473,23601,1,9,6,12,-0.33170781
2019,2018-19,Complete,"New Bedford, MA","Newport News, VA","New Gloucester, ME",Scallop,Scallop,Other,Other,Scallop,25 to 34,30,HS or equivalent,HS or equivalent,White,White,No,"$40,000 - $49,999","$30,000 - $59,999",Not insured,Not insured,Never Married,Other/Single,U.S.,English,Yes,3,3rd gen,12,5 to 15,12,4,Four or more,Deckhand,0,Less than 5,Referred by a friend,Very difficult,8,More than 7 days,18,18 hours or more,6,6 or more members,Hired Captain,Deckhand,Deckhand,1,Share system,Share,50,50,Yes,Yes,No,Yes,Yes,Yes,No,Satisfied,4,Dissatisfied,2,Satisfied,4,Satisfied,4,Neutral,3,Satisfied,4,Very Satisfied,5,Very Satisfied,5,Very Satisfied,5,Yes,Yes,Strongly Disagree,Strongly Disagree,No,Agree,Strongly Disagree,Agree,37.087101,-76.473,23601,1,10,11,15,-0.33170781
2019,2018-19,Complete,"Newport News, VA","Newport News, VA","North Kingstown, RI",Scallop,Scallop,Other,Other,Scallop,45 to 54,48,HS or equivalent,HS or equivalent,Some other race,Non-White,Yes,"$120,000 or more","$120,000 or more",Not insured,Not insured,Married,Married,Outside U.S.,English,No,1,1st gen,12,5 to 15,12,1,One owner,Deckhand,7,5 to 15,Word of mouth,Easy,12,More than 7 days,18,18 hours or more,7,6 or more members,Hired Captain,Deckhand,Deckhand,1,Share system,Share,50,50,Yes,Yes,No,Yes,Yes,No,No,Satisfied,4,Satisfied,4,Satisfied,4,Satisfied,4,Satisfied,4,Dissatisfied,2,Satisfied,4,Satisfied,4,Satisfied,4,No,Yes,Agree,Agree,Yes,Disagree,Neutral,Agree,37.087101,-76.473,23601,1,12,10,12,-0.33170781
2019,2018-19,Complete,"Cape May, NJ","Owl's Head, ME",Multiple Ports,Scallop,Scallop,Other,Other,Scallop,25 to 34,25,HS or equivalent,HS or equivalent,White,White,No,"$120,000 or more","$120,000 or more",Not insured,Not insured,Never Married,Other/Single,U.S.,English,Yes,1,1st gen,6,5 to 15,6,4,Four or more,Deckhand,0,Less than 5,Word of mouth,Very difficult,8,More than 7 days,20,18 hours or more,6,6 or more members,Owner-operated,Deckhand,Deckhand,1,Share system,Share,,,Yes,No,No,Yes,Yes,No,No,Very Satisfied,5,Very Satisfied,5,Neutral,3,Very Dissatisfied,1,Very Satisfied,5,Satisfied,4,Very Satisfied,5,Very Satisfied,5,Very Satisfied,5,Yes,Yes,Strongly Disagree,Strongly Disagree,No,Neutral,Disagree,Disagree,44.082298,-69.057297,4854,10,13,10,15,-0.15851811
2019,2018-19,Complete,"Cape May, NJ","Point Judith, RI","Point Lookout, NY",Scallop,Scallop,Other,Other,Scallop,45 to 54,50,Bachelor's/four year degree,Bachelor's/four year degree,White,White,No,"$50,000 - $59,999","$30,000 - $59,999",Private insurance,Insured,Married,Married,U.S.,English,No,1,1st gen,24,16 to 29,24,2,Two owners,Deckhand,4,Less than 5,Word of mouth,Easy,10,More than 7 days,18,18 hours or more,7,6 or more members,Hired Captain,Deckhand,Deckhand,1,Share system,Share,,,No,No,No,No,No,No,No,Satisfied,4,Dissatisfied,2,Neutral,3,Neutral,3,Neutral,3,Neutral,3,Satisfied,4,Very Satisfied,5,Neutral,3,No,Yes,Disagree,Strongly Agree,No,Neutral,Neutral,Neutral,41.365398,-71.486702,2882,1,9,9,12,-0.075379163
2019,2018-19,Complete,"Point Judith, RI","Point Judith, RI","Point Lookout, NY",Scallop,Scallop,Other,Other,Scallop,25 to 34,34,Bachelor's/four year degree,Bachelor's/four year degree,Asian,Non-White,No,"$120,000 or more","$120,000 or more",Private insurance,Insured,Married,Married,U.S.,Other,Yes,3,3rd gen,8,5 to 15,8,1,One owner,Deckhand,8,5 to 15,Related to owner,Difficult,11,More than 7 days,20,18 hours or more,7,6 or more members,Owner-operated,Captain,Captain,0,Other,Other,,,Yes,Yes,No,Yes,Yes,No,No,Very Satisfied,5,Neutral,3,Very Satisfied,5,Very Satisfied,5,Neutral,3,Satisfied,4,Very Satisfied,5,Very Satisfied,5,Very Satisfied,5,No,Yes,Strongly Disagree,Strongly Disagree,No,Agree,Strongly Disagree,Disagree,41.365398,-71.486702,2882,1,13,12,15,-0.075379163
2019,2018-19,Complete,"Point Pleasant, NJ","Point Pleasant, NJ","Portland, ME",Scallop,Scallop,Other,Other,Scallop,55 or older,55,Less than HS,Less than HS,White,White,No,,,Private insurance,Insured,Widowed,Other/Single,U.S.,English,Yes,1,1st gen,40,30 or more,40,1,One owner,Deckhand,6,5 to 15,Other,Very easy,2,2 to 4 days,20,18 hours or more,3,3 to 5 members,Hired Captain,Captain,Captain,0,Share system,Share,50,50,Yes,Yes,No,Yes,No,No,No,Dissatisfied,2,Dissatisfied,2,Neutral,3,Satisfied,4,Dissatisfied,2,Dissatisfied,2,Dissatisfied,2,Dissatisfied,2,Neutral,3,No,No,Agree,Agree,Yes,Agree,Agree,Strongly Agree,40.083199,-74.068199,8742,1,7,8,7,-0.90694255
2019,2018-19,Complete,"Point Pleasant, NJ","Point Pleasant, NJ","Portland, ME",Scallop,Scallop,Other,Other,Scallop,55 or older,59,HS or equivalent,HS or equivalent,Multiracial,Non-White,No,"$120,000 or more","$120,000 or more",Fed or state insurance,Insured,Married,Married,Outside U.S.,English,No,2,2nd gen,40,30 or more,40,1,One owner,Deckhand,6,5 to 15,Related to owner,Easy,10,More than 7 days,15,15 to 17 hours,4,3 to 5 members,Hired Captain,Captain,Captain,0,Share system,Share,55,45,Yes,Yes,No,Yes,No,No,No,Satisfied,4,Satisfied,4,Satisfied,4,Dissatisfied,2,Neutral,3,Satisfied,4,Very Satisfied,5,Very Satisfied,5,Neutral,3,No,Yes,Strongly Disagree,Agree,Yes,Agree,Agree,Disagree,40.083199,-74.068199,8742,1,12,9,13,-0.90694255
2019,2018-19,Complete,"Cape May, NJ","Point Pleasant, NJ",Multiple Ports,Scallop,Scallop,Other,Other,Scallop,25 to 34,33,Less than HS,Less than HS,White,White,No,"$100,000 - $119,999","$90,000 - $119,999",Not insured,Not insured,Never Married,Other/Single,U.S.,English,Yes,3,3rd gen,17,16 to 29,17,1,One owner,Deckhand,4,Less than 5,Word of mouth,Easy,1,1 day,18,18 hours or more,2,1 to 2 members,Hired Captain,Captain,Captain,0,Share system,Share,45,55,Yes,No,Yes,No,No,No,No,Satisfied,4,Satisfied,4,Neutral,3,Neutral,3,Satisfied,4,Neutral,3,Neutral,3,Neutral,3,Neutral,3,Yes,Yes,Strongly Disagree,Disagree,Yes,Disagree,Agree,Disagree,40.083199,-74.068199,8742,1,11,10,9,-0.90694255
2019,2018-19,Complete,"Point Pleasant, NJ","Point Pleasant, NJ","Portland, ME",Scallop,Scallop,Other,Other,Scallop,45 to 54,54,Associate's/two-year degree,Associate's/two-year degree,White,White,No,"$120,000 or more","$120,000 or more",Not insured,Not insured,Married,Married,U.S.,English,No,1,1st gen,22,16 to 29,22,1,One owner,Deckhand,1,Less than 5,Word of mouth,Easy,3,2 to 4 days,13,9 to 14 hours,5,3 to 5 members,Hired Captain,Captain,Captain,0,Other,Other,,,No,No,No,No,No,No,No,Very Satisfied,5,Very Satisfied,5,Neutral,3,Neutral,3,Neutral,3,Neutral,3,Very Satisfied,5,Very Satisfied,5,Very Satisfied,5,Yes,Yes,Strongly Disagree,Neutral,Yes,Disagree,Strongly Agree,Disagree,40.083199,-74.068199,8742,1,13,9,15,-0.90694255
2019,2018-19,Complete,"Point Pleasant, NJ","Point Pleasant, NJ","Portland, ME",Scallop,Scallop,Other,Other,Scallop,55 or older,56,HS or equivalent,HS or equivalent,White,White,No,"$120,000 or more","$120,000 or more",Not insured,Not insured,Married,Married,U.S.,English,No,1,1st gen,40,30 or more,40,1,One owner,Deckhand,30,30 or more,Referred by a friend,Very easy,12,More than 7 days,12,9 to 14 hours,7,6 or more members,Owner-operated,Deckhand,Deckhand,1,Share system,Share,60,40,Yes,Yes,No,Yes,No,No,No,Satisfied,4,Satisfied,4,Satisfied,4,Neutral,3,Neutral,3,Neutral,3,Satisfied,4,Satisfied,4,Neutral,3,Yes,Yes,Disagree,Agree,No,Disagree,Agree,Agree,40.083199,-74.068199,8742,1,12,9,11,-0.90694255
2019,2018-19,Complete,"Point Pleasant, NJ","Point Pleasant, NJ","Portland, ME",Scallop,Scallop,Other,Other,Scallop,55 or older,63,HS or equivalent,HS or equivalent,White,White,No,"$30,000 - $39,999","$30,000 - $59,999",Not insured,Not insured,Divorced,Other/Single,U.S.,English,No,1,1st gen,40,30 or more,40,1,One owner,Deckhand,40,30 or more,Referred by a friend,Easy,12,More than 7 days,12,9 to 14 hours,7,6 or more members,Owner-operated,Multiple Positions,Multiple Positions,1,Share system,Share,40,60,Yes,Yes,No,Yes,No,No,No,Satisfied,4,Neutral,3,Neutral,3,Neutral,3,Neutral,3,Satisfied,4,Satisfied,4,Satisfied,4,Satisfied,4,Yes,Yes,Agree,Agree,No,Agree,Disagree,Disagree,40.083199,-74.068199,8742,1,10,10,12,-0.90694255
2019,2018-19,Complete,"Cape May, NJ","Point Pleasant, NJ","Cape May, NJ",Scallop,Scallop,Other,Other,Scallop,25 to 34,27,Associate's/two-year degree,Associate's/two-year degree,White,White,No,"$80,000 - $89,999","$60,000 - $89,999",Not insured,Not insured,Never Married,Other/Single,U.S.,English,Yes,1,1st gen,2,Less than 5,2,1,One owner,Deckhand,1,Less than 5,Referred by a friend,Easy,1,1 day,14,9 to 14 hours,2,1 to 2 members,Hired Captain,Deckhand,Deckhand,1,Share system,Share,50,50,Yes,Yes,Yes,Yes,No,No,No,Very Satisfied,5,Satisfied,4,Neutral,3,Dissatisfied,2,Neutral,3,Satisfied,4,Satisfied,4,Satisfied,4,Satisfied,4,Yes,Yes,Agree,Agree,No,Agree,Agree,Disagree,40.083199,-74.068199,8742,1,12,9,12,-0.90694255
2019,2018-19,Complete,"Provincetown, MA","Provincetown, MA","Rescue, VA",Scallop,Scallop,Other,Other,Scallop,25 to 34,31,Bachelor's/four year degree,Bachelor's/four year degree,White,White,No,"$60,000 - $69,999","$60,000 - $89,999",Fed or state insurance,Insured,Married,Married,Outside U.S.,English,No,1,1st gen,2,Less than 5,2,2,Two owners,Deckhand,2,Less than 5,Word of mouth,Easy,1,1 day,12,9 to 14 hours,2,1 to 2 members,Owner-operated,Mate,Other,1,Other,Other,,,No,No,No,No,No,No,No,Satisfied,4,Satisfied,4,Satisfied,4,Satisfied,4,Satisfied,4,Satisfied,4,Very Satisfied,5,Satisfied,4,Satisfied,4,Yes,Yes,Disagree,Agree,No,Agree,Agree,Disagree,42.058399,-70.178596,2657,7,12,12,13,0.3954761
2019,2018-19,Complete,"New Bedford, MA","Provincetown, MA","New Gloucester, ME",Scallop,Scallop,Other,Other,Scallop,45 to 54,54,HS or equivalent,HS or equivalent,White,White,No,"$80,000 - $89,999","$60,000 - $89,999",Private insurance,Insured,Divorced,Other/Single,Outside U.S.,English & Portuguese,Yes,3,3rd gen,36,30 or more,36,1,One owner,Deckhand,25,16 to 29,Previous work,Easy,8,More than 7 days,16,15 to 17 hours,4,3 to 5 members,Hired Captain,Captain,Captain,0,Share system,Share,50,50,Yes,Yes,No,No,No,No,No,Satisfied,4,Dissatisfied,2,Satisfied,4,Dissatisfied,2,Dissatisfied,2,Dissatisfied,2,Satisfied,4,Satisfied,4,Satisfied,4,No,No,Agree,Disagree,Yes,Agree,Agree,Agree,42.058399,-70.178596,2657,7,10,6,12,0.3954761
2019,2018-19,Complete,"Seaford, VA","Seaford, VA","South Bristol, ME",Scallop,Scallop,Other,Other,Scallop,35 to 44,40,HS or equivalent,HS or equivalent,Some other race,Non-White,Yes,"$120,000 or more","$120,000 or more",Not insured,Not insured,Married,Married,Outside U.S.,Spanish,Yes,2,2nd gen,5,5 to 15,5,3,Three owners,Deckhand,2,Less than 5,Referred by a friend,Difficult,6,5 to 7 days,18,18 hours or more,7,6 or more members,Hired Captain,Deckhand,Deckhand,1,Share system,Share,57,43,Yes,Yes,No,Yes,Yes,No,Yes,Satisfied,4,Very Dissatisfied,1,Satisfied,4,Neutral,3,Satisfied,4,Satisfied,4,Neutral,3,Satisfied,4,Very Dissatisfied,1,Yes,Yes,Strongly Agree,Disagree,No,Agree,Neutral,Agree,37.1982,-76.432999,23696,1,9,11,8,-0.24950619
2019,2018-19,Complete,"Seaford, VA","Seaford, VA","South Bristol, ME",Scallop,Scallop,Other,Other,Scallop,25 to 34,32,HS or equivalent,HS or equivalent,White,White,No,"$90,000 - $99,999","$90,000 - $119,999",Not insured,Not insured,Married,Married,Outside U.S.,English,Yes,1,1st gen,10,5 to 15,10,1,One owner,Deckhand,10,5 to 15,Referred by a friend,Easy,7,5 to 7 days,18,18 hours or more,7,6 or more members,Hired Captain,Deckhand,Deckhand,1,Share system,Share,,,No,No,No,No,No,No,Yes,Very Satisfied,5,Satisfied,4,Very Satisfied,5,Dissatisfied,2,Neutral,3,Neutral,3,Satisfied,4,Satisfied,4,Satisfied,4,Yes,Yes,Neutral,Strongly Agree,No,Neutral,Strongly Agree,Strongly Disagree,37.1982,-76.432999,23696,1,14,8,12,-0.24950619
2019,2018-19,Complete,"Seaford, VA","Seaford, VA",Multiple Ports,Scallop,Scallop,Other,Other,Scallop,35 to 44,36,HS or equivalent,HS or equivalent,White,White,No,"$120,000 or more","$120,000 or more",Private insurance,Insured,Married,Married,U.S.,English,Yes,4,4th gen or greater,18,16 to 29,18,3,Three owners,Deckhand,2,Less than 5,Word of mouth,Very easy,9,More than 7 days,18,18 hours or more,7,6 or more members,Hired Captain,Captain,Captain,0,Share system,Share,47,53,Yes,No,No,Yes,Yes,No,No,Very Satisfied,5,Neutral,3,Satisfied,4,Satisfied,4,Neutral,3,Neutral,3,Satisfied,4,Satisfied,4,Neutral,3,Yes,Yes,Disagree,Agree,No,Disagree,Neutral,Disagree,37.1982,-76.432999,23696,1,12,10,11,-0.24950619
2019,2018-19,Complete,"Newport News, VA","Seaford, VA","South Bristol, ME",Scallop,Scallop,Other,Other,Scallop,25 to 34,34,Bachelor's/four year degree,Bachelor's/four year degree,Some other race,Non-White,Yes,"$120,000 or more","$120,000 or more",Not insured,Not insured,Separated,Other/Single,Outside U.S.,English & Spanish,Yes,2,2nd gen,7,5 to 15,7,2,Two owners,Deckhand,5,5 to 15,Other,Easy,10,More than 7 days,18,18 hours or more,7,6 or more members,Hired Captain,Deckhand,Deckhand,1,Share system,Share,55,45,Yes,Yes,No,Yes,Yes,No,No,Very Dissatisfied,1,Very Dissatisfied,1,Satisfied,4,Very Dissatisfied,1,Neutral,3,Dissatisfied,2,Neutral,3,Satisfied,4,Very Dissatisfied,1,No,No,Agree,Agree,No,Strongly Agree,Agree,Disagree,37.1982,-76.432999,23696,1,6,6,8,-0.24950619
2019,2018-19,Complete,"Stonington, CT","Stonington, CT","Stonington, ME",Scallop,Scallop,Other,Other,Scallop,45 to 54,51,Associate's/two-year degree,Associate's/two-year degree,White,White,No,"$120,000 or more","$120,000 or more",Private insurance,Insured,Married,Married,U.S.,English,No,1,1st gen,32,30 or more,32,1,One owner,Deckhand,6,5 to 15,Word of mouth,Neither easy nor difficult,12,More than 7 days,16,15 to 17 hours,7,6 or more members,Hired Captain,Captain,Captain,0,Share system,Share,48,52,Yes,Yes,No,Yes,No,No,No,Very Satisfied,5,Satisfied,4,Satisfied,4,Dissatisfied,2,Dissatisfied,2,Neutral,3,Satisfied,4,Satisfied,4,Satisfied,4,Yes,Don't know,Disagree,Strongly Agree,Yes,Strongly Agree,Agree,Neutral,41.335899,-71.905899,6355,1,13,7,12,0.58387566
2019,2018-19,Complete,"Hampton, VA","Swan Quarter, NC","Tangier, VA",Scallop,Scallop,Other,Other,Scallop,25 to 34,30,Less than HS,Less than HS,White,White,No,"$50,000 - $59,999","$30,000 - $59,999",Not insured,Not insured,Divorced,Other/Single,U.S.,English,Yes,3,3rd gen,15,5 to 15,15,2,Two owners,Deckhand,0,Less than 5,Other,Very easy,7,5 to 7 days,18,18 hours or more,5,3 to 5 members,Hired Captain,Mate,Other,1,Share system,Share,50,50,Yes,Yes,No,Yes,No,No,No,Neutral,3,Satisfied,4,Neutral,3,Dissatisfied,2,Dissatisfied,2,Neutral,3,Very Satisfied,5,Very Satisfied,5,Very Satisfied,5,Yes,Yes,Neutral,Agree,No,Strongly Agree,Neutral,Strongly Agree,35.4062,-76.328903,27885,10,10,7,15,0.026188895
2019,2018-19,Complete,"Montauk, NY","Montauk, NY","Montauk, NY",Scup,Other,Other,Other,Other,25 to 34,27,HS or equivalent,HS or equivalent,White,White,No,"$60,000 - $69,999","$60,000 - $89,999",Not insured,Not insured,Never Married,Other/Single,U.S.,English,Yes,3,3rd gen,9,5 to 15,9,6,Four or more,Deckhand,6,5 to 15,Word of mouth,Very easy,3,2 to 4 days,12,9 to 14 hours,4,3 to 5 members,Owner-operated,Deckhand,Deckhand,1,Share system,Share,,,Yes,Yes,No,Yes,No,No,No,Satisfied,4,Neutral,3,Very Satisfied,5,Neutral,3,Neutral,3,Satisfied,4,Satisfied,4,Neutral,3,Satisfied,4,Don't know,Yes,Strongly Disagree,Disagree,Yes,Agree,Neutral,Strongly Agree,41.0359,-71.954498,11954,2,12,10,11,0.35286254
2019,2018-19,Complete,"Montauk, NY","Montauk, NY","Montauk, NY",Scup,Other,Other,Other,Other,25 to 34,29,HS or equivalent,HS or equivalent,White,White,No,"$40,000 - $49,999","$30,000 - $59,999",Not insured,Not insured,Never Married,Other/Single,U.S.,English,Yes,2,2nd gen,12,5 to 15,12,3,Three owners,Deckhand,10,5 to 15,Referred by a friend,Easy,2,2 to 4 days,14,9 to 14 hours,4,3 to 5 members,Owner-operated,Deckhand,Deckhand,1,Per trip,Other,,,No,No,No,No,No,No,No,Satisfied,4,Satisfied,4,Satisfied,4,Dissatisfied,2,Satisfied,4,Neutral,3,Very Satisfied,5,Very Satisfied,5,Satisfied,4,Yes,No,Strongly Disagree,Agree,Yes,Agree,Disagree,Strongly Agree,41.0359,-71.954498,11954,2,12,9,14,0.35286254
2019,2018-19,Complete,"Montauk, NY","Montauk, NY","Montauk, NY",Scup,Other,Other,Other,Other,25 to 34,29,HS or equivalent,HS or equivalent,DK/NA,Non-White,Yes,"$70,000 - $79,999","$60,000 - $89,999",Private insurance,Insured,Living with partner,Other/Single,Outside U.S.,Spanish,No,1,1st gen,8,5 to 15,8,1,One owner,Deckhand,8,5 to 15,Word of mouth,Easy,4,2 to 4 days,17,15 to 17 hours,6,6 or more members,Owner-operated,Deckhand,Deckhand,1,Share system,Share,,,No,No,No,No,No,No,No,Neutral,3,Dissatisfied,2,Satisfied,4,Neutral,3,Satisfied,4,Neutral,3,Neutral,3,Satisfied,4,Dissatisfied,2,Yes,Yes,Disagree,Agree,No,Disagree,Neutral,Agree,41.0359,-71.954498,11954,2,9,10,9,0.35286254
2019,2018-19,Complete,"Point Pleasant, NJ","Point Pleasant, NJ","Portland, ME",Scup,Other,Other,Other,Other,55 or older,56,Associate's/two-year degree,Associate's/two-year degree,White,White,No,"$120,000 or more","$120,000 or more",Spouse/partner,Insured,Married,Married,U.S.,English,No,1,1st gen,41,30 or more,41,1,One owner,Deckhand,21,16 to 29,Word of mouth,Very easy,2,2 to 4 days,16,15 to 17 hours,3,3 to 5 members,Owner-operated,Captain,Captain,0,Share system,Share,45,55,Yes,Yes,No,No,Yes,No,No,Satisfied,4,Satisfied,4,Satisfied,4,Satisfied,4,Satisfied,4,Satisfied,4,Satisfied,4,Satisfied,4,Very Satisfied,5,Yes,Yes,Disagree,Agree,Yes,Disagree,Agree,Disagree,40.083199,-74.068199,8742,1,12,12,13,-0.90694255
2019,2018-19,Complete,"Beaufort, NC","Beaufort, NC","Beaufort, NC",Shrimp,Other,Other,Other,Other,45 to 54,53,HS or equivalent,HS or equivalent,White,White,No,"$30,000 - $39,999","$30,000 - $59,999",Private insurance,Insured,Married,Married,U.S.,English,No,1,1st gen,33,30 or more,33,1,One owner,Deckhand,14,5 to 15,Word of mouth,Very easy,2,2 to 4 days,12,9 to 14 hours,2,1 to 2 members,Owner-operated,Deckhand,Deckhand,1,Share system,Share,,,Yes,No,No,Yes,No,No,No,Satisfied,4,Satisfied,4,Satisfied,4,Satisfied,4,Satisfied,4,Neutral,3,Satisfied,4,Very Satisfied,5,Satisfied,4,Don't know,Yes,Strongly Disagree,Strongly Agree,Yes,Agree,Agree,Agree,34.718201,-76.663803,28512,4,12,11,13,-0.3108187
2019,2018-19,Complete,"Hampton, VA","Beaufort, NC","Beaufort, NC",Shrimp,Other,Other,Other,Other,25 to 34,30,HS or equivalent,HS or equivalent,White,White,No,"$50,000 - $59,999","$30,000 - $59,999",Private insurance,Insured,Never Married,Other/Single,U.S.,English,Yes,4,4th gen or greater,12,5 to 15,12,4,Four or more,Deckhand,0,Less than 5,Referred by a friend,Very difficult,8,More than 7 days,18,18 hours or more,5,3 to 5 members,Hired Captain,Deckhand,Deckhand,1,Share system,Share,,,Yes,Yes,No,Yes,Yes,No,No,Satisfied,4,Dissatisfied,2,Very Satisfied,5,Satisfied,4,Satisfied,4,Satisfied,4,Very Satisfied,5,Very Satisfied,5,Very Satisfied,5,Yes,Yes,Strongly Disagree,Disagree,Yes,Agree,Strongly Disagree,Agree,34.718201,-76.663803,28512,4,11,12,15,-0.3108187
2019,2018-19,Complete,"Hampton, VA","Brunswick, GA","Tangier, VA",Shrimp,Other,Other,Other,Other,45 to 54,46,Less than HS,Less than HS,White,White,No,"$30,000 - $39,999","$30,000 - $59,999",Not insured,Not insured,Married,Married,U.S.,English,Yes,3,3rd gen,25,16 to 29,25,1,One owner,Deckhand,0,Less than 5,Word of mouth,Very easy,10,More than 7 days,15,15 to 17 hours,3,3 to 5 members,Hired Captain,Deckhand,Deckhand,1,Share system,Share,50,50,No,No,No,No,No,No,No,Satisfied,4,Neutral,3,Neutral,3,Very Dissatisfied,1,Neutral,3,Satisfied,4,Very Satisfied,5,Very Satisfied,5,Very Satisfied,5,Yes,Yes,Strongly Disagree,Strongly Agree,No,Strongly Agree,Neutral,Strongly Disagree,31.1511,-81.487801,8901,1,10,8,15,-0.17119832
2019,2018-19,Complete,"Engelhard, NC","Engelhard, NC","Engelhard, NC",Shrimp,Other,Other,Other,Other,55 or older,56,Less than HS,Less than HS,White,White,No,"$70,000 - $79,999","$60,000 - $89,999",Not insured,Not insured,Divorced,Other/Single,Outside U.S.,English,Yes,2,2nd gen,38,30 or more,38,1,One owner,Deckhand,13,5 to 15,Word of mouth,Easy,8,More than 7 days,20,18 hours or more,4,3 to 5 members,Hired Captain,Captain,Captain,0,Share system,Share,,,Yes,Yes,Yes,Yes,Yes,No,No,Neutral,3,Dissatisfied,2,Satisfied,4,Very Dissatisfied,1,Satisfied,4,Satisfied,4,Satisfied,4,Satisfied,4,Satisfied,4,Don't know,Yes,Strongly Disagree,Strongly Disagree,No,Disagree,Neutral,Neutral,35.509701,-75.996101,27824,10,9,9,12,0.07452397
2019,2018-19,Complete,"Newport News, VA","Hobucken, NC","Beaufort, NC",Shrimp,Other,Other,Other,Other,45 to 54,53,HS or equivalent,HS or equivalent,White,White,No,"$100,000 - $119,999","$90,000 - $119,999",Private insurance,Insured,Never Married,Other/Single,U.S.,English,No,1,1st gen,35,30 or more,35,10,Four or more,Deckhand,0,Less than 5,Word of mouth,Very easy,10,More than 7 days,16,15 to 17 hours,3,3 to 5 members,Hired Captain,Deckhand,Deckhand,1,Share system,Share,50,50,Yes,Yes,No,Yes,No,No,No,Satisfied,4,Satisfied,4,Satisfied,4,Satisfied,4,Dissatisfied,2,Satisfied,4,Satisfied,4,Satisfied,4,Satisfied,4,Yes,Yes,Strongly Disagree,Agree,Yes,Disagree,Agree,Disagree,35.245499,-76.5672,28537,10,12,10,12,0.1973394
2019,2018-19,Complete,"Engelhard, NC",Multiple Ports,Multiple Ports,Shrimp,Other,Other,Other,Other,45 to 54,54,HS or equivalent,HS or equivalent,DK/NA,Non-White,Yes,"$30,000 - $39,999","$30,000 - $59,999",Fed or state insurance,Insured,Never Married,Other/Single,U.S.,English,Yes,1,1st gen,30,30 or more,30,1,One owner,Deckhand,25,16 to 29,Other,Neither easy nor difficult,8,More than 7 days,18,18 hours or more,4,3 to 5 members,Owner-operated,Mate,Other,1,Share system,Share,70,30,No,No,No,Yes,No,No,No,Satisfied,4,Neutral,3,Satisfied,4,Satisfied,4,Satisfied,4,Satisfied,4,Very Satisfied,5,Satisfied,4,Very Satisfied,5,Yes,Yes,Disagree,Agree,No,Strongly Agree,Neutral,Strongly Agree,35.509701,-75.996101,27824,10,11,12,14,0.07452397
2019,2018-19,Complete,"Engelhard, NC",Multiple Ports,Multiple Ports,Shrimp,Other,Other,Other,Other,45 to 54,51,HS or equivalent,HS or equivalent,Black,Non-White,No,,,Not insured,Not insured,Divorced,Other/Single,U.S.,English,No,1,1st gen,30,30 or more,30,2,Two owners,Deckhand,0,Less than 5,Word of mouth,Difficult,7,5 to 7 days,20,18 hours or more,4,3 to 5 members,Owner-operated,Deckhand,Deckhand,1,Share system,Share,70,30,Yes,Yes,No,Yes,No,No,No,Neutral,3,Very Dissatisfied,1,Satisfied,4,Dissatisfied,2,Neutral,3,Dissatisfied,2,Very Satisfied,5,Very Satisfied,5,Very Satisfied,5,Yes,Yes,Strongly Disagree,Disagree,No,Strongly Agree,Disagree,Strongly Agree,35.509701,-75.996101,27824,10,8,7,15,0.07452397
2019,2018-19,Complete,"Beaufort, NC","Pascagoula, MS","Bayou la Batre, AL",Shrimp,Other,Other,Other,Other,55 or older,57,Less than HS,Less than HS,White,White,No,"$50,000 - $59,999","$30,000 - $59,999",Fed or state insurance,Insured,Married,Married,Outside U.S.,English,Yes,3,3rd gen,26,16 to 29,26,1,One owner,Deckhand,20,16 to 29,Word of mouth,Easy,40,More than 7 days,16,15 to 17 hours,4,3 to 5 members,Hired Captain,Captain,Captain,0,Share system,Share,60,40,Yes,No,No,Yes,No,No,No,Satisfied,4,Very Dissatisfied,1,Satisfied,4,Very Dissatisfied,1,Dissatisfied,2,Dissatisfied,2,Dissatisfied,2,Very Satisfied,5,Satisfied,4,Don't know,Yes,Agree,Agree,Yes,Strongly Agree,Disagree,Neutral,30.365801,-88.556099,39553,1,9,5,11,0.067293361
2019,2018-19,Complete,"Stumpy Point, NC","Stumpy Point, NC","Swan Quarter, NC",Shrimp,Other,Other,Other,Other,25 to 34,34,HS or equivalent,HS or equivalent,White,White,No,"$70,000 - $79,999","$60,000 - $89,999",Not insured,Not insured,Married,Married,U.S.,English,Yes,5,4th gen or greater,16,16 to 29,16,1,One owner,Deckhand,6,5 to 15,Word of mouth,Easy,1,1 day,20,18 hours or more,3,3 to 5 members,Owner-operated,Multiple Positions,Multiple Positions,1,Share system,Share,,,Yes,Yes,No,No,No,Yes,No,Satisfied,4,Dissatisfied,2,Very Satisfied,5,Neutral,3,Neutral,3,Satisfied,4,Satisfied,4,Satisfied,4,Satisfied,4,No,Don't know,Disagree,Agree,Yes,Strongly Agree,Agree,Strongly Agree,35.699902,-75.741798,27978,10,11,10,12,-0.1436307
2019,2018-19,Complete,"Hampton, VA","Swan Quarter, NC","Tangier, VA",Shrimp,Other,Other,Other,Other,55 or older,57,Less than HS,Less than HS,White,White,No,"$30,000 - $39,999","$30,000 - $59,999",Spouse/partner,Insured,Separated,Other/Single,U.S.,English,Yes,5,4th gen or greater,44,30 or more,44,1,One owner,Deckhand,6,5 to 15,Related to non-owner,Very easy,6,5 to 7 days,20,18 hours or more,3,3 to 5 members,Hired Captain,Captain,Captain,0,Share system,Share,50,50,Yes,Yes,No,Yes,No,No,No,Satisfied,4,Dissatisfied,2,Satisfied,4,Satisfied,4,Satisfied,4,Satisfied,4,Satisfied,4,Satisfied,4,Satisfied,4,No,Yes,Strongly Disagree,Disagree,Yes,Strongly Agree,Neutral,Strongly Agree,35.4062,-76.328903,27885,10,10,12,12,0.026188895
2019,2018-19,Complete,"Hampton, VA","Swan Quarter, NC","Tangier, VA",Shrimp,Other,Other,Other,Other,45 to 54,46,Associate's/two-year degree,Associate's/two-year degree,White,White,No,"$70,000 - $79,999","$60,000 - $89,999",Not insured,Not insured,Divorced,Other/Single,U.S.,English,No,1,1st gen,20,16 to 29,20,1,One owner,Deckhand,0,Less than 5,Word of mouth,Very easy,10,More than 7 days,18,18 hours or more,3,3 to 5 members,Hired Captain,Deckhand,Deckhand,1,Share system,Share,,,Yes,Yes,No,Yes,Yes,No,No,Very Satisfied,5,Very Dissatisfied,1,Neutral,3,Dissatisfied,2,Dissatisfied,2,Dissatisfied,2,Very Satisfied,5,Very Satisfied,5,Neutral,3,Yes,Yes,Disagree,Agree,No,Neutral,Agree,Agree,35.4062,-76.328903,27885,10,9,6,13,0.026188895
2019,2018-19,Complete,"Wanchese, NC","Wanchese, NC","Wanchese, NC",Shrimp,Other,Other,Other,Other,45 to 54,47,Less than HS,Less than HS,White,White,No,"$30,000 - $39,999","$30,000 - $59,999",Spouse/partner,Insured,Married,Married,U.S.,English,No,1,1st gen,25,16 to 29,25,3,Three owners,Deckhand,0,Less than 5,Word of mouth,Difficult,4,2 to 4 days,11,9 to 14 hours,4,3 to 5 members,Owner-operated,Deckhand,Deckhand,1,Share system,Share,,,No,No,No,No,No,No,No,Very Dissatisfied,1,Very Dissatisfied,1,Dissatisfied,2,Dissatisfied,2,Satisfied,4,Satisfied,4,Satisfied,4,Satisfied,4,Dissatisfied,2,No,Yes,Neutral,Strongly Disagree,No,Agree,Strongly Agree,Neutral,35.842701,-75.638496,27981,10,4,10,10,0.53377718
2019,2018-19,Complete,"Wanchese, NC","Wanchese, NC","Wanchese, NC",Shrimp,Other,Other,Other,Other,25 to 34,29,HS or equivalent,HS or equivalent,White,White,No,,,Not insured,Not insured,Never Married,Other/Single,U.S.,English,No,1,1st gen,12,5 to 15,12,1,One owner,Deckhand,0,Less than 5,Word of mouth,Easy,4,2 to 4 days,17,15 to 17 hours,3,3 to 5 members,Hired Captain,Captain,Captain,0,Share system,Share,,,Yes,Yes,No,No,Yes,No,No,Satisfied,4,Satisfied,4,Satisfied,4,Satisfied,4,Neutral,3,Satisfied,4,Satisfied,4,Satisfied,4,Satisfied,4,Yes,Yes,Strongly Disagree,Disagree,No,Agree,Neutral,Agree,35.842701,-75.638496,27981,10,12,11,12,0.53377718
2019,2018-19,Complete,"Hampton, VA","Wanchese, NC","Wanchese, NC",Shrimp,Other,Other,Other,Other,25 to 34,30,HS or equivalent,HS or equivalent,White,White,No,"$50,000 - $59,999","$30,000 - $59,999",Not insured,Not insured,Never Married,Other/Single,U.S.,English,Yes,3,3rd gen,15,5 to 15,15,1,One owner,Deckhand,15,5 to 15,Related to owner,Very easy,5,5 to 7 days,15,15 to 17 hours,4,3 to 5 members,Owner-operated,Mate,Other,1,Share system,Share,,,Yes,Yes,No,Yes,Yes,No,No,Neutral,3,Neutral,3,Very Satisfied,5,Satisfied,4,Neutral,3,Neutral,3,Very Satisfied,5,Very Satisfied,5,Very Satisfied,5,Don't know,Yes,Strongly Disagree,Strongly Agree,No,Strongly Agree,Agree,Strongly Agree,35.842701,-75.638496,27981,10,11,10,15,0.53377718
2019,2018-19,Complete,"Chatham, MA","Chatham, MA","Chatham, MA",Skate,Other,Other,Other,Other,Under 25,21,HS or equivalent,HS or equivalent,White,White,No,"$40,000 - $49,999","$30,000 - $59,999",Private insurance,Insured,Never Married,Other/Single,U.S.,English,No,1,1st gen,3,Less than 5,3,1,One owner,Deckhand,3,Less than 5,Referred by a friend,Easy,7,5 to 7 days,8,8 hours or less,3,3 to 5 members,Owner-operated,Deckhand,Deckhand,1,Share system,Share,70,30,Yes,No,No,No,Yes,No,No,Very Satisfied,5,Neutral,3,Neutral,3,Neutral,3,Satisfied,4,Satisfied,4,Very Satisfied,5,Very Satisfied,5,Satisfied,4,Yes,Yes,Agree,Strongly Disagree,No,Strongly Agree,Agree,Agree,41.682098,-69.959801,2633,1,11,11,14,0.28912377
2019,2018-19,Complete,"Point Judith, RI","Point Judith, RI","Point Lookout, NY",Skate,Other,Other,Other,Other,25 to 34,34,HS or equivalent,HS or equivalent,White,White,No,"$50,000 - $59,999","$30,000 - $59,999",Not insured,Not insured,Living with partner,Other/Single,U.S.,English,Yes,5,4th gen or greater,28,16 to 29,28,1,One owner,Deckhand,28,16 to 29,Related to owner,Very easy,1,1 day,13,9 to 14 hours,3,3 to 5 members,Hired Captain,Deckhand,Deckhand,1,Share system,Share,50,50,Yes,Yes,No,Yes,No,No,No,Neutral,3,Dissatisfied,2,Very Satisfied,5,Very Satisfied,5,Satisfied,4,Satisfied,4,Satisfied,4,Satisfied,4,Satisfied,4,Don't know,Yes,Disagree,Neutral,Yes,Agree,Agree,Agree,41.365398,-71.486702,2882,1,10,13,12,-0.075379163
2019,2018-19,Complete,"Point Judith, RI","Point Judith, RI","Point Lookout, NY",Skate,Other,Other,Other,Other,25 to 34,27,Bachelor's/four year degree,Bachelor's/four year degree,White,White,No,"$50,000 - $59,999","$30,000 - $59,999",Fed or state insurance,Insured,Living with partner,Other/Single,U.S.,English,Yes,4,4th gen or greater,6,5 to 15,6,1,One owner,Deckhand,6,5 to 15,Related to non-owner,Very easy,12,More than 7 days,8,8 hours or less,3,3 to 5 members,Owner-operated,Deckhand,Deckhand,1,Share system,Share,50,50,Yes,Yes,No,No,No,No,No,Satisfied,4,Satisfied,4,Neutral,3,Neutral,3,Dissatisfied,2,Neutral,3,Satisfied,4,Satisfied,4,Satisfied,4,Don't know,Yes,Agree,Agree,No,Agree,Neutral,Agree,41.365398,-71.486702,2882,1,11,8,12,-0.075379163
2019,2018-19,Complete,"Montauk, NY","Amagansett, NY","Montauk, NY",Squid,Other,Other,Other,Other,25 to 34,32,Associate's/two-year degree,Associate's/two-year degree,White,White,No,"$60,000 - $69,999","$60,000 - $89,999",Spouse/partner,Insured,Married,Married,U.S.,English,No,1,1st gen,14,5 to 15,14,3,Three owners,Deckhand,2,Less than 5,Referred by a friend,Easy,1,1 day,6,8 hours or less,2,1 to 2 members,Owner-operated,Multiple Positions,Multiple Positions,1,Share system,Share,,,Yes,No,No,No,Yes,No,No,Neutral,3,Neutral,3,Neutral,3,Neutral,3,Satisfied,4,Neutral,3,Very Satisfied,5,Neutral,3,Satisfied,4,No,Yes,Strongly Disagree,Strongly Disagree,Yes,Agree,Disagree,Strongly Agree,40.973701,-72.1437,11930,4,9,10,12,0.082655005
2019,2018-19,Complete,"Cape May, NJ","Cape May, NJ",Multiple Ports,Squid,Other,Other,Other,Other,25 to 34,31,HS or equivalent,HS or equivalent,White,White,No,"$120,000 or more","$120,000 or more",Private insurance,Insured,Married,Married,U.S.,English,Yes,4,4th gen or greater,13,5 to 15,13,2,Two owners,Deckhand,13,5 to 15,Related to owner,Very easy,4,2 to 4 days,18,18 hours or more,4,3 to 5 members,Owner-operated,Multiple Positions,Multiple Positions,1,Share system,Share,60,40,Yes,No,No,Yes,Yes,No,No,Very Satisfied,5,Neutral,3,Very Satisfied,5,Neutral,3,Satisfied,4,Neutral,3,Neutral,3,Neutral,3,Satisfied,4,Yes,Yes,Strongly Disagree,Agree,Yes,Neutral,Strongly Disagree,Neutral,38.935101,-74.905998,8204,1,13,10,10,-0.005133186
2019,2018-19,Complete,"Cape May, NJ","Cape May, NJ","Cape May, NJ",Squid,Other,Other,Other,Other,45 to 54,54,HS or equivalent,HS or equivalent,White,White,No,,,Not insured,Not insured,Divorced,Other/Single,U.S.,English,Yes,5,4th gen or greater,11,5 to 15,11,2,Two owners,Deckhand,0,Less than 5,Word of mouth,Very easy,5,5 to 7 days,16,15 to 17 hours,3,3 to 5 members,Hired Captain,Captain,Captain,0,Share system,Share,,,Yes,Yes,No,Yes,No,No,No,Very Satisfied,5,Satisfied,4,Satisfied,4,Satisfied,4,Satisfied,4,Satisfied,4,Very Satisfied,5,Very Satisfied,5,Satisfied,4,Yes,Yes,Disagree,Strongly Disagree,Yes,Neutral,Agree,Neutral,38.935101,-74.905998,8204,1,13,12,14,-0.005133186
2019,2018-19,Complete,"Hampton Bays/Shinnecock, NY","Hampton Bays/Shinnecock, NY","Hampton Bays/Shinnecock, NY",Squid,Other,Other,Other,Other,45 to 54,48,Less than HS,Less than HS,White,White,No,,,Private insurance,Insured,Married,Married,U.S.,English,Yes,3,3rd gen,35,30 or more,35,1,One owner,Deckhand,18,16 to 29,Other,DK/NA,1,1 day,10,9 to 14 hours,3,3 to 5 members,Owner-operated,Captain,Captain,0,Share system,Share,,,Yes,Yes,No,No,No,No,No,Very Satisfied,5,Very Dissatisfied,1,Satisfied,4,Satisfied,4,Satisfied,4,Dissatisfied,2,Satisfied,4,Satisfied,4,Very Satisfied,5,No,No,Strongly Disagree,Strongly Disagree,Yes,Agree,Agree,Strongly Agree,40.868999,-72.517601,11946,1,10,10,13,-0.021223983
2019,2018-19,Complete,"Hampton Bays/Shinnecock, NY","Hampton Bays/Shinnecock, NY","Hampton Bays/Shinnecock, NY",Squid,Other,Other,Other,Other,Under 25,21,HS or equivalent,HS or equivalent,White,White,No,"$50,000 - $59,999","$30,000 - $59,999",Not insured,Not insured,Never Married,Other/Single,U.S.,English,Yes,5,4th gen or greater,0,Less than 5,0,2,Two owners,Deckhand,0,Less than 5,Related to owner,Very easy,1,1 day,9,9 to 14 hours,2,1 to 2 members,Owner-operated,Deckhand,Deckhand,1,Share system,Share,80,20,Yes,Yes,Yes,No,No,No,No,Satisfied,4,Satisfied,4,Very Satisfied,5,Very Satisfied,5,Satisfied,4,Satisfied,4,Satisfied,4,Satisfied,4,Very Satisfied,5,Yes,Yes,Strongly Disagree,Disagree,No,Agree,Strongly Disagree,Agree,40.868999,-72.517601,11946,1,13,13,13,-0.021223983
2019,2018-19,Complete,"Hampton, VA","Hampton, VA","Hampton, VA",Squid,Other,Other,Other,Other,45 to 54,50,HS or equivalent,HS or equivalent,White,White,No,"$120,000 or more","$120,000 or more",Private insurance,Insured,Divorced,Other/Single,U.S.,English,Yes,3,3rd gen,35,30 or more,35,1,One owner,Deckhand,2,Less than 5,Referred by a friend,Very easy,7,5 to 7 days,18,18 hours or more,5,3 to 5 members,Hired Captain,Captain,Captain,0,Share system,Share,50,50,Yes,Yes,Yes,No,No,No,No,Very Satisfied,5,Satisfied,4,Neutral,3,Dissatisfied,2,Neutral,3,Satisfied,4,Satisfied,4,Satisfied,4,Very Satisfied,5,Yes,Yes,Disagree,Agree,Yes,Disagree,Agree,Disagree,37.0299,-76.3452,23503,1,12,9,13,-0.19864459
2019,2018-19,Complete,"Hampton, VA","Hampton, VA","Hampton, VA",Squid,Other,Other,Other,Other,55 or older,63,HS or equivalent,HS or equivalent,White,White,No,"$30,000 - $39,999","$30,000 - $59,999",Spouse/partner,Insured,Married,Married,U.S.,English,No,1,1st gen,49,30 or more,49,1,One owner,Deckhand,2,Less than 5,Referred by a friend,Very easy,11,More than 7 days,20,18 hours or more,4,3 to 5 members,Hired Captain,Captain,Captain,0,Share system,Share,55,45,Yes,Yes,Yes,Yes,Yes,No,No,Satisfied,4,Satisfied,4,Neutral,3,Dissatisfied,2,Neutral,3,Neutral,3,Satisfied,4,Satisfied,4,Satisfied,4,Don't know,Yes,Strongly Disagree,Agree,Yes,Disagree,Neutral,Neutral,37.0299,-76.3452,23503,1,11,8,12,-0.19864459
2019,2018-19,Complete,"Hampton, VA","Hampton, VA","Hampton, VA",Squid,Other,Other,Other,Other,55 or older,75,Less than HS,Less than HS,White,White,No,"$60,000 - $69,999","$60,000 - $89,999",Fed or state insurance,Insured,Married,Married,Outside U.S.,Portuguese,Yes,4,4th gen or greater,60,30 or more,60,1,One owner,Deckhand,2,Less than 5,Referred by a friend,Easy,11,More than 7 days,16,15 to 17 hours,4,3 to 5 members,Hired Captain,Multiple Positions,Multiple Positions,1,Share system,Share,55,45,Yes,Yes,Yes,Yes,Yes,No,No,Dissatisfied,2,Dissatisfied,2,Satisfied,4,Satisfied,4,Neutral,3,Satisfied,4,Satisfied,4,Neutral,3,Dissatisfied,2,Yes,Yes,Strongly Disagree,Disagree,No,Strongly Agree,Disagree,Agree,37.0299,-76.3452,23503,1,8,11,9,-0.19864459
2019,2018-19,Complete,"Hampton, VA","Hampton, VA","Hampton, VA",Squid,Other,Other,Other,Other,55 or older,56,Bachelor's/four year degree,Bachelor's/four year degree,White,White,No,,,Other,Insured,Divorced,Other/Single,U.S.,English,No,1,1st gen,43,30 or more,43,1,One owner,Deckhand,10,5 to 15,Word of mouth,Very easy,7,5 to 7 days,12,9 to 14 hours,4,3 to 5 members,Hired Captain,Deckhand,Deckhand,1,Share system,Share,50,50,Yes,Yes,Yes,No,No,No,No,Satisfied,4,Satisfied,4,Satisfied,4,Satisfied,4,Satisfied,4,Satisfied,4,Satisfied,4,Satisfied,4,Satisfied,4,No,Yes,Agree,Agree,No,Strongly Agree,Neutral,Neutral,37.0299,-76.3452,23503,1,12,12,12,-0.19864459
2019,2018-19,Complete,"Montauk, NY","Montauk, NY","Montauk, NY",Squid,Other,Other,Other,Other,45 to 54,54,Associate's/two-year degree,Associate's/two-year degree,White,White,No,,,Not insured,Not insured,Divorced,Other/Single,Outside U.S.,Other,No,1,1st gen,30,30 or more,30,1,One owner,Deckhand,11,5 to 15,Previous work,Easy,5,5 to 7 days,18,18 hours or more,3,3 to 5 members,Hired Captain,Captain,Captain,0,Share system,Share,,,Yes,Yes,No,Yes,No,No,No,Satisfied,4,Dissatisfied,2,Satisfied,4,Dissatisfied,2,Neutral,3,Satisfied,4,Satisfied,4,Neutral,3,Neutral,3,Yes,Don't know,Disagree,Neutral,Yes,Strongly Agree,Neutral,Strongly Agree,41.0359,-71.954498,11954,2,10,9,10,0.35286254
2019,2018-19,Complete,"Montauk, NY","Montauk, NY","Montauk, NY",Squid,Other,Other,Other,Other,45 to 54,48,HS or equivalent,HS or equivalent,White,White,No,"$50,000 - $59,999","$30,000 - $59,999",Not insured,Not insured,Divorced,Other/Single,U.S.,English,Yes,1,1st gen,20,16 to 29,20,2,Two owners,Deckhand,0,Less than 5,Word of mouth,Easy,6,5 to 7 days,18,18 hours or more,3,3 to 5 members,Owner-operated,Mate,Other,1,Share system,Share,,,Yes,Yes,No,Yes,No,No,No,Satisfied,4,Neutral,3,Very Satisfied,5,Neutral,3,Neutral,3,Neutral,3,Neutral,3,Neutral,3,Very Satisfied,5,No,Yes,Strongly Disagree,Disagree,Yes,Strongly Agree,Strongly Disagree,Agree,41.0359,-71.954498,11954,2,12,9,11,0.35286254
2019,2018-19,Complete,"Montauk, NY","Montauk, NY","Montauk, NY",Squid,Other,Other,Other,Other,45 to 54,48,Less than HS,Less than HS,White,White,No,"$80,000 - $89,999","$60,000 - $89,999",Not insured,Not insured,Divorced,Other/Single,U.S.,English,Yes,4,4th gen or greater,32,30 or more,32,1,One owner,Deckhand,3,Less than 5,Word of mouth,Easy,6,5 to 7 days,16,15 to 17 hours,3,3 to 5 members,Hired Captain,Captain,Captain,0,Share system,Share,,,Yes,Yes,No,Yes,No,No,No,Neutral,3,Neutral,3,Neutral,3,Dissatisfied,2,Dissatisfied,2,Neutral,3,Dissatisfied,2,Dissatisfied,2,Dissatisfied,2,Yes,Yes,Agree,Agree,Yes,Strongly Agree,Agree,Strongly Agree,41.0359,-71.954498,11954,2,9,7,6,0.35286254
2019,2018-19,Complete,"Montauk, NY","Montauk, NY","Montauk, NY",Squid,Other,Other,Other,Other,25 to 34,28,Associate's/two-year degree,Associate's/two-year degree,White,White,No,,,Fed or state insurance,Insured,Living with partner,Other/Single,U.S.,English,Yes,2,2nd gen,12,5 to 15,12,1,One owner,Deckhand,12,5 to 15,Related to owner,Easy,3,2 to 4 days,15,15 to 17 hours,3,3 to 5 members,Owner-operated,Deckhand,Deckhand,1,Share system,Share,,,Yes,Yes,No,Yes,Yes,No,No,Satisfied,4,Neutral,3,Very Satisfied,5,Neutral,3,Neutral,3,Satisfied,4,Very Satisfied,5,Very Satisfied,5,Neutral,3,Yes,Yes,Strongly Disagree,Strongly Disagree,Yes,Strongly Agree,Neutral,Strongly Agree,41.0359,-71.954498,11954,2,12,10,13,0.35286254
2019,2018-19,Complete,"Montauk, NY","Montauk, NY","Montauk, NY",Squid,Other,Other,Other,Other,Under 25,22,Associate's/two-year degree,Associate's/two-year degree,Some other race,Non-White,Yes,"$20,000 - $29,999","Less than $30,000",Other,Insured,Never Married,Other/Single,U.S.,English,No,1,1st gen,0,Less than 5,0,1,One owner,Deckhand,0,Less than 5,Other,Easy,6,5 to 7 days,16,15 to 17 hours,4,3 to 5 members,Owner-operated,Deckhand,Deckhand,1,Share system,Share,,,Yes,Yes,No,Yes,Yes,No,No,Very Satisfied,5,Satisfied,4,Neutral,3,Dissatisfied,2,Neutral,3,Satisfied,4,Very Satisfied,5,Very Satisfied,5,Very Satisfied,5,Yes,Yes,Neutral,Agree,No,Neutral,Agree,Strongly Agree,41.0359,-71.954498,11954,2,12,9,15,0.35286254
2019,2018-19,Complete,"Beaufort, NC","Montauk, NY","Montauk, NY",Squid,Other,Other,Other,Other,25 to 34,32,HS or equivalent,HS or equivalent,White,White,No,"$80,000 - $89,999","$60,000 - $89,999",Not insured,Not insured,Married,Married,U.S.,English,Yes,1,1st gen,8,5 to 15,8,1,One owner,Deckhand,6,5 to 15,Referred by a friend,Very easy,6,5 to 7 days,18,18 hours or more,4,3 to 5 members,Owner-operated,Deckhand,Deckhand,1,Share system,Share,,,Yes,Yes,No,Yes,No,No,No,Satisfied,4,Satisfied,4,Satisfied,4,Very Dissatisfied,1,Neutral,3,Dissatisfied,2,Very Satisfied,5,Very Satisfied,5,Neutral,3,Yes,Yes,Strongly Disagree,Agree,No,Strongly Agree,Disagree,Strongly Agree,41.0359,-71.954498,11954,2,12,6,13,0.35286254
2019,2018-19,Complete,"Montauk, NY","Montauk, NY","Montauk, NY",Squid,Other,Other,Other,Other,35 to 44,41,HS or equivalent,HS or equivalent,White,White,No,"$50,000 - $59,999","$30,000 - $59,999",Not insured,Not insured,Never Married,Other/Single,U.S.,English,Yes,2,2nd gen,25,16 to 29,25,1,One owner,Deckhand,2,Less than 5,Word of mouth,Easy,7,5 to 7 days,14,9 to 14 hours,3,3 to 5 members,Hired Captain,Deckhand,Deckhand,1,Share system,Share,60,40,Yes,Yes,No,Yes,No,No,No,Satisfied,4,Satisfied,4,Neutral,3,Neutral,3,Neutral,3,Neutral,3,Satisfied,4,Satisfied,4,Neutral,3,No,Don't know,Disagree,Agree,No,Neutral,Strongly Disagree,Strongly Agree,41.0359,-71.954498,11954,2,11,9,11,0.35286254
2019,2018-19,Complete,"Beaufort, NC","Montauk, NY","Montauk, NY",Squid,Other,Other,Other,Other,55 or older,59,Less than HS,Less than HS,White,White,No,"$90,000 - $99,999","$90,000 - $119,999",Not insured,Not insured,Divorced,Other/Single,U.S.,English,No,1,1st gen,35,30 or more,35,1,One owner,Deckhand,22,16 to 29,Word of mouth,Difficult,6,5 to 7 days,14,9 to 14 hours,4,3 to 5 members,Owner-operated,Deckhand,Deckhand,1,Share system,Share,,,Yes,Yes,No,Yes,Yes,No,No,Very Satisfied,5,Satisfied,4,Very Satisfied,5,Satisfied,4,Satisfied,4,Satisfied,4,Very Satisfied,5,Very Satisfied,5,Neutral,3,Don't know,Yes,Strongly Disagree,Strongly Disagree,No,Strongly Agree,Strongly Disagree,Strongly Agree,41.0359,-71.954498,11954,2,14,12,13,0.35286254
2019,2018-19,Complete,"Montauk, NY","Montauk, NY","Montauk, NY",Squid,Other,Other,Other,Other,55 or older,65,Less than HS,Less than HS,White,White,No,"$50,000 - $59,999","$30,000 - $59,999",Fed or state insurance,Insured,Divorced,Other/Single,U.S.,English,No,1,1st gen,27,16 to 29,27,3,Three owners,Deckhand,5,5 to 15,Word of mouth,Easy,3,2 to 4 days,20,18 hours or more,4,3 to 5 members,Hired Captain,Deckhand,Deckhand,1,Share system,Share,,,Yes,Yes,No,Yes,Yes,No,No,Satisfied,4,Satisfied,4,Very Dissatisfied,1,Very Dissatisfied,1,Dissatisfied,2,Satisfied,4,Satisfied,4,Satisfied,4,Dissatisfied,2,No,No,Agree,Agree,No,Agree,Strongly Disagree,Strongly Agree,41.0359,-71.954498,11954,2,9,7,10,0.35286254
2019,2018-19,Complete,"Beaufort, NC","Montauk, NY","Montauk, NY",Squid,Other,Other,Other,Other,35 to 44,36,Associate's/two-year degree,Associate's/two-year degree,White,White,No,,,Not insured,Not insured,Never Married,Other/Single,U.S.,English,No,2,2nd gen,14,5 to 15,14,1,One owner,Deckhand,1,Less than 5,Word of mouth,Very difficult,6,5 to 7 days,20,18 hours or more,4,3 to 5 members,Owner-operated,Deckhand,Deckhand,1,Share system,Share,,,Yes,No,No,Yes,No,No,No,Dissatisfied,2,Neutral,3,Very Satisfied,5,Satisfied,4,Satisfied,4,Satisfied,4,Satisfied,4,Satisfied,4,Satisfied,4,Yes,Don't know,Strongly Disagree,Disagree,No,Agree,Strongly Disagree,Strongly Agree,41.0359,-71.954498,11954,2,10,12,12,0.35286254
2019,2018-19,Complete,"Montauk, NY","Montauk, NY","Montauk, NY",Squid,Other,Other,Other,Other,25 to 34,31,Associate's/two-year degree,Associate's/two-year degree,White,White,No,,,Other,Insured,Never Married,Other/Single,U.S.,English,Yes,3,3rd gen,3,Less than 5,3,1,One owner,Deckhand,0,Less than 5,Word of mouth,Easy,3,2 to 4 days,12,9 to 14 hours,3,3 to 5 members,Owner-operated,Deckhand,Deckhand,1,Share system,Share,,,No,No,No,No,No,No,No,Satisfied,4,Neutral,3,Satisfied,4,Satisfied,4,Satisfied,4,Satisfied,4,Very Satisfied,5,Satisfied,4,Satisfied,4,Yes,Yes,Disagree,Disagree,No,Agree,Agree,Disagree,41.0359,-71.954498,11954,2,11,12,13,0.35286254
2019,2018-19,Complete,"Point Judith, RI",Multiple Ports,"Point Lookout, NY",Squid,Other,Other,Other,Other,45 to 54,51,HS or equivalent,HS or equivalent,White,White,No,"$70,000 - $79,999","$60,000 - $89,999",Not insured,Not insured,Widowed,Other/Single,Outside U.S.,English,No,3,3rd gen,30,30 or more,30,1,One owner,Deckhand,3,Less than 5,Referred by a friend,Easy,4,2 to 4 days,16,15 to 17 hours,3,3 to 5 members,Hired Captain,Captain,Captain,0,Share system,Share,55,45,Yes,Yes,No,No,Yes,No,No,Satisfied,4,Very Dissatisfied,1,Neutral,3,Neutral,3,Neutral,3,Satisfied,4,Very Satisfied,5,Very Satisfied,5,Very Satisfied,5,Yes,Yes,Strongly Disagree,Strongly Disagree,No,Disagree,Neutral,Agree,40.083199,-74.068199,8742,1,8,10,15,-0.90694255
2019,2018-19,Complete,"Point Judith, RI","Point Judith, RI","Point Lookout, NY",Squid,Other,Other,Other,Other,45 to 54,49,HS or equivalent,HS or equivalent,White,White,No,"$70,000 - $79,999","$60,000 - $89,999",Not insured,Not insured,Divorced,Other/Single,U.S.,English,Yes,1,1st gen,31,30 or more,31,3,Three owners,Cook,0,Less than 5,Related to non-owner,Easy,4,2 to 4 days,14,9 to 14 hours,3,3 to 5 members,Hired Captain,Mate,Other,1,Share system,Share,55,45,Yes,Yes,No,Yes,No,No,No,Satisfied,4,Satisfied,4,Very Satisfied,5,Neutral,3,Very Satisfied,5,Very Satisfied,5,Very Satisfied,5,Very Satisfied,5,Satisfied,4,Yes,Yes,Neutral,Disagree,No,Agree,Agree,Neutral,41.365398,-71.486702,2882,1,13,13,14,-0.075379163
2019,2018-19,Complete,"Point Judith, RI","Point Judith, RI","Point Lookout, NY",Squid,Other,Other,Other,Other,35 to 44,37,HS or equivalent,HS or equivalent,White,White,No,"$100,000 - $119,999","$90,000 - $119,999",Not insured,Not insured,Living with partner,Other/Single,U.S.,English,No,1,1st gen,10,5 to 15,10,1,One owner,Deckhand,2,Less than 5,Word of mouth,Very easy,5,5 to 7 days,18,18 hours or more,4,3 to 5 members,Hired Captain,Deckhand,Deckhand,1,Share system,Share,55,45,Yes,Yes,No,Yes,No,No,No,Very Satisfied,5,Satisfied,4,Very Satisfied,5,Dissatisfied,2,Neutral,3,Satisfied,4,Very Satisfied,5,Very Satisfied,5,Very Satisfied,5,Yes,Yes,Disagree,Neutral,No,Agree,Strongly Disagree,Strongly Agree,41.365398,-71.486702,2882,1,14,9,15,-0.075379163
2019,2018-19,Complete,"Point Judith, RI","Point Judith, RI","Point Lookout, NY",Squid,Other,Other,Other,Other,35 to 44,43,HS or equivalent,HS or equivalent,White,White,No,,,Private insurance,Insured,Never Married,Other/Single,U.S.,English,No,2,2nd gen,25,16 to 29,25,2,Two owners,Deckhand,0,Less than 5,Word of mouth,Very easy,6,5 to 7 days,17,15 to 17 hours,3,3 to 5 members,Hired Captain,Captain,Captain,0,Share system,Share,90,10,Yes,Yes,No,No,Yes,No,No,Satisfied,4,Dissatisfied,2,Satisfied,4,Dissatisfied,2,Dissatisfied,2,Satisfied,4,Very Satisfied,5,Very Satisfied,5,Satisfied,4,No,Don't know,Disagree,Agree,No,Agree,Neutral,Agree,41.365398,-71.486702,2882,1,10,8,14,-0.075379163
2019,2018-19,Complete,"Point Judith, RI","Point Judith, RI","Point Lookout, NY",Squid,Other,Other,Other,Other,25 to 34,33,Associate's/two-year degree,Associate's/two-year degree,White,White,No,"$60,000 - $69,999","$60,000 - $89,999",Not insured,Not insured,Never Married,Other/Single,U.S.,English,Yes,2,2nd gen,4,Less than 5,4,2,Two owners,Deckhand,0,Less than 5,Other,Very easy,4,2 to 4 days,14,9 to 14 hours,3,3 to 5 members,Hired Captain,Deckhand,Deckhand,1,Share system,Share,55,45,Yes,Yes,No,Yes,No,No,No,Satisfied,4,Satisfied,4,Very Satisfied,5,Very Satisfied,5,Satisfied,4,Very Satisfied,5,Very Satisfied,5,Very Satisfied,5,Very Satisfied,5,Yes,Yes,Agree,Disagree,No,Neutral,Agree,Neutral,41.365398,-71.486702,2882,1,13,14,15,-0.075379163
2019,2018-19,Complete,"Point Judith, RI","Point Judith, RI","Point Lookout, NY",Squid,Other,Other,Other,Other,25 to 34,30,HS or equivalent,HS or equivalent,White,White,No,"$60,000 - $69,999","$60,000 - $89,999",Private insurance,Insured,Never Married,Other/Single,U.S.,English,Yes,1,1st gen,15,5 to 15,15,1,One owner,Deckhand,4,Less than 5,Word of mouth,Very easy,10,More than 7 days,10,9 to 14 hours,5,3 to 5 members,Hired Captain,Deckhand,Deckhand,1,Share system,Share,50,50,Yes,Yes,No,Yes,No,No,No,Satisfied,4,Neutral,3,Satisfied,4,Neutral,3,Satisfied,4,Very Satisfied,5,Very Satisfied,5,Very Satisfied,5,Satisfied,4,Yes,Yes,Strongly Disagree,Strongly Disagree,No,Disagree,Strongly Agree,Disagree,41.365398,-71.486702,2882,1,11,12,14,-0.075379163
2019,2018-19,Complete,"Point Judith, RI","Point Judith, RI","Point Lookout, NY",Squid,Other,Other,Other,Other,25 to 34,27,Graduate degree,Graduate degree,White,White,No,"$90,000 - $99,999","$90,000 - $119,999",Fed or state insurance,Insured,Never Married,Other/Single,U.S.,English,Yes,3,3rd gen,3,Less than 5,3,1,One owner,Cook,3,Less than 5,Referred by a friend,Very easy,7,5 to 7 days,20,18 hours or more,4,3 to 5 members,Hired Captain,Deckhand,Deckhand,1,Share system,Share,55,45,Yes,Yes,Yes,Yes,No,No,No,Very Satisfied,5,Very Dissatisfied,1,Neutral,3,Dissatisfied,2,Dissatisfied,2,Dissatisfied,2,Very Satisfied,5,Neutral,3,Neutral,3,No,No,Agree,Strongly Agree,No,Strongly Agree,Strongly Disagree,Neutral,41.365398,-71.486702,2882,1,9,6,11,-0.075379163
2019,2018-19,Complete,"Point Judith, RI","Point Judith, RI","Point Lookout, NY",Squid,Other,Other,Other,Other,55 or older,66,HS or equivalent,HS or equivalent,White,White,No,"$100,000 - $119,999","$90,000 - $119,999",Spouse/partner,Insured,Married,Married,Outside U.S.,English,No,1,1st gen,40,30 or more,40,1,One owner,Cook,10,5 to 15,Previous work,Very easy,4,2 to 4 days,19,18 hours or more,4,3 to 5 members,Hired Captain,Captain,Captain,0,Share system,Share,55,45,Yes,Yes,No,No,No,No,Yes,Satisfied,4,Neutral,3,Satisfied,4,Dissatisfied,2,Dissatisfied,2,Neutral,3,Satisfied,4,Satisfied,4,Very Satisfied,5,Don't know,Yes,Agree,Strongly Agree,Yes,Strongly Agree,Neutral,Disagree,41.365398,-71.486702,2882,1,11,7,13,-0.075379163
2019,2018-19,Complete,"Point Judith, RI","Point Judith, RI","Point Lookout, NY",Squid,Other,Other,Other,Other,45 to 54,49,Less than HS,Less than HS,Some other race,Non-White,No,"$60,000 - $69,999","$60,000 - $89,999",Not insured,Not insured,Divorced,Other/Single,Outside U.S.,Portuguese,No,1,1st gen,18,16 to 29,18,1,One owner,Deckhand,3,Less than 5,Word of mouth,Easy,17,More than 7 days,12,9 to 14 hours,3,3 to 5 members,Hired Captain,Deckhand,Deckhand,1,Per trip,Other,,,No,No,No,No,No,No,No,Satisfied,4,Satisfied,4,Satisfied,4,Satisfied,4,Satisfied,4,Very Satisfied,5,Very Satisfied,5,Very Satisfied,5,Satisfied,4,Yes,Yes,Agree,Disagree,No,Agree,Agree,Agree,41.365398,-71.486702,2882,1,12,13,14,-0.075379163
2019,2018-19,Complete,"Point Judith, RI","Point Judith, RI","Point Lookout, NY",Squid,Other,Other,Other,Other,Under 25,24,Bachelor's/four year degree,Bachelor's/four year degree,White,White,No,"$120,000 or more","$120,000 or more",Other,Insured,Married,Married,U.S.,English,No,1,1st gen,0,Less than 5,0,1,One owner,Deckhand,0,Less than 5,Word of mouth,Very easy,5,5 to 7 days,18,18 hours or more,3,3 to 5 members,DK/NA,Deckhand,Deckhand,1,Share system,Share,90,10,Yes,Yes,No,Yes,No,No,No,Very Satisfied,5,Satisfied,4,Satisfied,4,Very Dissatisfied,1,Dissatisfied,2,Satisfied,4,Neutral,3,Neutral,3,Dissatisfied,2,Yes,No,Agree,Agree,No,Disagree,Agree,Disagree,41.365398,-71.486702,2882,1,13,7,8,-0.075379163
2019,2018-19,Complete,"Point Judith, RI","Point Judith, RI","Point Lookout, NY",Squid,Other,Other,Other,Other,25 to 34,30,Associate's/two-year degree,Associate's/two-year degree,White,White,No,"$10,000 - $19,999","Less than $30,000",Not insured,Not insured,Never Married,Other/Single,U.S.,English,Yes,3,3rd gen,3,Less than 5,3,2,Two owners,Deckhand,1,Less than 5,Word of mouth,Easy,4,2 to 4 days,12,9 to 14 hours,4,3 to 5 members,Hired Captain,Deckhand,Deckhand,1,Share system,Share,55,45,Yes,Yes,No,No,No,No,No,Neutral,3,Neutral,3,Very Satisfied,5,Neutral,3,Neutral,3,Satisfied,4,Very Satisfied,5,Satisfied,4,Satisfied,4,Yes,Yes,Disagree,Disagree,Yes,Neutral,Neutral,Agree,41.365398,-71.486702,2882,1,11,10,13,-0.075379163
2019,2018-19,Complete,"Point Judith, RI","Point Judith, RI","Point Lookout, NY",Squid,Other,Other,Other,Other,Under 25,20,HS or equivalent,HS or equivalent,White,White,No,"$60,000 - $69,999","$60,000 - $89,999",Not insured,Not insured,Never Married,Other/Single,U.S.,English,Yes,2,2nd gen,2,Less than 5,2,1,One owner,Deckhand,2,Less than 5,Related to non-owner,Very easy,6,5 to 7 days,7,8 hours or less,4,3 to 5 members,Hired Captain,Multiple Positions,Multiple Positions,1,Share system,Share,55,45,Yes,Yes,No,Yes,No,No,No,Satisfied,4,Satisfied,4,Neutral,3,Dissatisfied,2,Dissatisfied,2,Neutral,3,Satisfied,4,Very Satisfied,5,Very Satisfied,5,No,Yes,Strongly Agree,Strongly Agree,No,Disagree,Agree,Neutral,41.365398,-71.486702,2882,1,11,7,14,-0.075379163
2019,2018-19,Complete,"Point Judith, RI","Point Judith, RI","Point Lookout, NY",Squid,Other,Other,Other,Other,35 to 44,37,HS or equivalent,HS or equivalent,White,White,No,"$50,000 - $59,999","$30,000 - $59,999",Fed or state insurance,Insured,Never Married,Other/Single,U.S.,English,Yes,4,4th gen or greater,37,30 or more,37,4,Four or more,Deckhand,0,Less than 5,Word of mouth,Very easy,7,5 to 7 days,12,9 to 14 hours,3,3 to 5 members,Owner-operated,Deckhand,Deckhand,1,Share system,Share,,,Yes,Yes,No,Yes,No,Yes,Yes,Satisfied,4,Neutral,3,Dissatisfied,2,Dissatisfied,2,Satisfied,4,Satisfied,4,Very Satisfied,5,Very Satisfied,5,Satisfied,4,Yes,Yes,Disagree,Agree,No,Agree,Disagree,Agree,41.365398,-71.486702,2882,1,9,10,14,-0.075379163
2019,2018-19,Complete,"Point Judith, RI","Point Judith, RI","Point Lookout, NY",Squid,Other,Other,Other,Other,35 to 44,41,HS or equivalent,HS or equivalent,White,White,No,"$50,000 - $59,999","$30,000 - $59,999",Not insured,Not insured,Living with partner,Other/Single,U.S.,English,No,1,1st gen,21,16 to 29,21,1,One owner,Deckhand,6,5 to 15,Other,Very easy,7,5 to 7 days,18,18 hours or more,4,3 to 5 members,Hired Captain,Multiple Positions,Multiple Positions,1,Share system,Share,55,45,Yes,Yes,No,Yes,No,No,Yes,Neutral,3,Neutral,3,Very Satisfied,5,Dissatisfied,2,Dissatisfied,2,Very Satisfied,5,Satisfied,4,Dissatisfied,2,Dissatisfied,2,No,No,Strongly Disagree,Strongly Agree,Yes,Disagree,Agree,Disagree,41.365398,-71.486702,2882,1,11,9,8,-0.075379163
2019,2018-19,Complete,"Hampton, VA","Point Judith, RI","Point Lookout, NY",Squid,Other,Other,Other,Other,55 or older,58,HS or equivalent,HS or equivalent,White,White,No,"$80,000 - $89,999","$60,000 - $89,999",Spouse/partner,Insured,Married,Married,U.S.,English,Yes,2,2nd gen,40,30 or more,40,3,Three owners,Deckhand,2,Less than 5,Other,Very easy,1,1 day,15,15 to 17 hours,3,3 to 5 members,Owner-operated,Deckhand,Deckhand,1,Share system,Share,,,Yes,Yes,Yes,Yes,Yes,No,No,Very Dissatisfied,1,Very Dissatisfied,1,Neutral,3,Very Dissatisfied,1,Neutral,3,Very Dissatisfied,1,Very Satisfied,5,Very Satisfied,5,Satisfied,4,Yes,Yes,Strongly Disagree,Strongly Agree,Yes,Agree,Disagree,Strongly Agree,41.365398,-71.486702,2882,1,5,5,14,-0.075379163
2019,2018-19,Complete,"Point Judith, RI","Point Judith, RI","Stonington, ME",Squid,Other,Other,Other,Other,45 to 54,51,HS or equivalent,HS or equivalent,White,White,No,"$100,000 - $119,999","$90,000 - $119,999",Spouse/partner,Insured,Married,Married,U.S.,English,No,1,1st gen,34,30 or more,34,1,One owner,Mate/1st Mate,9,5 to 15,Word of mouth,Very easy,4,2 to 4 days,18,18 hours or more,3,3 to 5 members,Hired Captain,Captain,Captain,0,Share system,Share,55,45,Yes,Yes,No,Yes,No,No,No,Very Satisfied,5,Satisfied,4,Satisfied,4,Dissatisfied,2,Dissatisfied,2,Dissatisfied,2,Satisfied,4,Satisfied,4,Satisfied,4,Yes,Yes,Disagree,Disagree,Yes,Disagree,Agree,Strongly Agree,41.365398,-71.486702,2882,1,13,6,12,-0.075379163
2019,2018-19,Complete,"Point Judith, RI","Point Judith, RI","Point Lookout, NY",Squid,Other,Other,Other,Other,Under 25,20,HS or equivalent,HS or equivalent,White,White,No,,,Other,Insured,Never Married,Other/Single,U.S.,English,No,1,1st gen,0,Less than 5,0,1,One owner,Deckhand,0,Less than 5,Other,Easy,3,2 to 4 days,14,9 to 14 hours,4,3 to 5 members,Hired Captain,Deckhand,Deckhand,1,Share system,Share,,,Yes,Yes,No,Yes,No,No,No,Satisfied,4,Neutral,3,Satisfied,4,Dissatisfied,2,Dissatisfied,2,Neutral,3,Very Satisfied,5,Neutral,3,Satisfied,4,Yes,Yes,Neutral,Strongly Agree,No,Agree,Strongly Agree,Disagree,41.365398,-71.486702,2882,1,11,7,12,-0.075379163
2019,2018-19,Complete,"Point Judith, RI","Point Pleasant, NJ","Point Lookout, NY",Squid,Other,Other,Other,Other,25 to 34,29,HS or equivalent,HS or equivalent,White,White,No,"$90,000 - $99,999","$90,000 - $119,999",Fed or state insurance,Insured,Married,Married,U.S.,English,Yes,1,1st gen,8,5 to 15,8,4,Four or more,Deckhand,0,Less than 5,Word of mouth,Very easy,7,5 to 7 days,17,15 to 17 hours,3,3 to 5 members,Hired Captain,Deckhand,Deckhand,1,Share system,Share,55,45,Yes,Yes,No,Yes,No,No,No,Very Satisfied,5,Very Satisfied,5,Satisfied,4,Satisfied,4,Satisfied,4,Satisfied,4,Very Satisfied,5,Very Satisfied,5,Satisfied,4,Yes,Yes,Strongly Disagree,Strongly Disagree,No,Strongly Disagree,Strongly Disagree,Strongly Agree,40.083199,-74.068199,8742,1,14,12,14,-0.90694255
2019,2018-19,Complete,"Stonington, CT","Stonington, CT","Stonington, ME",Squid,Other,Other,Other,Other,25 to 34,27,HS or equivalent,HS or equivalent,White,White,No,"$70,000 - $79,999","$60,000 - $89,999",Private insurance,Insured,Never Married,Other/Single,U.S.,English,No,1,1st gen,2,Less than 5,2,2,Two owners,Deckhand,0,Less than 5,Word of mouth,Easy,3,2 to 4 days,16,15 to 17 hours,4,3 to 5 members,Owner-operated,Deckhand,Deckhand,1,Share system,Share,,,Yes,Yes,No,Yes,No,No,No,Very Satisfied,5,Very Satisfied,5,Satisfied,4,Neutral,3,Satisfied,4,Satisfied,4,Very Satisfied,5,Satisfied,4,Very Satisfied,5,Yes,Yes,Disagree,Agree,Yes,Strongly Agree,Neutral,Strongly Agree,41.335899,-71.905899,6355,1,14,11,14,0.58387566
2019,2018-19,Complete,"Stonington, CT","Stonington, CT","Stonington, ME",Squid,Other,Other,Other,Other,Under 25,22,HS or equivalent,HS or equivalent,White,White,No,"$90,000 - $99,999","$90,000 - $119,999",Other,Insured,Never Married,Other/Single,U.S.,English,Yes,4,4th gen or greater,5,5 to 15,5,2,Two owners,Deckhand,1,Less than 5,Word of mouth,Easy,3,2 to 4 days,18,18 hours or more,4,3 to 5 members,Owner-operated,Deckhand,Deckhand,1,Share system,Share,,,Yes,Yes,No,Yes,No,No,No,Very Satisfied,5,Dissatisfied,2,Satisfied,4,Satisfied,4,Satisfied,4,Very Satisfied,5,Very Satisfied,5,Very Satisfied,5,Very Satisfied,5,Yes,Yes,Disagree,Disagree,Yes,Strongly Agree,Agree,Strongly Agree,41.335899,-71.905899,6355,1,11,13,15,0.58387566
2019,2018-19,Complete,"Hampton Bays/Shinnecock, NY","Hampton Bays/Shinnecock, NY","Hampton Bays/Shinnecock, NY",Striped Bass,Other,Other,Other,Other,Under 25,19,HS or equivalent,HS or equivalent,White,White,No,"$10,000 - $19,999","Less than $30,000",Not insured,Not insured,Never Married,Other/Single,U.S.,English,Yes,4,4th gen or greater,6,5 to 15,6,1,One owner,Deckhand,6,5 to 15,Related to owner,Easy,1,1 day,6,8 hours or less,3,3 to 5 members,Owner-operated,Deckhand,Deckhand,1,Per trip,Other,,,No,No,No,No,No,No,No,Satisfied,4,Satisfied,4,Neutral,3,Neutral,3,Neutral,3,Satisfied,4,Satisfied,4,Satisfied,4,Satisfied,4,Don't know,Yes,Disagree,Agree,Yes,Strongly Agree,Agree,Strongly Agree,40.868999,-72.517601,11946,1,11,10,12,-0.021223983
2019,2018-19,Complete,"Atlantic City, NJ","Atlantic City, NJ","Atlantic City, NJ",Surf Clam/Ocean Quahogs,Other,Other,Other,Other,45 to 54,52,HS or equivalent,HS or equivalent,White,White,No,"$80,000 - $89,999","$60,000 - $89,999",Not insured,Not insured,Living with partner,Other/Single,U.S.,English,Yes,1,1st gen,6,5 to 15,6,1,One owner,Mate/1st Mate,2,Less than 5,Previous work,Easy,2,2 to 4 days,16,15 to 17 hours,4,3 to 5 members,Hired Captain,Captain,Captain,0,Share system,Share,,,No,No,No,Yes,No,No,No,Satisfied,4,Dissatisfied,2,Satisfied,4,Very Dissatisfied,1,Dissatisfied,2,Dissatisfied,2,Satisfied,4,Satisfied,4,Satisfied,4,No,No,Strongly Disagree,Strongly Agree,No,Agree,Neutral,Strongly Disagree,39.3643,-74.422897,8401,1,10,5,12,-0.53189749
2019,2018-19,Complete,"Atlantic City, NJ","Atlantic City, NJ","Atlantic City, NJ",Surf Clam/Ocean Quahogs,Other,Other,Other,Other,55 or older,55,HS or equivalent,HS or equivalent,White,White,No,"$100,000 - $119,999","$90,000 - $119,999",Spouse/partner,Insured,Married,Married,U.S.,English,Yes,3,3rd gen,39,30 or more,39,1,One owner,Deckhand,7,5 to 15,Word of mouth,Very easy,2,2 to 4 days,18,18 hours or more,3,3 to 5 members,Owner-operated,Captain,Captain,0,Other,Other,,,No,No,No,No,No,No,No,Satisfied,4,Neutral,3,Satisfied,4,Satisfied,4,Dissatisfied,2,Neutral,3,Neutral,3,Satisfied,4,Very Satisfied,5,No,Yes,Agree,Agree,No,Strongly Disagree,Agree,Disagree,39.3643,-74.422897,8401,1,11,9,12,-0.53189749
2019,2018-19,Complete,"Atlantic City, NJ","Atlantic City, NJ","Atlantic City, NJ",Surf Clam/Ocean Quahogs,Other,Other,Other,Other,25 to 34,30,Less than HS,Less than HS,White,White,No,"$90,000 - $99,999","$90,000 - $119,999",Not insured,Not insured,Living with partner,Other/Single,U.S.,English,Yes,2,2nd gen,13,5 to 15,13,1,One owner,Deckhand,13,5 to 15,Related to non-owner,Very easy,3,2 to 4 days,16,15 to 17 hours,5,3 to 5 members,Hired Captain,Mate,Other,1,Other,Other,,,No,No,No,No,No,No,No,Satisfied,4,Dissatisfied,2,Very Satisfied,5,Dissatisfied,2,Neutral,3,Neutral,3,Neutral,3,Satisfied,4,Satisfied,4,Yes,Yes,Strongly Disagree,Neutral,No,Disagree,Neutral,Disagree,39.3643,-74.422897,8401,1,11,8,11,-0.53189749
2019,2018-19,Complete,"Atlantic City, NJ","Atlantic City, NJ","Atlantic City, NJ",Surf Clam/Ocean Quahogs,Other,Other,Other,Other,35 to 44,40,HS or equivalent,HS or equivalent,White,White,No,"$50,000 - $59,999","$30,000 - $59,999",Not insured,Not insured,Never Married,Other/Single,U.S.,English,Yes,3,3rd gen,20,16 to 29,20,1,One owner,Deckhand,5,5 to 15,Related to owner,Very easy,2,2 to 4 days,16,15 to 17 hours,3,3 to 5 members,Owner-operated,Mate,Other,1,Other,Other,,,No,No,No,No,No,No,No,Dissatisfied,2,Dissatisfied,2,Neutral,3,Very Dissatisfied,1,Dissatisfied,2,Satisfied,4,Satisfied,4,Satisfied,4,Satisfied,4,Don't know,Don't know,Agree,Agree,No,Disagree,Agree,Neutral,39.3643,-74.422897,8401,1,7,7,12,-0.53189749
2019,2018-19,Complete,"Atlantic City, NJ","Atlantic City, NJ","Atlantic City, NJ",Surf Clam/Ocean Quahogs,Other,Other,Other,Other,25 to 34,34,Bachelor's/four year degree,Bachelor's/four year degree,White,White,No,"$70,000 - $79,999","$60,000 - $89,999",Not insured,Not insured,Never Married,Other/Single,U.S.,English,Yes,4,4th gen or greater,7,5 to 15,7,1,One owner,Deckhand,2,Less than 5,Word of mouth,Easy,2,2 to 4 days,18,18 hours or more,4,3 to 5 members,Hired Captain,Mate,Other,1,Other,Other,,,No,No,No,No,No,No,No,Dissatisfied,2,Neutral,3,Satisfied,4,Very Dissatisfied,1,Satisfied,4,Neutral,3,Very Satisfied,5,Very Satisfied,5,Very Satisfied,5,No,Yes,Disagree,Agree,No,Agree,Neutral,Disagree,39.3643,-74.422897,8401,1,9,8,15,-0.53189749
2019,2018-19,Complete,"Atlantic City, NJ","Atlantic City, NJ","Atlantic City, NJ",Surf Clam/Ocean Quahogs,Other,Other,Other,Other,35 to 44,35,Bachelor's/four year degree,Bachelor's/four year degree,White,White,No,"$40,000 - $49,999","$30,000 - $59,999",Not insured,Not insured,Never Married,Other/Single,U.S.,English,Yes,2,2nd gen,15,5 to 15,15,1,One owner,Deckhand,0,Less than 5,Previous work,Neither easy nor difficult,2,2 to 4 days,20,18 hours or more,4,3 to 5 members,Hired Captain,Captain,Captain,0,Share system,Share,,,Yes,Yes,No,Yes,Yes,No,No,Dissatisfied,2,Very Dissatisfied,1,Very Dissatisfied,1,Very Dissatisfied,1,Very Dissatisfied,1,Very Dissatisfied,1,Satisfied,4,Dissatisfied,2,Satisfied,4,No,No,Disagree,Agree,No,Disagree,Neutral,Strongly Disagree,39.3643,-74.422897,8401,1,4,3,10,-0.53189749
2019,2018-19,Complete,"Atlantic City, NJ","Atlantic City, NJ","Atlantic City, NJ",Surf Clam/Ocean Quahogs,Other,Other,Other,Other,45 to 54,53,Associate's/two-year degree,Associate's/two-year degree,White,White,No,"$120,000 or more","$120,000 or more",Fed or state insurance,Insured,Divorced,Other/Single,U.S.,English,Yes,3,3rd gen,35,30 or more,35,1,One owner,Deckhand,2,Less than 5,Word of mouth,Difficult,3,2 to 4 days,17,15 to 17 hours,5,3 to 5 members,Hired Captain,Captain,Captain,0,Other,Other,,,No,No,No,No,No,No,No,Very Satisfied,5,Satisfied,4,Very Satisfied,5,Very Satisfied,5,Satisfied,4,Satisfied,4,Very Satisfied,5,Very Satisfied,5,Very Satisfied,5,Yes,Yes,Strongly Disagree,Strongly Disagree,Yes,Strongly Agree,Agree,Strongly Disagree,39.3643,-74.422897,8401,1,14,13,15,-0.53189749
2019,2018-19,Complete,"Atlantic City, NJ","Atlantic City, NJ","Atlantic City, NJ",Surf Clam/Ocean Quahogs,Other,Other,Other,Other,35 to 44,65,HS or equivalent,HS or equivalent,White,White,No,"$60,000 - $69,999","$60,000 - $89,999",Private insurance,Insured,Never Married,Other/Single,U.S.,English,Yes,3,3rd gen,20,16 to 29,20,1,One owner,Deckhand,1,Less than 5,Related to owner,Easy,2,2 to 4 days,24,18 hours or more,3,3 to 5 members,Hired Captain,Deckhand,Deckhand,1,Per trip,Other,,,No,No,No,No,No,No,No,Dissatisfied,2,Very Dissatisfied,1,Dissatisfied,2,Very Dissatisfied,1,Dissatisfied,2,Neutral,3,Neutral,3,Neutral,3,Neutral,3,No,Yes,Strongly Disagree,Agree,No,Neutral,Agree,Neutral,39.3643,-74.422897,8401,1,5,6,9,-0.53189749
2019,2018-19,Complete,"Atlantic City, NJ","Atlantic City, NJ","Atlantic City, NJ",Surf Clam/Ocean Quahogs,Other,Other,Other,Other,Under 25,21,HS or equivalent,HS or equivalent,DK/NA,Non-White,No,"$120,000 or more","$120,000 or more",Private insurance,Insured,Never Married,Other/Single,U.S.,English,No,1,1st gen,3,Less than 5,3,2,Two owners,Deckhand,2,Less than 5,Other,Difficult,3,2 to 4 days,17,15 to 17 hours,5,3 to 5 members,Hired Captain,Deckhand,Deckhand,1,Other,Other,,,No,No,No,No,No,No,No,Very Satisfied,5,Satisfied,4,Neutral,3,Satisfied,4,Neutral,3,Dissatisfied,2,Very Satisfied,5,Satisfied,4,Very Satisfied,5,Yes,Yes,Strongly Disagree,Strongly Disagree,Yes,Neutral,Disagree,Agree,39.3643,-74.422897,8401,1,12,9,14,-0.53189749
2019,2018-19,Complete,"Atlantic City, NJ","Atlantic City, NJ","Atlantic City, NJ",Surf Clam/Ocean Quahogs,Other,Other,Other,Other,35 to 44,39,HS or equivalent,HS or equivalent,White,White,No,"$60,000 - $69,999","$60,000 - $89,999",Fed or state insurance,Insured,Married,Married,U.S.,English,Yes,4,4th gen or greater,21,16 to 29,21,1,One owner,Deckhand,3,Less than 5,Referred by a friend,Very easy,2,2 to 4 days,15,15 to 17 hours,4,3 to 5 members,Hired Captain,Captain,Captain,0,Other,Other,,,No,No,No,No,No,No,No,Satisfied,4,Neutral,3,Satisfied,4,Neutral,3,Neutral,3,Dissatisfied,2,Very Satisfied,5,Very Satisfied,5,Very Satisfied,5,Yes,Yes,Disagree,Agree,No,Agree,Disagree,Disagree,39.3643,-74.422897,8401,1,11,8,15,-0.53189749
2019,2018-19,Complete,"Atlantic City, NJ","New Bedford, MA","New Gloucester, ME",Surf Clam/Ocean Quahogs,Other,Other,Other,Other,25 to 34,30,HS or equivalent,HS or equivalent,White,White,No,"$100,000 - $119,999","$90,000 - $119,999",Private insurance,Insured,Divorced,Other/Single,U.S.,English,Yes,2,2nd gen,12,5 to 15,12,1,One owner,Deckhand,2,Less than 5,Previous work,Neither easy nor difficult,4,2 to 4 days,18,18 hours or more,5,3 to 5 members,Hired Captain,Mate,Other,1,Other,Other,,,No,No,No,No,No,No,No,Neutral,3,Neutral,3,Satisfied,4,Dissatisfied,2,Neutral,3,Neutral,3,Very Satisfied,5,Satisfied,4,Neutral,3,No,Don't know,Disagree,Disagree,No,Agree,Strongly Disagree,Strongly Agree,41.6362,-70.934196,2740,1,10,8,12,0.13545999
2019,2018-19,Complete,"Atlantic City, NJ","New Bedford, MA","New Gloucester, ME",Surf Clam/Ocean Quahogs,Other,Other,Other,Other,25 to 34,27,HS or equivalent,HS or equivalent,White,White,No,"$120,000 or more","$120,000 or more",Fed or state insurance,Insured,Never Married,Other/Single,U.S.,English,Yes,2,2nd gen,2,Less than 5,2,1,One owner,Deckhand,0,Less than 5,Other,Very difficult,4,2 to 4 days,19,18 hours or more,5,3 to 5 members,Hired Captain,Deckhand,Deckhand,1,Other,Other,,,No,No,No,No,No,No,No,Satisfied,4,Satisfied,4,Neutral,3,Dissatisfied,2,Satisfied,4,Satisfied,4,Very Satisfied,5,Neutral,3,Very Satisfied,5,No,No,Disagree,Disagree,No,Agree,Agree,Agree,41.6362,-70.934196,2740,1,11,10,13,0.13545999
2019,2018-19,Complete,"Atlantic City, NJ","New Bedford, MA","New Gloucester, ME",Surf Clam/Ocean Quahogs,Other,Other,Other,Other,25 to 34,53,HS or equivalent,HS or equivalent,White,White,No,"$70,000 - $79,999","$60,000 - $89,999",Not insured,Not insured,Never Married,Other/Single,U.S.,English,Yes,3,3rd gen,1,Less than 5,1,1,One owner,Deckhand,1,Less than 5,Word of mouth,Very easy,4,2 to 4 days,18,18 hours or more,5,3 to 5 members,Hired Captain,Deckhand,Deckhand,1,Other,Other,,,No,No,No,No,No,No,No,Satisfied,4,Dissatisfied,2,Dissatisfied,2,Dissatisfied,2,Dissatisfied,2,Neutral,3,Very Satisfied,5,Neutral,3,Neutral,3,No,Yes,Strongly Disagree,Disagree,No,Disagree,Agree,Agree,41.6362,-70.934196,2740,1,8,7,11,0.13545999
2019,2018-19,Complete,"New Bedford, MA","New Bedford, MA","New Gloucester, ME",Surf Clam/Ocean Quahogs,Other,Other,Other,Other,25 to 34,33,HS or equivalent,HS or equivalent,White,White,No,"$80,000 - $89,999","$60,000 - $89,999",Private insurance,Insured,Never Married,Other/Single,U.S.,English,Yes,2,2nd gen,10,5 to 15,10,1,One owner,Deckhand,10,5 to 15,Related to owner,Very difficult,3,2 to 4 days,15,15 to 17 hours,3,3 to 5 members,Owner-operated,Captain,Captain,0,Share system,Share,60,40,No,No,No,Yes,No,No,No,Satisfied,4,Satisfied,4,Satisfied,4,Very Satisfied,5,Satisfied,4,Satisfied,4,Satisfied,4,Satisfied,4,Satisfied,4,Yes,Don't know,Agree,Agree,No,Neutral,Agree,Agree,41.6362,-70.934196,2740,1,12,13,12,0.13545999
2019,2018-19,Complete,"Atlantic City, NJ","Ocean City, NJ","Oriental, NC",Surf Clam/Ocean Quahogs,Other,Other,Other,Other,35 to 44,40,HS or equivalent,HS or equivalent,Multiracial,Non-White,No,"$120,000 or more","$120,000 or more",Private insurance,Insured,Married,Married,U.S.,English,Yes,4,4th gen or greater,23,16 to 29,23,1,One owner,Deckhand,22,16 to 29,Other,Difficult,3,2 to 4 days,18,18 hours or more,5,3 to 5 members,Hired Captain,Captain,Captain,0,Share system,Share,65,35,No,No,No,No,No,No,No,Neutral,3,Dissatisfied,2,Satisfied,4,Dissatisfied,2,Dissatisfied,2,Dissatisfied,2,Satisfied,4,Dissatisfied,2,Very Dissatisfied,1,No,Don't know,Strongly Disagree,Agree,Yes,Agree,Agree,Neutral,39.2794,-74.576897,8223,1,9,6,7,0.044028692
2019,2018-19,Complete,"Point Pleasant, NJ","Point Pleasant, NJ","Portland, ME",Surf Clam/Ocean Quahogs,Other,Other,Other,Other,Under 25,21,HS or equivalent,HS or equivalent,White,White,No,"$30,000 - $39,999","$30,000 - $59,999",Not insured,Not insured,Never Married,Other/Single,U.S.,English,Yes,3,3rd gen,1,Less than 5,1,2,Two owners,Deckhand,1,Less than 5,Referred by a friend,Easy,3,2 to 4 days,19,18 hours or more,5,3 to 5 members,Hired Captain,Deckhand,Deckhand,1,Other,Other,,,No,No,No,No,No,No,No,Satisfied,4,Dissatisfied,2,Satisfied,4,Very Dissatisfied,1,Neutral,3,Neutral,3,Very Satisfied,5,Satisfied,4,Very Satisfied,5,Yes,Yes,Disagree,Agree,No,Neutral,Agree,Neutral,40.083199,-74.068199,8742,1,10,7,14,-0.90694255
2019,2018-19,Complete,"Point Pleasant, NJ","Point Pleasant, NJ","Portland, ME",Surf Clam/Ocean Quahogs,Other,Other,Other,Other,Under 25,20,HS or equivalent,HS or equivalent,White,White,No,"$40,000 - $49,999","$30,000 - $59,999",DK/NA (source),Insured,Never Married,Other/Single,U.S.,English,Yes,2,2nd gen,2,Less than 5,2,1,One owner,Deckhand,2,Less than 5,Referred by a friend,Very difficult,3,2 to 4 days,18,18 hours or more,5,3 to 5 members,Hired Captain,Deckhand,Deckhand,1,Other,Other,,,No,No,No,No,No,No,No,Satisfied,4,Neutral,3,Satisfied,4,Neutral,3,Dissatisfied,2,Satisfied,4,Very Satisfied,5,Very Satisfied,5,Very Satisfied,5,Yes,No,Strongly Disagree,Agree,No,Strongly Agree,Agree,Agree,40.083199,-74.068199,8742,1,11,9,15,-0.90694255
2019,2018-19,Complete,"Narragansett, RI",Multiple Ports,Multiple Ports,Swordfish,Other,Other,Other,Other,55 or older,55,Associate's/two-year degree,Associate's/two-year degree,White,White,No,"$40,000 - $49,999","$30,000 - $59,999",Private insurance,Insured,Never Married,Other/Single,U.S.,English,No,2,2nd gen,37,30 or more,37,1,One owner,Deckhand,29,16 to 29,Referred by a friend,Very easy,30,More than 7 days,16,15 to 17 hours,6,6 or more members,Owner-operated,Captain,Captain,0,Share system,Share,50,50,Yes,No,No,Yes,No,Yes,No,Dissatisfied,2,Neutral,3,Neutral,3,Neutral,3,Satisfied,4,Satisfied,4,Very Satisfied,5,Very Satisfied,5,Very Satisfied,5,No,No,Strongly Disagree,Strongly Agree,Yes,Strongly Agree,Neutral,Agree,32.379101,-80.692596,29902,4,8,11,15,0.069357872
2019,2018-19,Complete,"Montauk, NY","Montauk, NY","Montauk, NY",Tilefish,Other,Other,Other,Other,45 to 54,46,Less than HS,Less than HS,White,White,No,,,Private insurance,Insured,Never Married,Other/Single,U.S.,English,No,1,1st gen,26,16 to 29,26,1,One owner,Deckhand,22,16 to 29,Word of mouth,Very easy,10,More than 7 days,18,18 hours or more,4,3 to 5 members,Hired Captain,Captain,Captain,0,Share system,Share,,,Yes,Yes,No,Yes,Yes,Yes,No,Very Satisfied,5,Very Satisfied,5,Very Satisfied,5,Dissatisfied,2,Satisfied,4,Satisfied,4,Very Satisfied,5,Very Satisfied,5,Satisfied,4,Yes,Yes,Strongly Disagree,Agree,Yes,Agree,Disagree,Disagree,41.0359,-71.954498,11954,2,15,10,14,0.35286254
2019,2018-19,Complete,"Point Pleasant, NJ","Point Pleasant, NJ","Portland, ME",Tilefish,Other,Other,Other,Other,35 to 44,43,HS or equivalent,HS or equivalent,White,White,No,"$50,000 - $59,999","$30,000 - $59,999",Spouse/partner,Insured,Married,Married,U.S.,English,Yes,2,2nd gen,30,30 or more,30,1,One owner,Deckhand,4,Less than 5,Referred by a friend,Easy,2,2 to 4 days,18,18 hours or more,6,6 or more members,Owner-operated,Deckhand,Deckhand,1,Per trip,Other,,,No,No,No,No,No,No,No,Satisfied,4,Satisfied,4,Satisfied,4,Neutral,3,Neutral,3,Satisfied,4,Very Satisfied,5,Satisfied,4,Satisfied,4,Yes,Yes,Disagree,Neutral,No,Agree,Neutral,Disagree,40.083199,-74.068199,8742,1,12,10,13,-0.90694255
2019,2018-19,Complete,"Beaufort, NC","Barnegat Light, NJ","Barnegat Light, NJ",Tuna,Other,Other,Other,Other,Under 25,24,HS or equivalent,HS or equivalent,White,White,No,"$30,000 - $39,999","$30,000 - $59,999",Not insured,Not insured,Never Married,Other/Single,U.S.,English,No,1,1st gen,3,Less than 5,3,1,One owner,Deckhand,2,Less than 5,Referred by a friend,Difficult,15,More than 7 days,16,15 to 17 hours,4,3 to 5 members,Hired Captain,Multiple Positions,Multiple Positions,1,Share system,Share,,,No,No,No,No,No,No,No,Dissatisfied,2,Very Dissatisfied,1,Neutral,3,Neutral,3,Neutral,3,Neutral,3,Very Satisfied,5,Very Satisfied,5,Satisfied,4,No,Yes,Strongly Disagree,Strongly Disagree,No,Agree,Disagree,Agree,39.757599,-74.106201,8006,1,6,9,14,-0.33928156
2019,2018-19,Complete,"Beaufort, NC","Barnegat Light, NJ","Barnegat Light, NJ",Tuna,Other,Other,Other,Other,Under 25,22,HS or equivalent,HS or equivalent,White,White,No,"$80,000 - $89,999","$60,000 - $89,999",Not insured,Not insured,Never Married,Other/Single,U.S.,English,Yes,1,1st gen,0,Less than 5,0,1,One owner,Deckhand,0,Less than 5,Word of mouth,Very difficult,14,More than 7 days,20,18 hours or more,4,3 to 5 members,Hired Captain,Deckhand,Deckhand,1,Share system,Share,,,Yes,Yes,Yes,Yes,Yes,Yes,No,Satisfied,4,Neutral,3,Neutral,3,Satisfied,4,Satisfied,4,Satisfied,4,Very Satisfied,5,Very Satisfied,5,Very Satisfied,5,Yes,Yes,Strongly Disagree,Strongly Disagree,No,Neutral,Strongly Agree,Neutral,39.757599,-74.106201,8006,1,10,12,15,-0.33928156
2019,2018-19,Complete,"Montauk, NY","Montauk, NY","Montauk, NY",Tuna,Other,Other,Other,Other,45 to 54,45,Bachelor's/four year degree,Bachelor's/four year degree,White,White,No,,,Private insurance,Insured,Married,Married,U.S.,English,No,1,1st gen,40,30 or more,40,2,Two owners,Deckhand,1,Less than 5,Other,Easy,1,1 day,22,18 hours or more,2,1 to 2 members,Owner-operated,Deckhand,Deckhand,1,Share system,Share,,,Yes,Yes,Yes,Yes,Yes,Yes,No,Neutral,3,Neutral,3,Neutral,3,Neutral,3,Satisfied,4,Neutral,3,Very Satisfied,5,Very Satisfied,5,Neutral,3,Yes,Yes,Strongly Disagree,Strongly Disagree,Yes,Strongly Agree,Neutral,Strongly Agree,41.0359,-71.954498,11954,2,9,10,13,0.35286254
2019,2018-19,Complete,"Beaufort, NC","Beaufort, NC","Beaufort, NC",Vermillion Snapper,Other,Other,Other,Other,35 to 44,36,Less than HS,Less than HS,White,White,No,"$40,000 - $49,999","$30,000 - $59,999",Not insured,Not insured,Never Married,Other/Single,U.S.,English,No,1,1st gen,22,16 to 29,22,1,One owner,Deckhand,1,Less than 5,Word of mouth,Easy,4,2 to 4 days,19,18 hours or more,2,1 to 2 members,Hired Captain,Captain,Captain,0,Share system,Share,50,50,Yes,Yes,No,Yes,Yes,Yes,No,Neutral,3,Dissatisfied,2,Very Satisfied,5,Neutral,3,Neutral,3,Dissatisfied,2,Satisfied,4,Satisfied,4,Satisfied,4,No,Yes,Strongly Agree,Strongly Disagree,Yes,Strongly Agree,Neutral,Strongly Agree,34.718201,-76.663803,28512,4,10,8,12,-0.3108187
2024,2023-24,Complete,"Montauk, NY","Montauk, NY","Montauk, NY",Fluke (Summer Flounder),Other,Other,Other,Other,55 or older,62,Bachelor's/four year degree,Bachelor's/four year degree,White,White,No,,,Fed or state insurance,Insured,Married,Married,U.S.,English,Yes,1,1st gen,10,5 to 15,10,1,One owner,Deckhand,10,5 to 15,Related to owner,Very difficult,1,1 day,10,9 to 14 hours,2,1 to 2 members,Owner-operated,Deckhand,Deckhand,1,Share system,Share,50,50,Yes,Yes,Yes,Yes,Yes,Yes,No,Neutral,3,Neutral,3,Neutral,3,Satisfied,4,Very Dissatisfied,1,Dissatisfied,2,Very Satisfied,5,Very Satisfied,5,Very Dissatisfied,1,No,Yes,Strongly Disagree,Agree,Yes,Agree,Agree,Strongly Agree,41.0359,-71.954498,11954,2,9,7,11,0.35286254
2024,2023-24,Complete,"Montauk, NY","Montauk, NY","Montauk, NY",Fluke (Summer Flounder),Other,Other,Other,Other,45 to 54,53,Associate's/two-year degree,Associate's/two-year degree,White,White,No,"$60,000 - $69,999","$60,000 - $89,999",Not insured,Not insured,Divorced,Other/Single,Outside U.S.,Other,No,1,1st gen,8,5 to 15,8,2,Two owners,Deckhand,2,Less than 5,Word of mouth,Easy,5,5 to 7 days,14,9 to 14 hours,3,3 to 5 members,Owner-operated,Deckhand,Deckhand,1,Share system,Share,50,50,Yes,Yes,Yes,Yes,Yes,Yes,No,Very Dissatisfied,1,Very Dissatisfied,1,Very Dissatisfied,1,Very Dissatisfied,1,Very Dissatisfied,1,Very Dissatisfied,1,Very Dissatisfied,1,Neutral,3,Very Dissatisfied,1,No,No,Strongly Agree,Strongly Agree,No,Neutral,Neutral,Agree,41.0359,-71.954498,11954,2,3,3,5,0.35286254
2024,2023-24,Complete,"Montauk, NY","Montauk, NY","Montauk, NY",Fluke (Summer Flounder),Other,Other,Other,Other,25 to 34,26,HS or equivalent,HS or equivalent,White,White,No,"$100,000 - $119,999","$90,000 - $119,999",Private insurance,Insured,Living with partner,Other/Single,U.S.,English,No,1,1st gen,2,Less than 5,2,1,One owner,Deckhand,2,Less than 5,Referred by a friend,Difficult,5,5 to 7 days,18,18 hours or more,4,3 to 5 members,Owner-operated,Deckhand,Deckhand,1,Share system,Share,,,No,Yes,Yes,Yes,Yes,Yes,No,Very Satisfied,5,Neutral,3,Satisfied,4,Dissatisfied,2,Satisfied,4,Very Satisfied,5,Very Satisfied,5,Satisfied,4,Very Satisfied,5,Yes,Yes,Strongly Disagree,Strongly Disagree,No,Strongly Agree,Strongly Disagree,Strongly Agree,41.0359,-71.954498,11954,2,12,11,14,0.35286254
2024,2023-24,Complete,"Point Pleasant, NJ","Point Pleasant, NJ",,Fluke (Summer Flounder),Other,Other,Other,Other,55 or older,,DK/NA,,Multiracial,Non-White,No,,,DK/NA (insured),,DK/NA,Other/Single,na,DK/NA,No,1,1st gen,43,30 or more,43,,Four or more,,,30 or more,,DK/NA,,More than 7 days,DK/NA,18 hours or more,,,DK/NA,Multiple Positions,Multiple Positions,1,DK/NA,DK/NA,,,No,No,No,No,No,No,No,DK/NA,,DK/NA,,DK/NA,,DK/NA,,DK/NA,,DK/NA,,DK/NA,,DK/NA,,DK/NA,,No answer,No answer,DK/NA,DK/NA,,DK/NA,DK/NA,DK/NA,40.083199,-74.068199,8742,1,,,,-0.90694255
2024,2023-24,Complete,"Point Pleasant, NJ","Point Pleasant, NJ","Point Pleasant, NJ",Fluke (Summer Flounder),Other,Other,Other,Other,55 or older,64,Less than HS,Less than HS,White,White,No,"$50,000 - $59,999","$30,000 - $59,999",Not insured,Not insured,Never Married,Other/Single,U.S.,English,Yes,1,1st gen,50,30 or more,50,1,One owner,Deckhand,10,5 to 15,Word of mouth,Easy,1,1 day,24,18 hours or more,3,3 to 5 members,Owner-operated,Deckhand,Deckhand,1,Share system,Share,60,40,Yes,Yes,Yes,Yes,Yes,Yes,No,Very Dissatisfied,1,Dissatisfied,2,Satisfied,4,Very Satisfied,5,Dissatisfied,2,Very Dissatisfied,1,Dissatisfied,2,Very Dissatisfied,1,Very Dissatisfied,1,No,No,Disagree,Strongly Agree,Yes,Strongly Agree,Neutral,Strongly Agree,40.083199,-74.068199,8742,1,7,8,4,-0.90694255
2024,2023-24,Complete,"Bailey's Island, ME","Gloucester, MA","Gloucester, MA",Groundfish,Groundfish,Groundfish,Other,Other,35 to 44,36,Associate's/two-year degree,Associate's/two-year degree,White,White,No,"$70,000 - $79,999","$60,000 - $89,999",Employer (vessel),Insured,Married,Married,U.S.,English,Yes,2,2nd gen,15,5 to 15,15,1,One owner,Deckhand,15,5 to 15,Related to owner,Neither easy nor difficult,10,More than 7 days,12,9 to 14 hours,5,3 to 5 members,Owner-operated,Deckhand,Deckhand,1,Share system,Share,83,17,Yes,Yes,Yes,Yes,Yes,Yes,No,Dissatisfied,2,Dissatisfied,2,Satisfied,4,Neutral,3,Satisfied,4,Satisfied,4,Satisfied,4,Satisfied,4,Satisfied,4,Yes,Yes,Strongly Disagree,Disagree,No,Strongly Agree,Agree,Strongly Agree,42.615898,-70.662003,1930,1,8,11,12,0.34651935
2024,2023-24,Complete,"Gloucester, MA","Gloucester, MA","Gloucester, MA",Groundfish,Groundfish,Groundfish,Other,Other,35 to 44,36,HS or equivalent,HS or equivalent,White,White,No,"$100,000 - $119,999","$90,000 - $119,999",Private insurance,Insured,Divorced,Other/Single,U.S.,English,No,2,2nd gen,20,16 to 29,20,2,Two owners,Deckhand,1,Less than 5,Word of mouth,Very difficult,7,5 to 7 days,24,18 hours or more,5,3 to 5 members,Hired Captain,Captain,Captain,0,Share system,Share,,,Yes,Yes,Yes,Yes,Yes,Yes,No,Very Satisfied,5,Neutral,3,Satisfied,4,Neutral,3,Satisfied,4,Neutral,3,Very Satisfied,5,Very Satisfied,5,Very Satisfied,5,Yes,Yes,Strongly Disagree,Strongly Disagree,No,Strongly Agree,Neutral,Strongly Agree,42.615898,-70.662003,1930,1,12,10,15,0.34651935
2024,2023-24,Complete,"Bailey's Island, ME","Gloucester, MA","Gloucester, MA",Groundfish,Groundfish,Groundfish,Other,Other,45 to 54,51,HS or equivalent,HS or equivalent,White,White,No,"$120,000 or more","$120,000 or more",Private insurance,Insured,Married,Married,U.S.,English,Yes,10,4th gen or greater,40,30 or more,40,1,One owner,Deckhand,40,30 or more,Related to non-owner,Neither easy nor difficult,10,More than 7 days,15,15 to 17 hours,6,6 or more members,Owner-operated,Captain,Captain,0,Share system,Share,83,17,Yes,Yes,Yes,Yes,Yes,Yes,No,Dissatisfied,2,Dissatisfied,2,Neutral,3,Neutral,3,Neutral,3,Dissatisfied,2,Very Satisfied,5,Very Satisfied,5,Very Satisfied,5,Yes,Yes,Strongly Disagree,Agree,Yes,Strongly Agree,Agree,Strongly Agree,42.615898,-70.662003,1930,1,7,8,15,0.34651935
2024,2023-24,Complete,"Gloucester, MA","Gloucester, MA","Gloucester, MA",Groundfish,Groundfish,Groundfish,Other,Other,25 to 34,33,HS or equivalent,HS or equivalent,White,White,No,"$80,000 - $89,999","$60,000 - $89,999",Not insured,Not insured,Never Married,Other/Single,U.S.,English,No,2,2nd gen,3,Less than 5,3,2,Two owners,Cook,0,Less than 5,Referred by a friend,Difficult,8,More than 7 days,16,15 to 17 hours,5,3 to 5 members,Hired Captain,Engine Mechanic,Other,1,Share system,Share,,,Yes,Yes,Yes,Yes,Yes,Yes,No,Very Satisfied,5,Satisfied,4,Very Satisfied,5,Dissatisfied,2,Very Satisfied,5,Satisfied,4,Very Satisfied,5,Very Satisfied,5,Very Satisfied,5,Yes,Yes,Strongly Disagree,Strongly Disagree,No,Strongly Agree,Neutral,Strongly Agree,42.615898,-70.662003,1930,1,14,11,15,0.34651935
2024,2023-24,Complete,"New Bedford, MA","New Bedford, MA","New Bedford, MA",Groundfish,Groundfish,Groundfish,Other,Other,45 to 54,49,HS or equivalent,HS or equivalent,White,White,No,"$80,000 - $89,999","$60,000 - $89,999",Private insurance,Insured,Married,Married,U.S.,English,Yes,4,4th gen or greater,30,30 or more,30,1,One owner,Deckhand,20,16 to 29,Related to owner,Very difficult,9,More than 7 days,11,9 to 14 hours,5,3 to 5 members,Owner-operated,Deckhand,Deckhand,1,Share system,Share,60,40,Yes,Yes,Yes,Yes,Yes,Yes,No,Dissatisfied,2,Dissatisfied,2,Neutral,3,Neutral,3,Dissatisfied,2,Very Dissatisfied,1,Neutral,3,Neutral,3,Neutral,3,No,No,Strongly Disagree,Agree,No,Strongly Agree,Strongly Disagree,Strongly Agree,41.6362,-70.934196,2740,1,7,6,9,0.13545999
2024,2023-24,Complete,"New Bedford, MA","New Bedford, MA","New Bedford, MA",Groundfish,Groundfish,Groundfish,Other,Other,45 to 54,48,HS or equivalent,HS or equivalent,White,White,No,"$80,000 - $89,999","$60,000 - $89,999",Private insurance,Insured,Married,Married,U.S.,English,Yes,3,3rd gen,27,16 to 29,27,1,One owner,Deckhand,15,5 to 15,Referred by a friend,Neither easy nor difficult,5,5 to 7 days,17,15 to 17 hours,4,3 to 5 members,Hired Captain,Captain,Captain,0,Share system,Share,75,25,Yes,Yes,Yes,Yes,Yes,Yes,No,Dissatisfied,2,Dissatisfied,2,Neutral,3,Neutral,3,Dissatisfied,2,Dissatisfied,2,Neutral,3,Neutral,3,Satisfied,4,No,No,Strongly Disagree,Agree,Yes,Strongly Agree,Strongly Disagree,Strongly Agree,41.6362,-70.934196,2740,1,7,7,10,0.13545999
2024,2023-24,Complete,"New Bedford, MA","New Bedford, MA","New Bedford, MA",Groundfish,Groundfish,Groundfish,Other,Other,Under 25,19,Less than HS,Less than HS,Some other race,Non-White,Yes,"$80,000 - $89,999","$60,000 - $89,999",Not insured,Not insured,Never Married,Other/Single,Outside U.S.,Spanish,No,1,1st gen,0,Less than 5,0,1,One owner,Deckhand,0,Less than 5,Advertisement,Difficult,11,More than 7 days,14,9 to 14 hours,7,6 or more members,Hired Captain,Deckhand,Deckhand,1,Share system,Share,,,No,No,No,No,No,No,Yes,Satisfied,4,Satisfied,4,Satisfied,4,Satisfied,4,Dissatisfied,2,Neutral,3,Neutral,3,Neutral,3,Neutral,3,Yes,Yes,Agree,Neutral,No,Neutral,Neutral,Neutral,41.6362,-70.934196,2740,1,12,9,9,0.13545999
2024,2023-24,Complete,"New Bedford, MA","New Bedford, MA","New Bedford, MA",Groundfish,Groundfish,Groundfish,Other,Other,25 to 34,34,HS or equivalent,HS or equivalent,White,White,No,"$120,000 or more","$120,000 or more",Private insurance,Insured,Married,Married,U.S.,English,Yes,2,2nd gen,15,5 to 15,15,1,One owner,Deckhand,15,5 to 15,Related to non-owner,Neither easy nor difficult,9,More than 7 days,9,9 to 14 hours,7,6 or more members,Hired Captain,Deckhand,Deckhand,1,Share system,Share,70,30,Yes,Yes,No,Yes,Yes,Yes,No,Satisfied,4,Satisfied,4,Satisfied,4,Satisfied,4,Satisfied,4,Satisfied,4,Satisfied,4,Satisfied,4,Satisfied,4,Yes,Yes,Strongly Disagree,Strongly Disagree,No,Agree,Agree,Agree,41.6362,-70.934196,2740,1,12,12,12,0.13545999
2024,2023-24,Complete,"New Bedford, MA","New Bedford, MA","New Bedford, MA",Groundfish,Groundfish,Groundfish,Other,Other,Under 25,22,Associate's/two-year degree,Associate's/two-year degree,White,White,No,"$120,000 or more","$120,000 or more",Other,Insured,Never Married,Other/Single,U.S.,English,No,1,1st gen,3,Less than 5,3,1,One owner,Deckhand,3,Less than 5,Referred by a friend,Difficult,10,More than 7 days,9,9 to 14 hours,7,6 or more members,Hired Captain,Deckhand,Deckhand,1,Share system,Share,60,40,Yes,Yes,No,Yes,Yes,Yes,No,Very Satisfied,5,Very Satisfied,5,Satisfied,4,Neutral,3,Neutral,3,Satisfied,4,Satisfied,4,Satisfied,4,Satisfied,4,Yes,Yes,Disagree,Disagree,No,Neutral,Neutral,Neutral,41.6362,-70.934196,2740,1,14,10,12,0.13545999
2024,2023-24,Complete,"Gloucester, MA","New Bedford, MA","Gloucester, MA",Groundfish,Groundfish,Groundfish,Other,Other,35 to 44,35,HS or equivalent,HS or equivalent,Some other race,Non-White,Yes,"$70,000 - $79,999","$60,000 - $89,999",Not insured,Not insured,Divorced,Other/Single,Outside U.S.,Spanish,Yes,2,2nd gen,10,5 to 15,10,2,Two owners,Deckhand,2,Less than 5,Referred by a friend,Neither easy nor difficult,10,More than 7 days,10,9 to 14 hours,5,3 to 5 members,Hired Captain,Deckhand,Deckhand,1,Share system,Share,,,Yes,Yes,Yes,Yes,Yes,Yes,No,Satisfied,4,Dissatisfied,2,Satisfied,4,Satisfied,4,Satisfied,4,Very Satisfied,5,Very Satisfied,5,Very Satisfied,5,Very Dissatisfied,1,Yes,Yes,Disagree,Agree,No,Disagree,Agree,Disagree,41.6362,-70.934196,2740,1,10,13,11,0.13545999
2024,2023-24,Complete,"Bailey's Island, ME","Portland, ME","Portland, ME",Groundfish,Groundfish,Groundfish,Other,Other,35 to 44,41,HS or equivalent,HS or equivalent,White,White,No,,,Private insurance,Insured,Married,Married,U.S.,English,Yes,5,4th gen or greater,23,16 to 29,23,1,One owner,Deckhand,23,16 to 29,Related to non-owner,Neither easy nor difficult,9,More than 7 days,16,15 to 17 hours,5,3 to 5 members,Hired Captain,Captain,Captain,0,Share system,Share,,,No,No,No,No,No,No,Yes,Very Dissatisfied,1,Very Dissatisfied,1,Neutral,3,Neutral,3,Neutral,3,Neutral,3,Neutral,3,Neutral,3,Satisfied,4,Yes,Yes,Strongly Disagree,Agree,Yes,Agree,Disagree,Strongly Agree,43.6591,-70.256798,4019,2,5,9,10,-0.4047828
2024,2023-24,Complete,"Gloucester, MA","Portland, ME","Gloucester, MA",Groundfish,Groundfish,Groundfish,Other,Other,25 to 34,33,Associate's/two-year degree,Associate's/two-year degree,White,White,No,"Less than $10,000","Less than $30,000",Not insured,Not insured,Married,Married,U.S.,English,Yes,2,2nd gen,15,5 to 15,15,,Four or more,Deckhand,,30 or more,Referred by a friend,DK/NA,7,5 to 7 days,10,9 to 14 hours,5,3 to 5 members,Hired Captain,Deckhand,Deckhand,1,Share system,Share,51,49,Yes,No,No,No,No,No,No,Very Satisfied,5,Satisfied,4,Very Satisfied,5,Dissatisfied,2,Very Satisfied,5,Very Satisfied,5,Very Satisfied,5,Very Satisfied,5,Satisfied,4,No answer,No answer,DK/NA,DK/NA,,DK/NA,DK/NA,DK/NA,43.6591,-70.256798,4019,2,14,12,14,-0.4047828
2024,2023-24,Complete,"Gloucester, MA","Portland, ME","Gloucester, MA",Groundfish,Groundfish,Groundfish,Other,Other,35 to 44,41,HS or equivalent,HS or equivalent,White,White,No,"$80,000 - $89,999","$60,000 - $89,999",Private insurance,Insured,Never Married,Other/Single,U.S.,English,Yes,1,1st gen,5,5 to 15,5,4,Four or more,Deckhand,0,Less than 5,Referred by a friend,Very difficult,7,5 to 7 days,10,9 to 14 hours,4,3 to 5 members,Hired Captain,Multiple Positions,Multiple Positions,1,Share system,Share,,,Yes,Yes,Yes,No,Yes,Yes,No,Dissatisfied,2,Satisfied,4,Very Satisfied,5,Very Satisfied,5,Very Satisfied,5,Very Satisfied,5,Very Satisfied,5,Very Satisfied,5,Very Satisfied,5,Yes,Yes,Strongly Disagree,Agree,No,Agree,Neutral,Strongly Agree,43.6591,-70.256798,4019,2,11,15,15,-0.4047828
2024,2023-24,Complete,"Gloucester, MA","Portland, ME","Gloucester, MA",Groundfish,Groundfish,Groundfish,Other,Other,45 to 54,54,Associate's/two-year degree,Associate's/two-year degree,White,White,No,"$50,000 - $59,999","$30,000 - $59,999",Not insured,Not insured,Divorced,Other/Single,U.S.,English,No,1,1st gen,15,5 to 15,15,1,One owner,Deckhand,0,Less than 5,Referred by a friend,Very difficult,10,More than 7 days,24,18 hours or more,5,3 to 5 members,Hired Captain,Deckhand,Deckhand,1,Share system,Share,51,49,Yes,No,No,No,No,No,No,Very Satisfied,5,Very Dissatisfied,1,Very Satisfied,5,Very Dissatisfied,1,Very Satisfied,5,Neutral,3,Very Satisfied,5,Very Satisfied,5,Very Satisfied,5,Yes,Yes,Strongly Agree,Strongly Agree,No,Strongly Agree,Strongly Agree,Strongly Agree,43.6591,-70.256798,4019,2,11,9,15,-0.4047828
2024,2023-24,Complete,"Scituate, MA","Scituate, MA","Scituate, MA",Groundfish,Groundfish,Groundfish,Other,Other,25 to 34,34,HS or equivalent,HS or equivalent,White,White,No,"$50,000 - $59,999","$30,000 - $59,999",Fed or state insurance,Insured,Living with partner,Other/Single,U.S.,English,No,3,3rd gen,14,5 to 15,14,1,One owner,Deckhand,2,Less than 5,Referred by a friend,Difficult,1,1 day,18,18 hours or more,2,1 to 2 members,Owner-operated,Deckhand,Deckhand,1,Share system,Share,,,Yes,Yes,Yes,Yes,Yes,Yes,No,Very Dissatisfied,1,Very Dissatisfied,1,Neutral,3,Very Dissatisfied,1,Neutral,3,Neutral,3,Very Satisfied,5,Very Satisfied,5,Very Satisfied,5,No,No,Strongly Disagree,Agree,Yes,Strongly Agree,Neutral,Strongly Agree,42.1959,-70.725899,2066,1,5,7,15,0.18548773
2024,2023-24,Complete,"Scituate, MA","Scituate, MA","Scituate, MA",Groundfish,Groundfish,Groundfish,Other,Other,55 or older,63,Associate's/two-year degree,Associate's/two-year degree,White,White,No,"$10,000 - $19,999","Less than $30,000",Not insured,Not insured,Married,Married,U.S.,English,Yes,1,1st gen,50,30 or more,50,1,One owner,Deckhand,0,Less than 5,Referred by a friend,Very difficult,1,1 day,15,15 to 17 hours,3,3 to 5 members,Owner-operated,Multiple Positions,Multiple Positions,1,Share system,Share,,,Yes,Yes,Yes,Yes,Yes,Yes,No,Very Dissatisfied,1,Very Dissatisfied,1,Satisfied,4,Dissatisfied,2,Very Satisfied,5,Very Dissatisfied,1,Neutral,3,Neutral,3,Very Dissatisfied,1,No,No,Neutral,Strongly Agree,Yes,Strongly Agree,Strongly Disagree,Strongly Agree,42.1959,-70.725899,2066,1,6,8,7,0.18548773
2024,2023-24,Complete,"Scituate, MA","Scituate, MA","Scituate, MA",Groundfish,Groundfish,Groundfish,Other,Other,35 to 44,41,HS or equivalent,HS or equivalent,White,White,No,"$50,000 - $59,999","$30,000 - $59,999",Private insurance,Insured,Never Married,Other/Single,U.S.,English,Yes,2,2nd gen,20,16 to 29,20,1,One owner,Deckhand,11,5 to 15,Word of mouth,Very difficult,1,1 day,13,9 to 14 hours,2,1 to 2 members,Hired Captain,Captain,Captain,0,Share system,Share,50,50,Yes,Yes,Yes,Yes,Yes,Yes,No,Satisfied,4,Satisfied,4,Neutral,3,Neutral,3,Neutral,3,Neutral,3,Dissatisfied,2,Satisfied,4,Neutral,3,Yes,Yes,Strongly Agree,Strongly Disagree,No,Agree,Neutral,Agree,42.1959,-70.725899,2066,1,11,9,9,0.18548773
2024,2023-24,Complete,"Chatham, MA","Chatham, MA","Chatham, MA",Jonah Crab,Other,Other,Other,Other,35 to 44,37,Associate's/two-year degree,Associate's/two-year degree,White,White,No,"$100,000 - $119,999","$90,000 - $119,999",Private insurance,Insured,Married,Married,U.S.,English,No,1,1st gen,18,16 to 29,18,1,One owner,Deckhand,3,Less than 5,Referred by a friend,Difficult,1,1 day,8,8 hours or less,2,1 to 2 members,Owner-operated,Captain,Captain,0,Share system,Share,80,20,Yes,Yes,No,No,Yes,Yes,Yes,Satisfied,4,Neutral,3,Very Satisfied,5,Very Satisfied,5,Satisfied,4,Satisfied,4,Very Satisfied,5,Very Satisfied,5,Very Satisfied,5,Yes,Yes,Agree,Agree,No,Agree,Agree,Neutral,41.682098,-69.959801,2633,1,12,13,15,0.28912377
2024,2023-24,Complete,"Green Harbor/Marshfield, MA","Montauk, NY","Marshfield, MA",Jonah Crab,Other,Other,Other,Other,35 to 44,36,Bachelor's/four year degree,Bachelor's/four year degree,White,White,No,"$70,000 - $79,999","$60,000 - $89,999",Private insurance,Insured,Married,Married,U.S.,English,Yes,2,2nd gen,15,5 to 15,15,1,One owner,Deckhand,15,5 to 15,Related to owner,Difficult,1,1 day,8,8 hours or less,2,1 to 2 members,Owner-operated,Deckhand,Deckhand,1,Share system,Share,60,40,Yes,Yes,Yes,Yes,Yes,Yes,Yes,Satisfied,4,Satisfied,4,Very Satisfied,5,Satisfied,4,Neutral,3,Neutral,3,Satisfied,4,Satisfied,4,Satisfied,4,Yes,Yes,Strongly Disagree,Disagree,No,Agree,Neutral,Strongly Agree,42.091702,-70.705597,2020,1,13,10,12,0.30410504
2024,2023-24,Complete,"Green Harbor/Marshfield, MA","Montauk, NY","Marshfield, MA",Jonah Crab,Other,Other,Other,Other,25 to 34,31,Bachelor's/four year degree,Bachelor's/four year degree,White,White,No,"$80,000 - $89,999","$60,000 - $89,999",Private insurance,Insured,Living with partner,Other/Single,U.S.,English,No,1,1st gen,7,5 to 15,7,1,One owner,Deckhand,7,5 to 15,Previous work,Neither easy nor difficult,1,1 day,8,8 hours or less,2,1 to 2 members,Owner-operated,Multiple Positions,Multiple Positions,1,Share system,Share,60,40,Yes,Yes,Yes,Yes,Yes,Yes,Yes,Satisfied,4,Neutral,3,Neutral,3,Satisfied,4,Neutral,3,Neutral,3,Neutral,3,Neutral,3,Neutral,3,Yes,Yes,Disagree,Agree,No,Agree,Disagree,Agree,42.091702,-70.705597,2020,1,10,10,9,0.30410504
2024,2023-24,Complete,"Narragansett, RI","Narragansett, RI","Narragansett, RI",Jonah Crab,Other,Other,Other,Other,55 or older,56,HS or equivalent,HS or equivalent,White,White,No,"$90,000 - $99,999","$90,000 - $119,999",Spouse/partner,Insured,Married,Married,U.S.,English,Yes,4,4th gen or greater,30,30 or more,30,2,Two owners,Deckhand,15,5 to 15,Word of mouth,Neither easy nor difficult,1,1 day,13,9 to 14 hours,3,3 to 5 members,Owner-operated,Deckhand,Deckhand,1,Share system,Share,85,15,Yes,Yes,No,No,No,Yes,No,Satisfied,4,Neutral,3,Neutral,3,Satisfied,4,Dissatisfied,2,Dissatisfied,2,Satisfied,4,Satisfied,4,Satisfied,4,Yes,Yes,Strongly Disagree,Strongly Disagree,No,Strongly Agree,Agree,Strongly Agree,41.4501,-71.449501,2874,1,10,8,12,0.065496072
2024,2023-24,Complete,"New Bedford, MA","New Bedford, MA","New Bedford, MA",Jonah Crab,Other,Other,Other,Other,45 to 54,53,HS or equivalent,HS or equivalent,White,White,No,"$20,000 - $29,999","Less than $30,000",Private insurance,Insured,Widowed,Other/Single,U.S.,English,Yes,4,4th gen or greater,38,30 or more,38,1,One owner,Deckhand,11,5 to 15,Referred by a friend,Difficult,11,More than 7 days,18,18 hours or more,5,3 to 5 members,Hired Captain,Captain,Captain,0,Share system,Share,61,39,Yes,No,No,Yes,No,Yes,No,Very Dissatisfied,1,Very Dissatisfied,1,Very Satisfied,5,Very Dissatisfied,1,Neutral,3,Neutral,3,Neutral,3,Neutral,3,Neutral,3,No,No,Strongly Disagree,Strongly Agree,Yes,Strongly Agree,Strongly Disagree,Strongly Agree,41.6362,-70.934196,2740,1,7,7,9,0.13545999
2024,2023-24,Complete,"New Bedford, MA","New Bedford, MA","New Bedford, MA",Jonah Crab,Other,Other,Other,Other,45 to 54,46,Associate's/two-year degree,Associate's/two-year degree,White,White,No,"$60,000 - $69,999","$60,000 - $89,999",Spouse/partner,Insured,Married,Married,U.S.,English,Yes,4,4th gen or greater,22,16 to 29,22,2,Two owners,Deckhand,8,5 to 15,Word of mouth,Very difficult,1,1 day,10,9 to 14 hours,3,3 to 5 members,Owner-operated,Deckhand,Deckhand,1,Share system,Share,80,20,Yes,Yes,No,No,Yes,Yes,No,Neutral,3,Neutral,3,Neutral,3,Neutral,3,Satisfied,4,Satisfied,4,Very Satisfied,5,Very Satisfied,5,Very Satisfied,5,Yes,Yes,Strongly Disagree,Strongly Disagree,Yes,Strongly Agree,Strongly Disagree,Strongly Agree,41.6362,-70.934196,2740,1,9,11,15,0.13545999
2024,2023-24,Complete,"Newport, RI","Newport, RI","Newport, RI",Jonah Crab,Other,Other,Other,Other,55 or older,62,Associate's/two-year degree,Associate's/two-year degree,White,White,No,"$120,000 or more","$120,000 or more",Private insurance,Insured,Married,Married,U.S.,English,Yes,6,4th gen or greater,40,30 or more,40,1,One owner,Deckhand,25,16 to 29,Previous work,Very difficult,1,1 day,12,9 to 14 hours,2,1 to 2 members,Owner-operated,Multiple Positions,Multiple Positions,1,Share system,Share,80,20,Yes,Yes,No,No,Yes,Yes,No,Very Satisfied,5,Very Satisfied,5,Satisfied,4,Satisfied,4,Neutral,3,Neutral,3,Satisfied,4,Satisfied,4,Very Satisfied,5,Yes,Yes,Strongly Disagree,Agree,Yes,Strongly Agree,Strongly Disagree,Strongly Agree,41.490101,-71.312798,2840,1,14,10,13,-0.053667698
2024,2023-24,Complete,"Newport, RI","Newport, RI","Newport, RI",Jonah Crab,Other,Other,Other,Other,35 to 44,36,HS or equivalent,HS or equivalent,White,White,No,"$90,000 - $99,999","$90,000 - $119,999",Not insured,Not insured,Never Married,Other/Single,U.S.,English,No,1,1st gen,18,16 to 29,18,1,One owner,Deckhand,7,5 to 15,Word of mouth,Easy,1,1 day,11,9 to 14 hours,2,1 to 2 members,Owner-operated,Deckhand,Deckhand,1,Other,Other,,,No,No,No,No,No,No,No,Dissatisfied,2,Dissatisfied,2,Neutral,3,Satisfied,4,Neutral,3,Neutral,3,Satisfied,4,Satisfied,4,Neutral,3,Yes,No,Disagree,Agree,No,Strongly Agree,Disagree,Strongly Agree,41.490101,-71.312798,2840,1,7,10,11,-0.053667698
2024,2023-24,Complete,"Newport, RI","Newport, RI","Newport, RI",Jonah Crab,Other,Other,Other,Other,35 to 44,35,Associate's/two-year degree,Associate's/two-year degree,White,White,No,"$80,000 - $89,999","$60,000 - $89,999",Not insured,Not insured,Living with partner,Other/Single,U.S.,English,Yes,1,1st gen,15,5 to 15,15,2,Two owners,Deckhand,6,5 to 15,Word of mouth,Neither easy nor difficult,1,1 day,11,9 to 14 hours,3,3 to 5 members,Owner-operated,Deckhand,Deckhand,1,Share system,Share,80,20,Yes,Yes,No,No,No,Yes,No,Satisfied,4,Satisfied,4,Satisfied,4,Satisfied,4,Neutral,3,Neutral,3,Satisfied,4,Satisfied,4,Satisfied,4,Yes,Yes,Disagree,Disagree,No,Agree,Agree,Agree,41.490101,-71.312798,2840,1,12,10,12,-0.053667698
2024,2023-24,Complete,"Newport, RI","Newport, RI","Newport, RI",Jonah Crab,Other,Other,Other,Other,45 to 54,45,HS or equivalent,HS or equivalent,White,White,No,"$80,000 - $89,999","$60,000 - $89,999",Private insurance,Insured,Married,Married,U.S.,English,Yes,3,3rd gen,22,16 to 29,22,2,Two owners,Deckhand,10,5 to 15,Previous work,Neither easy nor difficult,1,1 day,12,9 to 14 hours,3,3 to 5 members,Owner-operated,Deckhand,Deckhand,1,Share system,Share,85,15,No,No,No,No,No,No,No,Satisfied,4,Satisfied,4,Dissatisfied,2,Neutral,3,Dissatisfied,2,Dissatisfied,2,Neutral,3,Neutral,3,Dissatisfied,2,Yes,Yes,Strongly Disagree,Strongly Disagree,Yes,Strongly Agree,Agree,Strongly Agree,41.490101,-71.312798,2840,1,10,7,8,-0.053667698
2024,2023-24,Complete,"Newport, RI","Newport, RI","Newport, RI",Jonah Crab,Other,Other,Other,Other,25 to 34,32,HS or equivalent,HS or equivalent,White,White,No,"$80,000 - $89,999","$60,000 - $89,999",Not insured,Not insured,Living with partner,Other/Single,U.S.,English,No,1,1st gen,8,5 to 15,8,1,One owner,Deckhand,5,5 to 15,Referred by a friend,Difficult,1,1 day,11,9 to 14 hours,3,3 to 5 members,Owner-operated,Deckhand,Deckhand,1,Share system,Share,,,No,No,No,No,No,No,No,Satisfied,4,Dissatisfied,2,Neutral,3,Neutral,3,Neutral,3,Neutral,3,Satisfied,4,Satisfied,4,Neutral,3,No,No,Disagree,Agree,No,Agree,Neutral,Strongly Agree,41.490101,-71.312798,2840,1,9,9,11,-0.053667698
2024,2023-24,Complete,"Point Judith, RI","Point Judith, RI","Point Judith, RI",Jonah Crab,Other,Other,Other,Other,45 to 54,52,Associate's/two-year degree,Associate's/two-year degree,White,White,No,"$120,000 or more","$120,000 or more",Private insurance,Insured,Married,Married,U.S.,English,Yes,2,2nd gen,35,30 or more,35,1,One owner,Deckhand,25,16 to 29,Related to owner,Very difficult,1,1 day,12,9 to 14 hours,3,3 to 5 members,Owner-operated,Multiple Positions,Multiple Positions,1,Share system,Share,88,12,No,No,No,No,No,No,No,Satisfied,4,Satisfied,4,Satisfied,4,Satisfied,4,Satisfied,4,Satisfied,4,Satisfied,4,Satisfied,4,Satisfied,4,Yes,Yes,Strongly Disagree,Strongly Disagree,Yes,Agree,Neutral,Agree,41.365398,-71.486702,2882,1,12,12,12,-0.075379163
2024,2023-24,Complete,"Portland, ME","Bailey's Island, ME","Bailey's Island, ME",Lobster,Lobster,Other,Lobster,Other,35 to 44,42,HS or equivalent,HS or equivalent,White,White,No,"$120,000 or more","$120,000 or more",Private insurance,Insured,Married,Married,U.S.,English,Yes,2,2nd gen,20,16 to 29,20,1,One owner,Deckhand,20,16 to 29,Related to owner,Difficult,3,2 to 4 days,12,9 to 14 hours,4,3 to 5 members,Owner-operated,Captain,Captain,0,Share system,Share,80,20,Yes,Yes,Yes,Yes,Yes,Yes,No,Satisfied,4,Satisfied,4,Neutral,3,Neutral,3,Dissatisfied,2,Dissatisfied,2,Satisfied,4,Neutral,3,Very Satisfied,5,Yes,Yes,Strongly Disagree,Strongly Disagree,Yes,Agree,Neutral,Agree,43.736698,-69.994102,4003,5,11,7,12,0.032558799
2024,2023-24,Complete,"Portland, ME","Bailey's Island, ME","Bailey's Island, ME",Lobster,Lobster,Other,Lobster,Other,Under 25,21,HS or equivalent,HS or equivalent,White,White,No,"$60,000 - $69,999","$60,000 - $89,999",Other,Insured,Never Married,Other/Single,U.S.,English,No,1,1st gen,15,5 to 15,15,1,One owner,Deckhand,3,Less than 5,Related to owner,Neither easy nor difficult,3,2 to 4 days,24,18 hours or more,5,3 to 5 members,Hired Captain,Deckhand,Deckhand,1,Share system,Share,,,Yes,Yes,Yes,Yes,Yes,Yes,No,Very Satisfied,5,Very Satisfied,5,Very Satisfied,5,Neutral,3,Neutral,3,Neutral,3,Neutral,3,Neutral,3,Neutral,3,Yes,Yes,Strongly Agree,Strongly Disagree,No,Strongly Agree,Neutral,Neutral,43.736698,-69.994102,4003,5,15,9,9,0.032558799
2024,2023-24,Complete,"Bar Harbor, ME","Bar Harbor, ME","Bar Harbor, ME",Lobster,Lobster,Other,Lobster,Other,55 or older,73,HS or equivalent,HS or equivalent,White,White,No,,,Fed or state insurance,Insured,Living with partner,Other/Single,U.S.,English,Yes,2,2nd gen,53,30 or more,53,1,One owner,Captain,20,16 to 29,Previous work,Easy,1,1 day,9,9 to 14 hours,3,3 to 5 members,Owner-operated,Captain,Captain,0,Share system,Share,70,30,No,No,No,No,No,No,No,Satisfied,4,Dissatisfied,2,Satisfied,4,Satisfied,4,Satisfied,4,Satisfied,4,Very Satisfied,5,Very Satisfied,5,Very Satisfied,5,Yes,Yes,Strongly Disagree,Strongly Disagree,Yes,Strongly Agree,Strongly Agree,Strongly Agree,44.3876,-68.2043,4609,7,10,12,15,-0.098228022
2024,2023-24,Complete,"Bar Harbor, ME","Bar Harbor, ME","Bar Harbor, ME",Lobster,Lobster,Other,Lobster,Other,35 to 44,39,Less than HS,Less than HS,White,White,No,"$30,000 - $39,999","$30,000 - $59,999",Not insured,Not insured,Married,Married,U.S.,English,No,1,1st gen,30,30 or more,30,1,One owner,Deckhand,0,Less than 5,Referred by a friend,Very difficult,1,1 day,7,8 hours or less,3,3 to 5 members,Owner-operated,Deckhand,Deckhand,1,Share system,Share,80,20,No,No,No,No,No,No,No,Satisfied,4,Satisfied,4,Neutral,3,Neutral,3,Dissatisfied,2,Dissatisfied,2,Satisfied,4,Satisfied,4,Satisfied,4,Yes,Yes,Strongly Disagree,Strongly Disagree,No,Agree,Disagree,Strongly Agree,44.3876,-68.2043,4609,7,11,7,12,-0.098228022
2024,2023-24,Complete,"Bar Harbor, ME","Bar Harbor, ME","Bar Harbor, ME",Lobster,Lobster,Other,Lobster,Other,55 or older,59,Associate's/two-year degree,Associate's/two-year degree,White,White,No,"$120,000 or more","$120,000 or more",Private insurance,Insured,Married,Married,U.S.,English,No,1,1st gen,30,30 or more,30,1,One owner,Deckhand,30,30 or more,Other,Difficult,1,1 day,10,9 to 14 hours,3,3 to 5 members,Owner-operated,Captain,Captain,0,Share system,Share,80,20,No,No,No,No,No,No,No,Satisfied,4,Satisfied,4,Satisfied,4,Satisfied,4,Dissatisfied,2,Dissatisfied,2,Satisfied,4,Very Satisfied,5,Very Satisfied,5,Yes,Yes,Strongly Disagree,Strongly Disagree,No,Disagree,Neutral,Disagree,44.3876,-68.2043,4609,7,12,8,14,-0.098228022
2024,2023-24,Complete,"Bar Harbor, ME","Bar Harbor, ME","Bar Harbor, ME",Lobster,Lobster,Other,Lobster,Other,Under 25,24,HS or equivalent,HS or equivalent,White,White,No,"$50,000 - $59,999","$30,000 - $59,999",Other,Insured,Never Married,Other/Single,U.S.,English,No,1,1st gen,5,5 to 15,5,1,One owner,Deckhand,5,5 to 15,Referred by a friend,Difficult,1,1 day,9,9 to 14 hours,3,3 to 5 members,Owner-operated,Deckhand,Deckhand,1,Share system,Share,80,20,No,No,No,No,No,No,No,Satisfied,4,Satisfied,4,Satisfied,4,Satisfied,4,Neutral,3,Neutral,3,Satisfied,4,Satisfied,4,Satisfied,4,Yes,Yes,Disagree,Disagree,No,Strongly Agree,Strongly Disagree,Strongly Agree,44.3876,-68.2043,4609,7,12,10,12,-0.098228022
2024,2023-24,Complete,"Bar Harbor, ME","Bar Harbor, ME","Bar Harbor, ME",Lobster,Lobster,Other,Lobster,Other,35 to 44,42,Associate's/two-year degree,Associate's/two-year degree,White,White,No,"$90,000 - $99,999","$90,000 - $119,999",Not insured,Not insured,Married,Married,U.S.,English,Yes,4,4th gen or greater,25,16 to 29,25,1,One owner,Deckhand,25,16 to 29,Previous work,Neither easy nor difficult,1,1 day,9,9 to 14 hours,3,3 to 5 members,Owner-operated,Deckhand,Deckhand,1,Share system,Share,80,20,No,No,No,No,No,No,No,Dissatisfied,2,Dissatisfied,2,Neutral,3,Neutral,3,Dissatisfied,2,Dissatisfied,2,Neutral,3,Neutral,3,Very Dissatisfied,1,No,No,Disagree,Neutral,No,Agree,Neutral,Agree,44.3876,-68.2043,4609,7,7,7,7,-0.098228022
2024,2023-24,Complete,"Bar Harbor, ME","Bar Harbor, ME","Bar Harbor, ME",Lobster,Lobster,Other,Lobster,Other,35 to 44,35,HS or equivalent,HS or equivalent,White,White,No,"$80,000 - $89,999","$60,000 - $89,999",Private insurance,Insured,Married,Married,U.S.,English,Yes,2,2nd gen,20,16 to 29,20,1,One owner,Deckhand,20,16 to 29,Related to owner,Difficult,1,1 day,10,9 to 14 hours,4,3 to 5 members,Owner-operated,Deckhand,Deckhand,1,Share system,Share,70,30,No,No,No,No,No,No,No,Very Satisfied,5,Very Satisfied,5,Satisfied,4,Satisfied,4,Very Satisfied,5,Very Satisfied,5,Very Satisfied,5,Very Satisfied,5,Very Satisfied,5,Yes,Yes,Strongly Disagree,Strongly Disagree,No,Strongly Agree,Disagree,Strongly Agree,44.3876,-68.2043,4609,7,14,14,15,-0.098228022
2024,2023-24,Complete,"Bailey's Island, ME","Boothbay, ME","Boothbay, ME",Lobster,Lobster,Other,Lobster,Other,45 to 54,52,HS or equivalent,HS or equivalent,White,White,No,"$90,000 - $99,999","$90,000 - $119,999",Not insured,Not insured,Living with partner,Other/Single,U.S.,English,Yes,5,4th gen or greater,27,16 to 29,27,1,One owner,Deckhand,20,16 to 29,Related to non-owner,Neither easy nor difficult,1,1 day,10,9 to 14 hours,3,3 to 5 members,Owner-operated,Deckhand,Deckhand,1,Share system,Share,,,No,No,No,No,No,No,Yes,Dissatisfied,2,Dissatisfied,2,Neutral,3,Neutral,3,Dissatisfied,2,Dissatisfied,2,Satisfied,4,Neutral,3,Dissatisfied,2,Yes,No,Strongly Disagree,Agree,No,Agree,Neutral,Agree,43.876301,-69.633698,4537,10,7,7,9,0.091874801
2024,2023-24,Complete,"Boothbay, ME","Boothbay, ME","Boothbay, ME",Lobster,Lobster,Other,Lobster,Other,45 to 54,46,Associate's/two-year degree,Associate's/two-year degree,White,White,No,,,Another employer,Insured,Never Married,Other/Single,U.S.,English,Yes,7,4th gen or greater,40,30 or more,40,1,One owner,Deckhand,12,5 to 15,Related to owner,Difficult,1,1 day,10,9 to 14 hours,2,1 to 2 members,Owner-operated,Captain,Captain,0,Other,Other,,,No,No,No,No,No,No,No,Neutral,3,Neutral,3,Very Satisfied,5,Very Satisfied,5,Satisfied,4,Satisfied,4,Very Satisfied,5,Very Satisfied,5,Very Satisfied,5,No,No,Strongly Disagree,Disagree,No,Strongly Agree,Neutral,Strongly Agree,43.876301,-69.633698,4537,10,11,13,15,0.091874801
2024,2023-24,Complete,"Boothbay, ME","Boothbay, ME","Boothbay, ME",Lobster,Lobster,Other,Lobster,Other,35 to 44,38,HS or equivalent,HS or equivalent,White,White,No,"$80,000 - $89,999","$60,000 - $89,999",Employer (vessel),Insured,Living with partner,Other/Single,U.S.,English,Yes,2,2nd gen,20,16 to 29,20,1,One owner,Deckhand,20,16 to 29,Related to owner,Difficult,1,1 day,11,9 to 14 hours,2,1 to 2 members,Owner-operated,Deckhand,Deckhand,1,Other,Other,,,No,No,No,No,No,No,No,Satisfied,4,Satisfied,4,Neutral,3,Neutral,3,Dissatisfied,2,Dissatisfied,2,Neutral,3,Neutral,3,Neutral,3,Yes,Yes,Strongly Disagree,Strongly Disagree,No,Strongly Agree,Neutral,Strongly Agree,43.876301,-69.633698,4537,10,11,7,9,0.091874801
2024,2023-24,Complete,,"Cape Porpoise, ME","Cape Porpoise, ME",Lobster,Lobster,Other,Lobster,Other,55 or older,55,Bachelor's/four year degree,Bachelor's/four year degree,White,White,No,"$120,000 or more","$120,000 or more",Spouse/partner,Insured,Married,Married,U.S.,English,Yes,9,4th gen or greater,30,30 or more,30,,Four or more,Deckhand,18,16 to 29,Word of mouth,Very difficult,1,1 day,8,8 hours or less,2,1 to 2 members,Owner-operated,Multiple Positions,Multiple Positions,1,Share system,Share,80,20,No,No,No,No,No,No,Yes,Satisfied,4,Neutral,3,Neutral,3,Neutral,3,Very Satisfied,5,Very Satisfied,5,Very Satisfied,5,Very Satisfied,5,Very Satisfied,5,Yes,No,Strongly Disagree,Disagree,Yes,Strongly Agree,Strongly Disagree,Disagree,43.372101,-70.438499,4014,7,10,13,15,-0.006822959
2024,2023-24,Complete,"Gloucester, MA","Gloucester, MA","Gloucester, MA",Lobster,Lobster,Other,Lobster,Other,45 to 54,54,Associate's/two-year degree,Associate's/two-year degree,White,White,No,"$100,000 - $119,999","$90,000 - $119,999",Other,Insured,Never Married,Other/Single,U.S.,English,Yes,1,1st gen,35,30 or more,35,3,Three owners,Deckhand,6,5 to 15,Related to owner,Very difficult,1,1 day,11,9 to 14 hours,3,3 to 5 members,Owner-operated,Mate,Other,1,Share system,Share,80,20,Yes,No,No,No,No,Yes,No,Dissatisfied,2,Satisfied,4,Satisfied,4,Neutral,3,Neutral,3,Satisfied,4,Very Satisfied,5,Very Satisfied,5,Very Satisfied,5,Yes,Yes,Strongly Disagree,Agree,Yes,Agree,Disagree,Agree,42.615898,-70.662003,1930,1,10,10,15,0.34651935
2024,2023-24,Complete,"Bailey's Island, ME","Harpswell, ME","Harpswell, ME",Lobster,Lobster,Other,Lobster,Other,45 to 54,48,HS or equivalent,HS or equivalent,White,White,No,"$80,000 - $89,999","$60,000 - $89,999",Not insured,Not insured,Divorced,Other/Single,U.S.,English,Yes,4,4th gen or greater,30,30 or more,30,2,Two owners,Deckhand,10,5 to 15,Referred by a friend,Neither easy nor difficult,1,1 day,9,9 to 14 hours,4,3 to 5 members,Owner-operated,Deckhand,Deckhand,1,Share system,Share,80,20,Yes,Yes,No,Yes,Yes,Yes,No,Satisfied,4,Satisfied,4,Neutral,3,Neutral,3,Dissatisfied,2,Dissatisfied,2,Satisfied,4,Satisfied,4,Neutral,3,Yes,Yes,Strongly Disagree,Disagree,No,Strongly Agree,Neutral,Strongly Agree,43.7864,-69.959801,4003,5,11,7,11,0.032558799
2024,2023-24,Complete,"Montauk, NY","Montauk, NY","Montauk, NY",Lobster,Lobster,Other,Lobster,Other,25 to 34,30,Bachelor's/four year degree,Bachelor's/four year degree,White,White,No,"$100,000 - $119,999","$90,000 - $119,999",Private insurance,Insured,Living with partner,Other/Single,U.S.,English,Yes,2,2nd gen,10,5 to 15,10,1,One owner,Deckhand,10,5 to 15,Related to owner,Very difficult,1,1 day,12,9 to 14 hours,3,3 to 5 members,Owner-operated,Deckhand,Deckhand,1,Share system,Share,50,50,Yes,Yes,Yes,Yes,Yes,Yes,No,Very Satisfied,5,Neutral,3,Neutral,3,Dissatisfied,2,Satisfied,4,Satisfied,4,Very Satisfied,5,Very Satisfied,5,Satisfied,4,Yes,Yes,Strongly Disagree,Agree,Yes,Strongly Agree,Neutral,Strongly Agree,41.0359,-71.954498,11954,2,11,10,14,0.35286254
2024,2023-24,Complete,"Green Harbor/Marshfield, MA","Montauk, NY","Marshfield, MA",Lobster,Lobster,Other,Lobster,Other,Under 25,17,Less than HS,Less than HS,White,White,No,"$20,000 - $29,999","Less than $30,000",Other,Insured,Never Married,Other/Single,U.S.,English,Yes,2,2nd gen,2,Less than 5,2,1,One owner,Deckhand,2,Less than 5,Related to owner,Very difficult,1,1 day,9,9 to 14 hours,3,3 to 5 members,Owner-operated,Deckhand,Deckhand,1,DK/NA,DK/NA,,,No,No,No,No,No,No,No,Very Satisfied,5,Very Satisfied,5,Very Satisfied,5,Very Satisfied,5,Neutral,3,Neutral,3,Satisfied,4,Neutral,3,Neutral,3,Yes,Yes,Disagree,Neutral,No,Neutral,Neutral,Agree,42.091702,-70.705597,2020,1,15,11,10,0.30410504
2024,2023-24,Complete,"Portland, ME","Portland, ME","Portland, ME",Lobster,Lobster,Other,Lobster,Other,35 to 44,39,HS or equivalent,HS or equivalent,White,White,No,"$120,000 or more","$120,000 or more",Private insurance,Insured,Living with partner,Other/Single,U.S.,English,Yes,3,3rd gen,25,16 to 29,25,1,One owner,Deckhand,7,5 to 15,Related to non-owner,Easy,1,1 day,11,9 to 14 hours,1,1 to 2 members,Owner-operated,Captain,Captain,0,Share system,Share,85,15,No,No,No,No,No,No,No,Satisfied,4,Satisfied,4,Satisfied,4,Satisfied,4,Dissatisfied,2,Satisfied,4,Satisfied,4,Satisfied,4,Satisfied,4,Yes,Yes,Strongly Disagree,Disagree,Yes,Neutral,Agree,Agree,43.6591,-70.256798,4019,2,12,10,12,-0.4047828
2024,2023-24,Complete,"Portland, ME","Portland, ME","Portland, ME",Lobster,Lobster,Other,Lobster,Other,35 to 44,36,HS or equivalent,HS or equivalent,White,White,No,"$70,000 - $79,999","$60,000 - $89,999",Not insured,Not insured,Living with partner,Other/Single,U.S.,English,Yes,2,2nd gen,18,16 to 29,18,2,Two owners,Deckhand,12,5 to 15,Referred by a friend,Neither easy nor difficult,3,2 to 4 days,12,9 to 14 hours,5,3 to 5 members,Owner-operated,Deckhand,Deckhand,1,Share system,Share,,,Yes,Yes,No,Yes,Yes,Yes,No,Satisfied,4,Neutral,3,Satisfied,4,Satisfied,4,Dissatisfied,2,Very Dissatisfied,1,Neutral,3,Neutral,3,Dissatisfied,2,Yes,Yes,Disagree,Disagree,No,Strongly Agree,Neutral,Strongly Agree,43.6591,-70.256798,4019,2,11,7,8,-0.4047828
2024,2023-24,Complete,"Portsmouth, NH","Portsmouth, NH","Portsmouth, NH",Lobster,Lobster,Other,Lobster,Other,25 to 34,31,Bachelor's/four year degree,Bachelor's/four year degree,White,White,No,"$100,000 - $119,999","$90,000 - $119,999",Fed or state insurance,Insured,Married,Married,U.S.,English,Yes,4,4th gen or greater,11,5 to 15,11,2,Two owners,Deckhand,10,5 to 15,Related to non-owner,Easy,1,1 day,12,9 to 14 hours,2,1 to 2 members,Owner-operated,Captain,Captain,0,Share system,Share,,,No,No,No,No,No,No,Yes,Satisfied,4,Dissatisfied,2,Satisfied,4,Very Satisfied,5,Very Satisfied,5,Very Satisfied,5,Satisfied,4,Satisfied,4,Very Satisfied,5,Yes,Yes,Strongly Disagree,Strongly Disagree,No,Strongly Agree,Disagree,Strongly Agree,43.0718,-70.762604,3801,1,10,15,13,0.10408426
2024,2023-24,Complete,"Portsmouth, NH","Portsmouth, NH","Portsmouth, NH",Lobster,Lobster,Other,Lobster,Other,35 to 44,37,Bachelor's/four year degree,Bachelor's/four year degree,White,White,Yes,"$120,000 or more","$120,000 or more",Private insurance,Insured,Married,Married,U.S.,English,No,1,1st gen,10,5 to 15,10,1,One owner,Deckhand,10,5 to 15,Previous work,Difficult,1,1 day,10,9 to 14 hours,1,1 to 2 members,Owner-operated,Deckhand,Deckhand,1,Share system,Share,80,20,No,No,No,No,No,No,No,Satisfied,4,Satisfied,4,Satisfied,4,Satisfied,4,Satisfied,4,Satisfied,4,Very Satisfied,5,Very Satisfied,5,Very Satisfied,5,Yes,Yes,Strongly Agree,Strongly Disagree,Yes,Agree,Neutral,Disagree,43.0718,-70.762604,3801,1,12,12,15,0.10408426
2024,2023-24,Complete,"Tenant's Harbor, ME","Rockland, ME","Tenant's Harbor, ME",Lobster,Lobster,Other,Lobster,Other,35 to 44,36,Associate's/two-year degree,Associate's/two-year degree,White,White,No,"$120,000 or more","$120,000 or more",Not insured,Not insured,Married,Married,U.S.,English,Yes,3,3rd gen,15,5 to 15,15,2,Two owners,Deckhand,5,5 to 15,Referred by a friend,Difficult,1,1 day,14,9 to 14 hours,4,3 to 5 members,Owner-operated,Deckhand,Deckhand,1,Share system,Share,,,No,No,No,No,No,No,No,Satisfied,4,Neutral,3,Satisfied,4,Satisfied,4,Dissatisfied,2,Dissatisfied,2,Neutral,3,Satisfied,4,Satisfied,4,Yes,Yes,Strongly Disagree,Strongly Disagree,No,Strongly Agree,Neutral,Strongly Agree,44.103699,-69.108902,4841,7,11,8,11,-0.028475318
2024,2023-24,Complete,"Rockland, ME","Rockland, ME","Rockland, ME",Lobster,Lobster,Other,Lobster,Other,45 to 54,52,HS or equivalent,HS or equivalent,White,White,No,"$70,000 - $79,999","$60,000 - $89,999",Not insured,Not insured,Divorced,Other/Single,U.S.,English,Yes,3,3rd gen,27,16 to 29,27,2,Two owners,Deckhand,10,5 to 15,Previous work,Difficult,1,1 day,9,9 to 14 hours,3,3 to 5 members,Owner-operated,Deckhand,Deckhand,1,Share system,Share,80,20,Yes,Yes,No,Yes,Yes,Yes,No,Satisfied,4,Dissatisfied,2,Very Satisfied,5,Very Satisfied,5,Dissatisfied,2,Dissatisfied,2,Neutral,3,Neutral,3,Satisfied,4,No,Yes,Disagree,Agree,No,Agree,Agree,Strongly Agree,44.103699,-69.108902,4841,7,11,9,10,-0.028475318
2024,2023-24,Complete,"Scituate, MA","Scituate, MA","Scituate, MA",Lobster,Lobster,Other,Lobster,Other,35 to 44,39,HS or equivalent,HS or equivalent,White,White,No,"$20,000 - $29,999","Less than $30,000",Fed or state insurance,Insured,Never Married,Other/Single,U.S.,English,Yes,1,1st gen,24,16 to 29,24,2,Two owners,Deckhand,10,5 to 15,Referred by a friend,Very difficult,1,1 day,16,15 to 17 hours,3,3 to 5 members,Owner-operated,Deckhand,Deckhand,1,Share system,Share,70,30,Yes,Yes,Yes,Yes,Yes,No,No,Dissatisfied,2,Satisfied,4,Very Dissatisfied,1,Satisfied,4,Satisfied,4,Very Dissatisfied,1,Very Satisfied,5,Satisfied,4,Very Dissatisfied,1,No,No,Disagree,Strongly Agree,Yes,Strongly Agree,Disagree,Strongly Agree,42.1959,-70.725899,2066,1,7,9,10,0.18548773
2024,2023-24,Complete,"South Bristol, ME","South Bristol, ME","South Bristol, ME",Lobster,Lobster,Other,Lobster,Other,Under 25,22,HS or equivalent,HS or equivalent,White,White,No,"$50,000 - $59,999","$30,000 - $59,999",Not insured,Not insured,Never Married,Other/Single,U.S.,English,Yes,3,3rd gen,7,5 to 15,7,,Four or more,Deckhand,,30 or more,Related to non-owner,Difficult,1,1 day,DK/NA,18 hours or more,2,1 to 2 members,Owner-operated,Deckhand,Deckhand,1,Share system,Share,80,20,No,No,No,No,No,No,No,Very Satisfied,5,Very Satisfied,5,Neutral,3,Satisfied,4,Very Satisfied,5,Very Satisfied,5,DK/NA,,Satisfied,4,Satisfied,4,Yes,Yes,Strongly Agree,Agree,No,Strongly Agree,DK/NA,Strongly Agree,43.863998,-69.561203,4568,10,13,14,,-0.31614125
2024,2023-24,Complete,"Bristol, ME","South Bristol, ME","South Bristol, ME",Lobster,Lobster,Other,Lobster,Other,Under 25,23,HS or equivalent,HS or equivalent,White,White,No,"$50,000 - $59,999","$30,000 - $59,999",Not insured,Not insured,Never Married,Other/Single,U.S.,English,Yes,3,3rd gen,4,Less than 5,4,1,One owner,Deckhand,4,Less than 5,Related to non-owner,Neither easy nor difficult,1,1 day,9,9 to 14 hours,2,1 to 2 members,Owner-operated,Deckhand,Deckhand,1,Share system,Share,80,20,No,No,No,No,No,No,Yes,Satisfied,4,Satisfied,4,Satisfied,4,Satisfied,4,Neutral,3,Neutral,3,Satisfied,4,Satisfied,4,Neutral,3,Yes,Yes,Disagree,Agree,No,Strongly Agree,Strongly Agree,Strongly Agree,43.863998,-69.561203,4568,10,12,10,11,-0.31614125
2024,2023-24,Complete,"South Bristol, ME","South Bristol, ME","South Bristol, ME",Lobster,Lobster,Other,Lobster,Other,55 or older,62,HS or equivalent,HS or equivalent,White,White,No,"$120,000 or more","$120,000 or more",Private insurance,Insured,Divorced,Other/Single,U.S.,English,Yes,3,3rd gen,,30 or more,,1,One owner,Deckhand,40,30 or more,Related to non-owner,Very easy,1,1 day,9,9 to 14 hours,2,1 to 2 members,Hired Captain,Captain,Captain,0,Share system,Share,80,20,No,No,No,No,No,No,Yes,Satisfied,4,Satisfied,4,DK/NA,,DK/NA,,Very Dissatisfied,1,Very Dissatisfied,1,DK/NA,,DK/NA,,DK/NA,,No,Yes,Strongly Disagree,Strongly Disagree,Yes,Strongly Agree,Strongly Agree,Strongly Agree,43.863998,-69.561203,4568,10,,,,-0.31614125
2024,2023-24,Complete,"Stonington, ME","Stonington, ME","Stonington, ME",Lobster,Lobster,Other,Lobster,Other,35 to 44,41,HS or equivalent,HS or equivalent,White,White,No,"$120,000 or more","$120,000 or more",Not insured,Not insured,Married,Married,U.S.,English,Yes,2,2nd gen,23,16 to 29,23,1,One owner,Deckhand,10,5 to 15,Referred by a friend,Difficult,1,1 day,10,9 to 14 hours,3,3 to 5 members,Owner-operated,Deckhand,Deckhand,1,Share system,Share,80,20,Yes,No,No,Yes,Yes,Yes,No,Dissatisfied,2,Dissatisfied,2,Dissatisfied,2,Neutral,3,Dissatisfied,2,Dissatisfied,2,Satisfied,4,Satisfied,4,Satisfied,4,No,No,Strongly Disagree,Disagree,No,Agree,Neutral,Neutral,44.1562,-68.666702,4681,10,6,7,12,-0.90738034
2024,2023-24,Complete,"Stonington, ME","Stonington, ME","Stonington, ME",Lobster,Lobster,Other,Lobster,Other,35 to 44,39,HS or equivalent,HS or equivalent,White,White,No,"$120,000 or more","$120,000 or more",Not insured,Not insured,Married,Married,U.S.,English,Yes,3,3rd gen,20,16 to 29,20,1,One owner,Deckhand,20,16 to 29,Other,Difficult,1,1 day,10,9 to 14 hours,3,3 to 5 members,Owner-operated,Captain,Captain,0,Share system,Share,70,30,Yes,No,No,No,No,Yes,No,Dissatisfied,2,Dissatisfied,2,Very Dissatisfied,1,Neutral,3,Dissatisfied,2,Dissatisfied,2,Satisfied,4,Satisfied,4,Satisfied,4,No,No,Strongly Disagree,Neutral,No,Agree,Agree,Neutral,44.1562,-68.666702,4681,10,5,7,12,-0.90738034
2024,2023-24,Complete,"Stonington, ME","Stonington, ME","Stonington, ME",Lobster,Lobster,Other,Lobster,Other,55 or older,55,HS or equivalent,HS or equivalent,White,White,No,"$50,000 - $59,999","$30,000 - $59,999",Spouse/partner,Insured,Married,Married,U.S.,English,Yes,5,4th gen or greater,35,30 or more,35,1,One owner,Deckhand,20,16 to 29,Previous work,Easy,1,1 day,10,9 to 14 hours,2,1 to 2 members,Owner-operated,Deckhand,Deckhand,1,Share system,Share,80,20,No,No,No,No,No,No,No,Satisfied,4,Dissatisfied,2,Satisfied,4,Satisfied,4,Neutral,3,Neutral,3,Satisfied,4,Satisfied,4,Dissatisfied,2,No,Yes,Strongly Disagree,Strongly Disagree,No,Strongly Agree,Strongly Disagree,Strongly Agree,44.1562,-68.666702,4681,10,10,10,10,-0.90738034
2024,2023-24,Complete,"Stonington, ME","Stonington, ME","Stonington, ME",Lobster,Lobster,Other,Lobster,Other,35 to 44,43,Associate's/two-year degree,Associate's/two-year degree,White,White,No,"$80,000 - $89,999","$60,000 - $89,999",Not insured,Not insured,Married,Married,U.S.,English,Yes,2,2nd gen,25,16 to 29,25,1,One owner,Deckhand,15,5 to 15,Previous work,Neither easy nor difficult,1,1 day,9,9 to 14 hours,2,1 to 2 members,Owner-operated,Deckhand,Deckhand,1,Share system,Share,80,20,No,No,No,Yes,Yes,No,No,Satisfied,4,Neutral,3,Neutral,3,Satisfied,4,Satisfied,4,Dissatisfied,2,Satisfied,4,Satisfied,4,Neutral,3,Yes,Yes,Strongly Disagree,Agree,Yes,Strongly Agree,Neutral,Strongly Agree,44.1562,-68.666702,4681,10,10,10,11,-0.90738034
2024,2023-24,Complete,"Stonington, ME","Stonington, ME","Stonington, ME",Lobster,Lobster,Other,Lobster,Other,45 to 54,45,Associate's/two-year degree,Associate's/two-year degree,White,White,No,"$60,000 - $69,999","$60,000 - $89,999",Not insured,Not insured,Married,Married,U.S.,English,Yes,3,3rd gen,30,30 or more,30,1,One owner,Deckhand,30,30 or more,Related to owner,Neither easy nor difficult,1,1 day,9,9 to 14 hours,3,3 to 5 members,Owner-operated,Deckhand,Deckhand,1,Share system,Share,60,40,No,No,No,No,No,No,No,Dissatisfied,2,Dissatisfied,2,Neutral,3,Satisfied,4,Neutral,3,Neutral,3,Satisfied,4,Satisfied,4,Satisfied,4,Yes,Yes,Strongly Disagree,Strongly Disagree,No,Strongly Agree,Strongly Disagree,Strongly Agree,44.1562,-68.666702,4681,10,7,10,12,-0.90738034
2024,2023-24,Complete,"Tenant's Harbor, ME","Tenant's Harbor, ME","Tenant's Harbor, ME",Lobster,Lobster,Other,Lobster,Other,25 to 34,27,HS or equivalent,HS or equivalent,White,White,No,"$60,000 - $69,999","$60,000 - $89,999",Not insured,Not insured,Living with partner,Other/Single,U.S.,English,No,1,1st gen,8,5 to 15,8,1,One owner,Deckhand,8,5 to 15,Referred by a friend,Difficult,1,1 day,12,9 to 14 hours,4,3 to 5 members,Owner-operated,Deckhand,Deckhand,1,Share system,Share,,,No,No,No,No,No,No,No,Satisfied,4,Satisfied,4,Very Satisfied,5,Very Satisfied,5,Neutral,3,Dissatisfied,2,Neutral,3,Neutral,3,Satisfied,4,Yes,Yes,Disagree,Disagree,No,Agree,Agree,Agree,43.968201,-69.208801,4860,10,13,10,10,-0.19508632
2024,2023-24,Complete,"Tenant's Harbor, ME","Tenant's Harbor, ME","Tenant's Harbor, ME",Lobster,Lobster,Other,Lobster,Other,35 to 44,40,Less than HS,Less than HS,White,White,No,,,Not insured,Not insured,Living with partner,Other/Single,U.S.,English,Yes,1,1st gen,25,16 to 29,25,2,Two owners,Captain,25,16 to 29,,Very easy,1,1 day,10,9 to 14 hours,4,3 to 5 members,Owner-operated,Captain,Captain,0,Share system,Share,50,50,Yes,Yes,Yes,Yes,Yes,Yes,No,Satisfied,4,Satisfied,4,Very Satisfied,5,Satisfied,4,Very Dissatisfied,1,Very Dissatisfied,1,Satisfied,4,Satisfied,4,Satisfied,4,Yes,Yes,Strongly Agree,Strongly Agree,Yes,Agree,Neutral,Strongly Agree,43.968201,-69.208801,4860,10,13,6,12,-0.19508632
2024,2023-24,Complete,"Tenant's Harbor, ME","Tenant's Harbor, ME","Tenant's Harbor, ME",Lobster,Lobster,Other,Lobster,Other,25 to 34,28,HS or equivalent,HS or equivalent,White,White,Yes,"$80,000 - $89,999","$60,000 - $89,999",Not insured,Not insured,Married,Married,U.S.,English,Yes,3,3rd gen,8,5 to 15,8,1,One owner,Other,8,5 to 15,Referred by a friend,Difficult,1,1 day,14,9 to 14 hours,3,3 to 5 members,Owner-operated,Other,Other,1,DK/NA,DK/NA,,,No,No,No,No,No,No,No,Very Satisfied,5,Very Satisfied,5,Very Satisfied,5,Very Satisfied,5,Dissatisfied,2,Dissatisfied,2,Satisfied,4,Satisfied,4,Satisfied,4,Yes,Yes,Strongly Agree,Strongly Disagree,No,Strongly Agree,Agree,Agree,43.968201,-69.208801,4860,10,15,9,12,-0.19508632
2024,2023-24,Complete,"New Topsail Inlet, NC","New Topsail Inlet, NC","Topsail, NC",Mackerel,Other,Other,Other,Other,35 to 44,38,Bachelor's/four year degree,Bachelor's/four year degree,White,White,No,"$30,000 - $39,999","$30,000 - $59,999",Not insured,Not insured,Divorced,Other/Single,U.S.,English,Yes,2,2nd gen,10,5 to 15,10,1,One owner,Deckhand,10,5 to 15,Referred by a friend,Difficult,1,1 day,17,15 to 17 hours,2,1 to 2 members,Owner-operated,Multiple Positions,Multiple Positions,1,Share system,Share,,,Yes,Yes,Yes,Yes,Yes,Yes,No,Neutral,3,Very Dissatisfied,1,Satisfied,4,Neutral,3,Satisfied,4,Satisfied,4,Very Satisfied,5,Very Satisfied,5,Satisfied,4,Yes,Yes,Strongly Disagree,Strongly Disagree,Yes,Agree,Agree,Disagree,34.347698,-77.6558,28460,2,8,11,14,-0.34287524
2024,2023-24,Complete,"Hampton Bays/Shinnecock, NY","Hampton Bays/Shinnecock, NY","Hampton Bays/Shinnecock, NY",Monkfish,Other,Other,Other,Other,Under 25,23,HS or equivalent,HS or equivalent,White,White,No,"$90,000 - $99,999","$90,000 - $119,999",Employer (vessel),Insured,Never Married,Other/Single,U.S.,English,Yes,4,4th gen or greater,6,5 to 15,6,1,One owner,Deckhand,6,5 to 15,Word of mouth,Very difficult,1,1 day,6,8 hours or less,3,3 to 5 members,Owner-operated,Deckhand,Deckhand,1,Share system,Share,50,50,Yes,Yes,No,No,Yes,No,Yes,Satisfied,4,Dissatisfied,2,Dissatisfied,2,Very Satisfied,5,Satisfied,4,Dissatisfied,2,Very Satisfied,5,Satisfied,4,Very Satisfied,5,No,Yes,Strongly Disagree,Strongly Agree,Yes,Strongly Agree,Neutral,Neutral,40.8909,-72.463699,11968,1,8,11,14,0.36297825
2024,2023-24,Complete,"Hampton Bays/Shinnecock, NY","Hampton Bays/Shinnecock, NY","Hampton Bays/Shinnecock, NY",Monkfish,Other,Other,Other,Other,Under 25,23,HS or equivalent,HS or equivalent,Some other race,Non-White,Yes,"$50,000 - $59,999","$30,000 - $59,999",Private insurance,Insured,Never Married,Other/Single,U.S.,English,No,1,1st gen,1,Less than 5,1,1,One owner,Deckhand,1,Less than 5,Word of mouth,Difficult,1,1 day,7,8 hours or less,3,3 to 5 members,Owner-operated,Deckhand,Deckhand,1,Share system,Share,,,Yes,Yes,Yes,Yes,Yes,No,No,Very Satisfied,5,Very Satisfied,5,Very Satisfied,5,Very Satisfied,5,Satisfied,4,Satisfied,4,Very Satisfied,5,Very Satisfied,5,Very Satisfied,5,Yes,Yes,Strongly Disagree,Strongly Disagree,Yes,Agree,Agree,Disagree,40.8909,-72.463699,11968,1,15,13,15,0.36297825
2024,2023-24,Complete,"Barnegat Light, NJ","Barnegat Light, NJ","Barnegat Light, NJ",More than one,Other,Other,Other,Other,25 to 34,33,HS or equivalent,HS or equivalent,White,White,No,"$120,000 or more","$120,000 or more",Private insurance,Insured,Living with partner,Other/Single,U.S.,English,Yes,3,3rd gen,16,16 to 29,16,1,One owner,Deckhand,16,16 to 29,Related to owner,Very difficult,12,More than 7 days,10,9 to 14 hours,4,3 to 5 members,Hired Captain,Captain,Captain,0,Share system,Share,,,Yes,Yes,Yes,Yes,Yes,Yes,No,Very Satisfied,5,Satisfied,4,Satisfied,4,Satisfied,4,Satisfied,4,Very Satisfied,5,Very Satisfied,5,Very Satisfied,5,Very Satisfied,5,Yes,Yes,Strongly Disagree,Neutral,No,Disagree,Neutral,Agree,39.757599,-74.106201,8006,1,13,13,15,-0.33928156
2024,2023-24,Complete,"Barnegat Light, NJ","Barnegat Light, NJ","Barnegat Light, NJ",More than one,Other,Other,Other,Other,55 or older,58,Associate's/two-year degree,Associate's/two-year degree,White,White,No,"$90,000 - $99,999","$90,000 - $119,999",Private insurance,Insured,Divorced,Other/Single,U.S.,English,No,1,1st gen,40,30 or more,40,1,One owner,Deckhand,9,5 to 15,Word of mouth,Difficult,11,More than 7 days,19,18 hours or more,4,3 to 5 members,Hired Captain,Captain,Captain,0,Share system,Share,50,50,Yes,Yes,Yes,Yes,Yes,Yes,No,Very Satisfied,5,Satisfied,4,Satisfied,4,Very Satisfied,5,Satisfied,4,Very Dissatisfied,1,Very Satisfied,5,Very Satisfied,5,Very Satisfied,5,Yes,Yes,Strongly Disagree,Agree,No,Agree,Strongly Disagree,Strongly Agree,39.757599,-74.106201,8006,1,13,10,15,-0.33928156
2024,2023-24,Complete,"Hampton Bays/Shinnecock, NY","Hampton Bays/Shinnecock, NY","Hampton Bays/Shinnecock, NY",More than one,Other,Other,Other,Other,55 or older,56,HS or equivalent,HS or equivalent,White,White,No,"$120,000 or more","$120,000 or more",Spouse/partner,Insured,Divorced,Other/Single,U.S.,English,Yes,3,3rd gen,50,30 or more,50,2,Two owners,Deckhand,40,30 or more,Referred by a friend,Very difficult,1,1 day,10,9 to 14 hours,3,3 to 5 members,Owner-operated,Deckhand,Deckhand,1,Share system,Share,50,50,Yes,Yes,Yes,Yes,Yes,No,No,Satisfied,4,Satisfied,4,Satisfied,4,Satisfied,4,Neutral,3,Satisfied,4,Very Satisfied,5,Very Satisfied,5,Very Satisfied,5,No,Yes,Neutral,Strongly Agree,Yes,Disagree,Strongly Disagree,Neutral,40.8909,-72.463699,11968,1,12,11,15,0.36297825
2024,2023-24,Complete,"Menemsha, MA","Menemsha/Chillmark, MA","Menemsha/Oak Bluffs, MA",More than one,Other,Other,Other,Other,55 or older,72,Bachelor's/four year degree,Bachelor's/four year degree,White,White,No,"Less than $10,000","Less than $30,000",Spouse/partner,Insured,Married,Married,U.S.,English,Yes,11,4th gen or greater,60,30 or more,60,1,One owner,Deckhand,1,Less than 5,Related to owner,Very difficult,1,1 day,11,9 to 14 hours,2,1 to 2 members,Owner-operated,Deckhand,Deckhand,1,Share system,Share,45,55,Yes,Yes,Yes,Yes,Yes,Yes,No,Neutral,3,Dissatisfied,2,Satisfied,4,Very Satisfied,5,Very Satisfied,5,Dissatisfied,2,Very Satisfied,5,Very Satisfied,5,Very Satisfied,5,Yes,Yes,Strongly Disagree,Strongly Disagree,Yes,Strongly Agree,Strongly Agree,Strongly Agree,41.343201,-70.744797,2535,10,9,12,15,0.14983122
2024,2023-24,Complete,"Menemsha, MA","Menemsha/Oak Bluffs, MA","Menemsha/Oak Bluffs, MA",More than one,Other,Other,Other,Other,Under 25,23,Bachelor's/four year degree,Bachelor's/four year degree,White,White,No,"$40,000 - $49,999","$30,000 - $59,999",Spouse/partner,Insured,Living with partner,Other/Single,U.S.,English,Yes,5,4th gen or greater,4,Less than 5,4,2,Two owners,Deckhand,2,Less than 5,Referred by a friend,Easy,1,1 day,12,9 to 14 hours,2,1 to 2 members,Owner-operated,Deckhand,Deckhand,1,Share system,Share,80,20,Yes,Yes,Yes,Yes,Yes,Yes,No,Very Satisfied,5,Neutral,3,Satisfied,4,Satisfied,4,Neutral,3,Very Satisfied,5,Very Satisfied,5,Very Satisfied,5,Very Satisfied,5,Yes,Yes,Strongly Disagree,Strongly Disagree,Yes,Strongly Agree,Neutral,Neutral,41.4543,-70.561996,2535,10,12,12,15,0.14983122
2024,2023-24,Complete,"Montauk, NY","Montauk, NY","Montauk, NY",More than one,Other,Other,Other,Other,35 to 44,41,Associate's/two-year degree,Associate's/two-year degree,White,White,No,"$80,000 - $89,999","$60,000 - $89,999",Not insured,Not insured,Married,Married,U.S.,English,No,1,1st gen,20,16 to 29,20,1,One owner,Deckhand,4,Less than 5,Referred by a friend,Difficult,5,5 to 7 days,14,9 to 14 hours,4,3 to 5 members,Owner-operated,Deckhand,Deckhand,1,Share system,Share,50,50,Yes,Yes,Yes,Yes,Yes,No,No,Neutral,3,Neutral,3,Dissatisfied,2,Very Dissatisfied,1,Dissatisfied,2,Neutral,3,Satisfied,4,Satisfied,4,Satisfied,4,No,No,Strongly Disagree,Strongly Agree,No,Agree,Agree,Strongly Agree,41.0359,-71.954498,11954,2,8,6,12,0.35286254
2024,2023-24,Complete,"Montauk, NY","Montauk, NY","Montauk, NY",More than one,Other,Other,Other,Other,25 to 34,29,Less than HS,Less than HS,White,White,No,"$100,000 - $119,999","$90,000 - $119,999",Private insurance,Insured,Never Married,Other/Single,U.S.,English,Yes,2,2nd gen,15,5 to 15,15,1,One owner,Deckhand,10,5 to 15,Related to owner,Very difficult,5,5 to 7 days,24,18 hours or more,4,3 to 5 members,Owner-operated,Deckhand,Deckhand,1,Share system,Share,50,50,Yes,Yes,Yes,Yes,Yes,No,No,Very Satisfied,5,Very Dissatisfied,1,Very Dissatisfied,1,Very Dissatisfied,1,Very Dissatisfied,1,Very Dissatisfied,1,Very Satisfied,5,Very Satisfied,5,Very Satisfied,5,Yes,No,Strongly Agree,Strongly Disagree,No,Strongly Agree,Strongly Disagree,Strongly Agree,41.0359,-71.954498,11954,2,7,3,15,0.35286254
2024,2023-24,Complete,"Montauk, NY","Montauk, NY","Montauk, NY",More than one,Other,Other,Other,Other,55 or older,68,HS or equivalent,HS or equivalent,White,White,No,"$100,000 - $119,999","$90,000 - $119,999",Fed or state insurance,Insured,Married,Married,U.S.,English,Yes,2,2nd gen,50,30 or more,50,1,One owner,Deckhand,2,Less than 5,Related to owner,Very difficult,1,1 day,12,9 to 14 hours,2,1 to 2 members,Owner-operated,Deckhand,Deckhand,1,Share system,Share,,,Yes,Yes,Yes,Yes,Yes,Yes,No,Neutral,3,Very Satisfied,5,Neutral,3,Satisfied,4,Dissatisfied,2,Satisfied,4,Very Satisfied,5,Very Satisfied,5,Very Satisfied,5,No,Yes,Disagree,Strongly Disagree,No,Neutral,Neutral,Neutral,41.0359,-71.954498,11954,2,11,10,15,0.35286254
2024,2023-24,Complete,"Montauk, NY","Montauk, NY","Montauk, NY",More than one,Other,Other,Other,Other,Under 25,22,HS or equivalent,HS or equivalent,White,White,No,"$20,000 - $29,999","Less than $30,000",Private insurance,Insured,Never Married,Other/Single,U.S.,English,Yes,2,2nd gen,8,5 to 15,8,2,Two owners,Deckhand,5,5 to 15,Related to owner,Very difficult,1,1 day,12,9 to 14 hours,3,3 to 5 members,Owner-operated,Deckhand,Deckhand,1,Share system,Share,50,50,Yes,Yes,Yes,Yes,Yes,No,No,Very Satisfied,5,Very Satisfied,5,Neutral,3,Very Satisfied,5,Neutral,3,Neutral,3,Very Satisfied,5,Very Satisfied,5,Very Satisfied,5,Yes,Yes,Disagree,Strongly Disagree,No,Strongly Agree,Neutral,Strongly Agree,41.0359,-71.954498,11954,2,13,11,15,0.35286254
2024,2023-24,Complete,"Montauk, NY","Montauk, NY","Montauk, NY",More than one,Other,Other,Other,Other,25 to 34,26,Bachelor's/four year degree,Bachelor's/four year degree,White,White,No,"$120,000 or more","$120,000 or more",Private insurance,Insured,Living with partner,Other/Single,U.S.,English,Yes,2,2nd gen,10,5 to 15,10,1,One owner,Deckhand,8,5 to 15,Related to owner,Very difficult,5,5 to 7 days,16,15 to 17 hours,4,3 to 5 members,Owner-operated,Deckhand,Deckhand,1,Share system,Share,50,50,Yes,Yes,Yes,Yes,Yes,No,No,Satisfied,4,Dissatisfied,2,Dissatisfied,2,Very Dissatisfied,1,Dissatisfied,2,Satisfied,4,Very Satisfied,5,Very Satisfied,5,Very Satisfied,5,Yes,Yes,Strongly Disagree,Strongly Agree,No,Strongly Agree,Disagree,Strongly Agree,41.0359,-71.954498,11954,2,8,7,15,0.35286254
2024,2023-24,Complete,"Montauk, NY","Montauk, NY","Montauk, NY",More than one,Other,Other,Other,Other,35 to 44,43,HS or equivalent,HS or equivalent,White,White,No,"$100,000 - $119,999","$90,000 - $119,999",Private insurance,Insured,Married,Married,U.S.,English,Yes,2,2nd gen,23,16 to 29,23,1,One owner,Deckhand,20,16 to 29,Related to owner,Difficult,3,2 to 4 days,18,18 hours or more,3,3 to 5 members,Hired Captain,Captain,Captain,0,Share system,Share,50,50,Yes,Yes,Yes,Yes,Yes,Yes,No,Neutral,3,Very Dissatisfied,1,Dissatisfied,2,Very Dissatisfied,1,Neutral,3,Neutral,3,Very Satisfied,5,Very Satisfied,5,Very Satisfied,5,No,Yes,Strongly Disagree,Strongly Agree,No,Strongly Agree,Strongly Disagree,Neutral,41.0359,-71.954498,11954,2,6,7,15,0.35286254
2024,2023-24,Complete,"Montauk, NY","Montauk, NY","Montauk, NY",More than one,Other,Other,Other,Other,55 or older,58,Associate's/two-year degree,Associate's/two-year degree,White,White,No,"$30,000 - $39,999","$30,000 - $59,999",Private insurance,Insured,Divorced,Other/Single,U.S.,English,No,2,2nd gen,30,30 or more,30,1,One owner,Deckhand,20,16 to 29,Word of mouth,Very difficult,5,5 to 7 days,8,8 hours or less,2,1 to 2 members,Owner-operated,Deckhand,Deckhand,1,Share system,Share,70,30,Yes,Yes,Yes,Yes,Yes,Yes,No,Very Satisfied,5,Dissatisfied,2,Very Dissatisfied,1,Very Dissatisfied,1,Very Dissatisfied,1,Very Dissatisfied,1,Very Satisfied,5,Very Satisfied,5,Dissatisfied,2,Yes,Yes,Strongly Disagree,Strongly Disagree,No,Strongly Agree,Neutral,Strongly Agree,41.0359,-71.954498,11954,2,8,3,12,0.35286254
2024,2023-24,Complete,"Cape May, NJ","New Bedford, MA","New Bedford, MA",More than one,Other,Other,Other,Other,25 to 34,30,Associate's/two-year degree,Associate's/two-year degree,White,White,No,"$120,000 or more","$120,000 or more",Private insurance,Insured,Married,Married,U.S.,English,Yes,3,3rd gen,16,16 to 29,16,2,Two owners,Deckhand,4,Less than 5,Word of mouth,Very difficult,10,More than 7 days,18,18 hours or more,7,6 or more members,Hired Captain,Captain,Captain,0,Share system,Share,47,53,Yes,Yes,Yes,Yes,Yes,Yes,No,Very Satisfied,5,Very Satisfied,5,Very Satisfied,5,Very Dissatisfied,1,Dissatisfied,2,Dissatisfied,2,Very Satisfied,5,Satisfied,4,Neutral,3,No,Yes,Disagree,Disagree,No,Neutral,Agree,Disagree,41.6362,-70.934196,2740,1,15,5,12,0.13545999
2024,2023-24,Complete,"Sneed's Ferry, NC","New River, NC","Sneads Ferry, NC",More than one,Other,Other,Other,Other,,,HS or equivalent,HS or equivalent,White,White,No,"$40,000 - $49,999","$30,000 - $59,999",Not insured,Not insured,Living with partner,Other/Single,U.S.,English,Yes,7,4th gen or greater,15,5 to 15,15,1,One owner,Deckhand,8,5 to 15,Related to owner,Very difficult,,More than 7 days,12,9 to 14 hours,3,3 to 5 members,Owner-operated,Multiple Positions,Multiple Positions,1,Per trip,Other,100,0,Yes,Yes,Yes,Yes,Yes,Yes,No,Neutral,3,Dissatisfied,2,Satisfied,4,Satisfied,4,Satisfied,4,Dissatisfied,2,Very Satisfied,5,Very Satisfied,5,Very Satisfied,5,Yes,Yes,Strongly Agree,Strongly Agree,Yes,Agree,Agree,Agree,34.757401,-77.409698,28540,1,9,10,15,0
2024,2023-24,Complete,"Point Pleasant, NJ","Point Pleasant, NJ","Point Pleasant, NJ",More than one,Other,Other,Other,Other,35 to 44,43,Less than HS,Less than HS,White,White,No,"$80,000 - $89,999","$60,000 - $89,999",Not insured,Not insured,Never Married,Other/Single,U.S.,English,Yes,1,1st gen,30,30 or more,30,3,Three owners,Deckhand,0,Less than 5,Referred by a friend,Easy,2,2 to 4 days,18,18 hours or more,3,3 to 5 members,Owner-operated,Deckhand,Deckhand,1,Share system,Share,,,Yes,Yes,Yes,Yes,Yes,Yes,No,Satisfied,4,Dissatisfied,2,Satisfied,4,Very Dissatisfied,1,Dissatisfied,2,Dissatisfied,2,Satisfied,4,Neutral,3,Neutral,3,No,Yes,Strongly Disagree,Strongly Disagree,No,Strongly Agree,Strongly Disagree,Strongly Agree,40.083199,-74.068199,8742,1,10,5,10,-0.90694255
2024,2023-24,Complete,"Scituate, MA","Scituate, MA","Scituate, MA",More than one,Other,Other,Other,Other,35 to 44,39,HS or equivalent,HS or equivalent,White,White,No,"$80,000 - $89,999","$60,000 - $89,999",Spouse/partner,Insured,Married,Married,U.S.,English,Yes,2,2nd gen,20,16 to 29,20,1,One owner,Deckhand,3,Less than 5,Related to owner,Very difficult,1,1 day,15,15 to 17 hours,2,1 to 2 members,Hired Captain,Captain,Captain,0,Share system,Share,50,50,Yes,Yes,Yes,Yes,Yes,Yes,No,Very Dissatisfied,1,Very Dissatisfied,1,Neutral,3,Dissatisfied,2,Dissatisfied,2,Dissatisfied,2,Very Satisfied,5,Very Satisfied,5,Very Satisfied,5,No,No,Disagree,Strongly Disagree,Yes,Agree,Disagree,Strongly Agree,42.1959,-70.725899,2066,1,5,6,15,0.18548773
2024,2023-24,Complete,"Scituate, MA","Scituate, MA","Scituate, MA",More than one,Other,Other,Other,Other,45 to 54,47,HS or equivalent,HS or equivalent,White,White,No,"$30,000 - $39,999","$30,000 - $59,999",Fed or state insurance,Insured,Never Married,Other/Single,U.S.,English,No,1,1st gen,31,30 or more,31,1,One owner,Deckhand,21,16 to 29,Referred by a friend,Difficult,2,2 to 4 days,8,8 hours or less,4,3 to 5 members,Owner-operated,Deckhand,Deckhand,1,Share system,Share,70,30,Yes,Yes,Yes,Yes,Yes,Yes,No,Very Dissatisfied,1,Very Dissatisfied,1,Satisfied,4,Dissatisfied,2,Very Dissatisfied,1,Very Dissatisfied,1,Satisfied,4,Satisfied,4,Dissatisfied,2,No,Yes,Strongly Disagree,Agree,Yes,Strongly Agree,Strongly Disagree,Strongly Agree,42.1959,-70.725899,2066,1,6,4,10,0.18548773
2024,2023-24,Complete,"Sneed's Ferry, NC","Sneads Ferry, NC","Washington Acres, NC",More than one,Other,Other,Other,Other,,,Bachelor's/four year degree,Bachelor's/four year degree,White,White,No,"Less than $10,000","Less than $30,000",Employer (vessel),Insured,Married,Married,U.S.,English,Yes,3,3rd gen,22,16 to 29,22,2,Two owners,Deckhand,8,5 to 15,Word of mouth,Very difficult,1,1 day,10,9 to 14 hours,5,3 to 5 members,Owner-operated,Deckhand,Deckhand,1,Share system,Share,100,0,Yes,No,Yes,Yes,Yes,Yes,No,Very Satisfied,5,Satisfied,4,Satisfied,4,Neutral,3,Dissatisfied,2,Satisfied,4,Satisfied,4,Satisfied,4,Very Satisfied,5,Yes,Yes,Strongly Agree,Strongly Disagree,No,Strongly Agree,Disagree,Agree,34.5527,-77.397202,28460,2,13,9,13,-0.34287524
2024,2023-24,Complete,"Sneed's Ferry, NC","Sneads Ferry, NC","Sneads Ferry, NC",More than one,Other,Other,Other,Other,,,HS or equivalent,HS or equivalent,White,White,No,"$30,000 - $39,999","$30,000 - $59,999",Other,Insured,Never Married,Other/Single,U.S.,English,Yes,1,1st gen,5,5 to 15,5,2,Two owners,Deckhand,4,Less than 5,Referred by a friend,Very difficult,1,1 day,10,9 to 14 hours,3,3 to 5 members,Owner-operated,Deckhand,Deckhand,1,Share system,Share,100,0,Yes,Yes,No,No,No,Yes,No,Dissatisfied,2,Dissatisfied,2,Neutral,3,Neutral,3,Neutral,3,Satisfied,4,Very Satisfied,5,Very Satisfied,5,Very Satisfied,5,Yes,Yes,Strongly Agree,Strongly Agree,No,Strongly Agree,Neutral,Disagree,34.5527,-77.397202,28460,2,7,10,15,-0.34287524
2024,2023-24,Complete,"Wanchese, NC","Stumpy Point, NC","Stumpy Point, NC",More than one,Other,Other,Other,Other,,,Associate's/two-year degree,Associate's/two-year degree,White,White,No,"$70,000 - $79,999","$60,000 - $89,999",Not insured,Not insured,Married,Married,U.S.,English,Yes,10,4th gen or greater,30,30 or more,30,2,Two owners,Deckhand,20,16 to 29,Related to owner,Very difficult,1,1 day,16,15 to 17 hours,3,3 to 5 members,Owner-operated,Multiple Positions,Multiple Positions,1,Share system,Share,60,40,Yes,Yes,Yes,No,Yes,No,No,Satisfied,4,Dissatisfied,2,Satisfied,4,Satisfied,4,Very Dissatisfied,1,Very Satisfied,5,Very Satisfied,5,Very Satisfied,5,Very Satisfied,5,Yes,Yes,Disagree,Agree,Yes,Strongly Agree,Neutral,Strongly Agree,35.699902,-75.741798,27978,10,10,10,15,-0.1436307
2024,2023-24,Complete,"Wanchese, NC","Wanchese, NC","Wanchese, NC",More than one,Other,Other,Other,Other,,,HS or equivalent,HS or equivalent,White,White,No,,,Not insured,Not insured,Never Married,Other/Single,U.S.,English,Yes,3,3rd gen,25,16 to 29,25,2,Two owners,Deckhand,25,16 to 29,Related to owner,Very difficult,1,1 day,16,15 to 17 hours,6,6 or more members,Owner-operated,Captain,Captain,0,Share system,Share,100,0,Yes,Yes,Yes,Yes,Yes,Yes,No,Very Dissatisfied,1,Very Dissatisfied,1,Neutral,3,Dissatisfied,2,Dissatisfied,2,Neutral,3,Satisfied,4,Neutral,3,Satisfied,4,Yes,Yes,Strongly Disagree,Strongly Agree,Yes,Neutral,Strongly Disagree,Strongly Agree,35.842701,-75.638496,27981,10,5,7,11,0.53377718
2024,2023-24,Complete,"Wanchese, NC","Wanchese, NC","Wanchese, NC",More than one,Other,Other,Other,Other,Under 25,21,HS or equivalent,HS or equivalent,White,White,No,"$40,000 - $49,999","$30,000 - $59,999",Not insured,Not insured,Living with partner,Other/Single,U.S.,English,Yes,5,4th gen or greater,9,5 to 15,9,1,One owner,Deckhand,0,Less than 5,Word of mouth,Difficult,6,5 to 7 days,13,9 to 14 hours,3,3 to 5 members,Owner-operated,Deckhand,Deckhand,1,Share system,Share,,,Yes,Yes,Yes,Yes,Yes,Yes,No,Very Satisfied,5,Satisfied,4,Satisfied,4,Very Dissatisfied,1,Satisfied,4,Satisfied,4,Very Satisfied,5,Very Satisfied,5,Very Satisfied,5,Yes,Yes,Strongly Disagree,Strongly Disagree,Yes,Strongly Agree,Strongly Disagree,Strongly Agree,35.842701,-75.638496,27981,10,13,9,15,0.53377718
2024,2023-24,Complete,"Wanchese, NC","Wanchese, NC","Wanchese, NC",More than one,Other,Other,Other,Other,25 to 34,27,Bachelor's/four year degree,Bachelor's/four year degree,White,White,No,"Less than $10,000","Less than $30,000",Not insured,Not insured,Living with partner,Other/Single,U.S.,English,Yes,1,1st gen,1,Less than 5,1,1,One owner,Deckhand,1,Less than 5,Referred by a friend,Very difficult,2,2 to 4 days,14,9 to 14 hours,3,3 to 5 members,Owner-operated,Deckhand,Deckhand,1,Share system,Share,20,80,Yes,Yes,Yes,Yes,Yes,Yes,No,Neutral,3,Dissatisfied,2,Neutral,3,Neutral,3,Dissatisfied,2,Very Dissatisfied,1,Very Satisfied,5,Very Satisfied,5,Satisfied,4,Yes,Yes,Strongly Disagree,Strongly Disagree,Yes,Strongly Agree,Disagree,Strongly Agree,35.842701,-75.638496,27981,10,8,6,14,0.53377718
2024,2023-24,Complete,"Wanchese, NC","Wanchese, NC","Wanchese, NC",More than one,Other,Other,Other,Other,Under 25,20,HS or equivalent,HS or equivalent,White,White,No,"$10,000 - $19,999","Less than $30,000",Private insurance,Insured,Never Married,Other/Single,U.S.,English,Yes,4,4th gen or greater,10,5 to 15,10,3,Three owners,Deckhand,10,5 to 15,Related to owner,Very difficult,6,5 to 7 days,12,9 to 14 hours,3,3 to 5 members,Owner-operated,Deckhand,Deckhand,1,Share system,Share,,,Yes,Yes,Yes,Yes,Yes,Yes,No,Very Satisfied,5,Neutral,3,Satisfied,4,Neutral,3,Neutral,3,Satisfied,4,Very Satisfied,5,Very Satisfied,5,Very Satisfied,5,Yes,Yes,Strongly Disagree,Agree,Yes,Strongly Agree,Neutral,Agree,35.842701,-75.638496,27981,10,12,10,15,0.53377718
2024,2023-24,Complete,"Wanchese, NC","Wanchese, NC","Wanchese, NC",More than one,Other,Other,Other,Other,45 to 54,53,HS or equivalent,HS or equivalent,White,White,Yes,"$50,000 - $59,999","$30,000 - $59,999",Not insured,Not insured,DK/NA,Other/Single,U.S.,English,No,1,1st gen,35,30 or more,35,1,One owner,Deckhand,5,5 to 15,Referred by a friend,Very difficult,4,2 to 4 days,10,9 to 14 hours,3,3 to 5 members,Owner-operated,Multiple Positions,Multiple Positions,1,Share system,Share,,,Yes,Yes,Yes,Yes,Yes,Yes,No,Very Satisfied,5,Very Dissatisfied,1,Dissatisfied,2,Dissatisfied,2,Dissatisfied,2,Satisfied,4,Very Satisfied,5,Very Satisfied,5,Satisfied,4,Yes,Yes,Strongly Disagree,Disagree,Yes,Strongly Agree,Strongly Disagree,Strongly Agree,35.842701,-75.638496,27981,10,8,8,14,0.53377718
2024,2023-24,Complete,"Wanchese, NC","Wanchese, NC","Wanchese, NC",More than one,Other,Other,Other,Other,45 to 54,51,Less than HS,Less than HS,White,White,No,"$10,000 - $19,999","Less than $30,000",Not insured,Not insured,Never Married,Other/Single,U.S.,English,Yes,3,3rd gen,37,30 or more,37,2,Two owners,Deckhand,2,Less than 5,Word of mouth,Very difficult,5,5 to 7 days,18,18 hours or more,5,3 to 5 members,Hired Captain,Deckhand,Deckhand,1,Share system,Share,50,50,Yes,Yes,Yes,Yes,Yes,Yes,No,Satisfied,4,Dissatisfied,2,Satisfied,4,Very Satisfied,5,Satisfied,4,Very Satisfied,5,Very Satisfied,5,Very Satisfied,5,Very Satisfied,5,No,Yes,Strongly Disagree,Strongly Agree,Yes,Strongly Agree,Neutral,Strongly Agree,35.842701,-75.638496,27981,10,10,14,15,0.53377718
2024,2023-24,Complete,"Wanchese, NC","Wanchese, NC","Wanchese, NC",More than one,Other,Other,Other,Other,Under 25,24,HS or equivalent,HS or equivalent,White,White,Yes,"$70,000 - $79,999","$60,000 - $89,999",Spouse/partner,Insured,Never Married,Other/Single,U.S.,English,Yes,4,4th gen or greater,10,5 to 15,10,4,Four or more,Deckhand,5,5 to 15,Previous work,Difficult,6,5 to 7 days,12,9 to 14 hours,3,3 to 5 members,Owner-operated,Multiple Positions,Multiple Positions,1,Share system,Share,,,Yes,Yes,Yes,Yes,Yes,Yes,No,Dissatisfied,2,Satisfied,4,Satisfied,4,Dissatisfied,2,Dissatisfied,2,Dissatisfied,2,Very Satisfied,5,Very Satisfied,5,Very Satisfied,5,Yes,Yes,Strongly Disagree,Strongly Agree,Yes,Strongly Agree,Neutral,Agree,35.842701,-75.638496,27981,10,10,6,15,0.53377718
2024,2023-24,Complete,"Wanchese, NC","Wanchese, NC","Wanchese, NC",More than one,Other,Other,Other,Other,25 to 34,32,HS or equivalent,HS or equivalent,White,White,No,"$120,000 or more","$120,000 or more",Private insurance,Insured,Never Married,Other/Single,U.S.,English,Yes,4,4th gen or greater,22,16 to 29,22,4,Four or more,Deckhand,7,5 to 15,Word of mouth,Very difficult,3,2 to 4 days,12,9 to 14 hours,3,3 to 5 members,Owner-operated,Deckhand,Deckhand,1,Share system,Share,,,Yes,Yes,Yes,Yes,Yes,Yes,No,Neutral,3,Very Dissatisfied,1,Dissatisfied,2,Neutral,3,Satisfied,4,Dissatisfied,2,Very Satisfied,5,Very Satisfied,5,Very Satisfied,5,Yes,Yes,Strongly Disagree,Strongly Disagree,Yes,Strongly Agree,Disagree,Agree,35.842701,-75.638496,27981,10,6,9,15,0.53377718
2024,2023-24,Complete,"Washington Acres, NC","Washington Acres, NC","Washington Acres, NC",More than one,Other,Other,Other,Other,,,Less than HS,Less than HS,White,White,No,"$20,000 - $29,999","Less than $30,000",Other,Insured,Never Married,Other/Single,U.S.,English,Yes,2,2nd gen,3,Less than 5,3,3,Three owners,Deckhand,2,Less than 5,Referred by a friend,Very difficult,1,1 day,12,9 to 14 hours,3,3 to 5 members,Owner-operated,Multiple Positions,Multiple Positions,1,Share system,Share,100,0,Yes,Yes,Yes,Yes,Yes,Yes,No,Satisfied,4,Satisfied,4,Satisfied,4,Satisfied,4,Satisfied,4,Very Satisfied,5,Very Satisfied,5,Satisfied,4,Dissatisfied,2,Yes,Yes,Strongly Disagree,Strongly Agree,No,Agree,Agree,Neutral,34.367599,-77.710503,28443,2,12,13,11,0
2024,2023-24,Complete,"Wrightsville Beach, NC","Wrightsville Beach, NC","Wrightsville Beach, NC",More than one,Other,Other,Other,Other,,,Bachelor's/four year degree,Bachelor's/four year degree,White,White,No,"$20,000 - $29,999","Less than $30,000",Private insurance,Insured,Never Married,Other/Single,U.S.,English,Yes,3,3rd gen,15,5 to 15,15,1,One owner,Deckhand,10,5 to 15,Related to owner,Very difficult,1,1 day,12,9 to 14 hours,3,3 to 5 members,Owner-operated,Multiple Positions,Multiple Positions,1,Other,Other,100,0,No,No,No,No,No,No,Yes,Very Satisfied,5,Dissatisfied,2,Very Satisfied,5,Dissatisfied,2,Satisfied,4,Satisfied,4,Satisfied,4,Dissatisfied,2,Very Satisfied,5,No,Yes,Strongly Agree,Strongly Disagree,Yes,Strongly Agree,Neutral,Neutral,34.2085,-77.796402,28480,1,12,10,11,0.037778407
2024,2023-24,Complete,"Wrightsville Beach, NC","Wrightsville Beach, NC","Wrightsville Beach, NC",More than one,Other,Other,Other,Other,25 to 34,33,Associate's/two-year degree,Associate's/two-year degree,White,White,No,"$20,000 - $29,999","Less than $30,000",Spouse/partner,Insured,Married,Married,U.S.,English,No,1,1st gen,8,5 to 15,8,2,Two owners,Deckhand,8,5 to 15,Referred by a friend,Difficult,1,1 day,15,15 to 17 hours,2,1 to 2 members,Owner-operated,Deckhand,Deckhand,1,Share system,Share,,,Yes,Yes,Yes,Yes,Yes,Yes,No,Neutral,3,Neutral,3,Satisfied,4,Neutral,3,Satisfied,4,Satisfied,4,Very Satisfied,5,Very Satisfied,5,Very Satisfied,5,Yes,Yes,Strongly Disagree,Disagree,Yes,Strongly Agree,Neutral,Strongly Agree,34.2085,-77.796402,28480,1,10,11,15,0.037778407
2024,2023-24,Complete,"Montauk, NY",,,More than one,Other,Other,Other,Other,55 or older,,DK/NA,,Multiracial,Non-White,No,,,DK/NA (insured),,DK/NA,Other/Single,na,DK/NA,,,,,30 or more,,,Four or more,,,30 or more,,DK/NA,,More than 7 days,DK/NA,18 hours or more,,,DK/NA,Multiple Positions,Multiple Positions,1,DK/NA,DK/NA,,,No,No,No,No,No,No,No,DK/NA,,DK/NA,,DK/NA,,DK/NA,,DK/NA,,DK/NA,,DK/NA,,DK/NA,,DK/NA,,No answer,No answer,DK/NA,DK/NA,,DK/NA,DK/NA,DK/NA,,,,,,,,
2024,2023-24,Complete,"Gloucester, MA","Gloucester, MA",No answer,Other,Other,Other,Other,Other,55 or older,,DK/NA,,Some other race,Non-White,Yes,,,DK/NA (insured),,DK/NA,Other/Single,Outside U.S.,Spanish,Yes,1,1st gen,3,Less than 5,3,2,Two owners,Deckhand,0,Less than 5,Related to owner,Easy,10,More than 7 days,10,9 to 14 hours,7,6 or more members,Owner-operated,Deckhand,Deckhand,1,Share system,Share,,,No,No,No,No,No,No,Yes,DK/NA,,DK/NA,,DK/NA,,DK/NA,,DK/NA,,DK/NA,,DK/NA,,DK/NA,,DK/NA,,Yes,No answer,Strongly Disagree,Strongly Disagree,No,Strongly Agree,Strongly Agree,Disagree,42.615898,-70.662003,1930,1,,,,0.34651935
2024,2023-24,Complete,"Hampton Bays/Shinnecock, NY","Hampton Bays/Shinnecock, NY","Hampton Bays/Shinnecock, NY",Other,Other,Other,Other,Other,35 to 44,41,HS or equivalent,HS or equivalent,White,White,No,"$100,000 - $119,999","$90,000 - $119,999",Not insured,Not insured,Living with partner,Other/Single,U.S.,English,No,1,1st gen,20,16 to 29,20,9,Four or more,Deckhand,11,5 to 15,Word of mouth,Easy,8,More than 7 days,20,18 hours or more,4,3 to 5 members,Hired Captain,Deckhand,Deckhand,1,Share system,Share,88,12,Yes,Yes,No,Yes,No,No,No,Very Satisfied,5,Satisfied,4,Very Satisfied,5,Very Dissatisfied,1,Very Dissatisfied,1,Satisfied,4,Very Satisfied,5,Very Satisfied,5,Satisfied,4,No,Yes,Strongly Disagree,Strongly Disagree,No,Neutral,Agree,Disagree,40.8909,-72.463699,11968,1,14,6,14,0.36297825
2024,2023-24,Complete,"Montauk, NY","Montauk, NY","Montauk, NY",Other,Other,Other,Other,Other,25 to 34,29,Associate's/two-year degree,Associate's/two-year degree,White,White,No,"$120,000 or more","$120,000 or more",Private insurance,Insured,Never Married,Other/Single,U.S.,English,Yes,2,2nd gen,6,5 to 15,6,1,One owner,Deckhand,4,Less than 5,Referred by a friend,Neither easy nor difficult,10,More than 7 days,18,18 hours or more,4,3 to 5 members,Owner-operated,Multiple Positions,Multiple Positions,1,Share system,Share,50,50,Yes,Yes,Yes,Yes,Yes,Yes,No,Very Satisfied,5,Very Satisfied,5,Very Dissatisfied,1,Very Dissatisfied,1,Dissatisfied,2,Dissatisfied,2,Very Satisfied,5,Very Satisfied,5,Satisfied,4,Yes,Yes,Strongly Disagree,Agree,No,Neutral,Agree,Disagree,41.0359,-71.954498,11954,2,11,5,14,0.35286254
2024,2023-24,Complete,"Newport, RI","Newport, RI","Newport, RI",Other,Other,Other,Other,Other,45 to 54,47,HS or equivalent,HS or equivalent,White,White,No,"$70,000 - $79,999","$60,000 - $89,999",Not insured,Not insured,Married,Married,U.S.,English,Yes,4,4th gen or greater,27,16 to 29,27,1,One owner,Deckhand,20,16 to 29,Word of mouth,Neither easy nor difficult,1,1 day,10,9 to 14 hours,3,3 to 5 members,Owner-operated,Deckhand,Deckhand,1,Share system,Share,88,12,Yes,Yes,No,No,No,Yes,No,Satisfied,4,Neutral,3,Neutral,3,Satisfied,4,Neutral,3,Neutral,3,Neutral,3,Neutral,3,Neutral,3,Yes,Yes,Disagree,Disagree,No,Neutral,Neutral,Agree,41.490101,-71.312798,2840,1,10,10,9,-0.053667698
2024,2023-24,Complete,"Atlantic City, NJ","Atlantic City, NJ","Atlantic City, NJ",Scallop,Scallop,Other,Other,Scallop,25 to 34,34,HS or equivalent,HS or equivalent,White,White,No,"$60,000 - $69,999","$60,000 - $89,999",Not insured,Not insured,Living with partner,Other/Single,U.S.,English,Yes,4,4th gen or greater,23,16 to 29,23,1,One owner,Deckhand,1,Less than 5,Previous work,Very difficult,3,2 to 4 days,24,18 hours or more,3,3 to 5 members,Hired Captain,Deckhand,Deckhand,1,Other,Other,,,No,No,No,Yes,No,No,No,Very Dissatisfied,1,Very Dissatisfied,1,Satisfied,4,Dissatisfied,2,Satisfied,4,Very Dissatisfied,1,Very Satisfied,5,Neutral,3,Dissatisfied,2,No,Yes,Strongly Disagree,Agree,No,Agree,Disagree,Strongly Agree,39.3643,-74.422897,8401,1,6,7,10,-0.53189749
2024,2023-24,Complete,"Barnegat Light, NJ","Barnegat Light, NJ","Barnegat Light, NJ",Scallop,Scallop,Other,Other,Scallop,45 to 54,45,HS or equivalent,HS or equivalent,White,White,No,"$60,000 - $69,999","$60,000 - $89,999",Spouse/partner,Insured,Married,Married,U.S.,English,No,1,1st gen,14,5 to 15,14,4,Four or more,Deckhand,14,5 to 15,Referred by a friend,Easy,10,More than 7 days,10,9 to 14 hours,7,6 or more members,Hired Captain,Mate,Other,1,Share system,Share,45,55,No,Yes,Yes,Yes,Yes,Yes,No,Very Satisfied,5,Satisfied,4,Satisfied,4,Satisfied,4,Dissatisfied,2,Satisfied,4,Satisfied,4,Satisfied,4,Very Dissatisfied,1,Yes,Yes,Disagree,Strongly Disagree,No,Strongly Agree,Strongly Agree,Disagree,39.757599,-74.106201,8006,1,13,10,9,-0.33928156
2024,2023-24,Complete,"Barnegat Light, NJ","Barnegat Light, NJ","Barnegat Light, NJ",Scallop,Scallop,Other,Other,Scallop,Under 25,23,Associate's/two-year degree,Associate's/two-year degree,Some other race,Non-White,Yes,"$20,000 - $29,999","Less than $30,000",Private insurance,Insured,Living with partner,Other/Single,U.S.,English,No,1,1st gen,5,5 to 15,5,2,Two owners,Deckhand,3,Less than 5,Referred by a friend,Difficult,14,More than 7 days,16,15 to 17 hours,7,6 or more members,Hired Captain,Deckhand,Deckhand,1,Share system,Share,,,No,Yes,Yes,Yes,Yes,Yes,No,Very Dissatisfied,1,Dissatisfied,2,Satisfied,4,Very Dissatisfied,1,Satisfied,4,Very Satisfied,5,Very Satisfied,5,Satisfied,4,Very Satisfied,5,Yes,Yes,Disagree,Disagree,No,Strongly Agree,Strongly Disagree,Strongly Agree,39.757599,-74.106201,8006,1,7,10,14,-0.33928156
2024,2023-24,Complete,"Barnegat Light, NJ","Barnegat Light, NJ","Barnegat Light, NJ",Scallop,Scallop,Other,Other,Scallop,25 to 34,26,Associate's/two-year degree,Associate's/two-year degree,White,White,No,"$20,000 - $29,999","Less than $30,000",Not insured,Not insured,Widowed,Other/Single,U.S.,English,No,1,1st gen,3,Less than 5,3,4,Four or more,Deckhand,2,Less than 5,Referred by a friend,Very easy,14,More than 7 days,18,18 hours or more,7,6 or more members,Hired Captain,Deckhand,Deckhand,1,Share system,Share,45,55,Yes,Yes,Yes,Yes,Yes,Yes,No,Very Dissatisfied,1,Very Dissatisfied,1,Very Dissatisfied,1,Satisfied,4,Satisfied,4,Very Dissatisfied,1,Very Satisfied,5,Dissatisfied,2,Very Dissatisfied,1,No,No,Neutral,Strongly Agree,No,Strongly Agree,Strongly Disagree,Strongly Agree,39.757599,-74.106201,8006,1,3,9,8,-0.33928156
2024,2023-24,Complete,"Barnegat Light, NJ","Barnegat Light, NJ","Barnegat Light, NJ",Scallop,Scallop,Other,Other,Scallop,35 to 44,36,HS or equivalent,HS or equivalent,White,White,Yes,"$60,000 - $69,999","$60,000 - $89,999",Spouse/partner,Insured,Married,Married,U.S.,English,Yes,2,2nd gen,8,5 to 15,8,2,Two owners,Deckhand,1,Less than 5,Word of mouth,Neither easy nor difficult,12,More than 7 days,12,9 to 14 hours,4,3 to 5 members,Owner-operated,Deckhand,Deckhand,1,Share system,Share,,,Yes,Yes,Yes,Yes,Yes,Yes,No,Very Satisfied,5,Satisfied,4,Very Satisfied,5,Very Satisfied,5,Very Satisfied,5,Satisfied,4,Very Satisfied,5,Very Satisfied,5,Very Satisfied,5,Yes,Yes,Disagree,Strongly Disagree,Yes,Strongly Agree,Strongly Agree,Neutral,39.757599,-74.106201,8006,1,14,14,15,-0.33928156
2024,2023-24,Complete,"Barnegat Light, NJ","Barnegat Light, NJ","Barnegat Light, NJ",Scallop,Scallop,Other,Other,Scallop,55 or older,58,HS or equivalent,HS or equivalent,White,White,No,"$100,000 - $119,999","$90,000 - $119,999",Spouse/partner,Insured,Married,Married,U.S.,English,No,1,1st gen,40,30 or more,40,1,One owner,Deckhand,38,30 or more,Previous work,Very difficult,12,More than 7 days,18,18 hours or more,7,6 or more members,Hired Captain,Captain,Captain,0,Share system,Share,45,55,No,Yes,Yes,Yes,Yes,Yes,No,Very Dissatisfied,1,Very Dissatisfied,1,Satisfied,4,Satisfied,4,Very Dissatisfied,1,Very Dissatisfied,1,Very Satisfied,5,Dissatisfied,2,Very Dissatisfied,1,No,Yes,Strongly Disagree,Disagree,Yes,Agree,Neutral,Agree,39.757599,-74.106201,8006,1,6,6,8,-0.33928156
2024,2023-24,Complete,"Barnegat Light, NJ","Barnegat Light, NJ","Barnegat Light, NJ",Scallop,Scallop,Other,Other,Scallop,25 to 34,28,HS or equivalent,HS or equivalent,White,White,No,"$40,000 - $49,999","$30,000 - $59,999",Not insured,Not insured,Never Married,Other/Single,U.S.,English,Yes,1,1st gen,8,5 to 15,8,1,One owner,Deckhand,2,Less than 5,Related to non-owner,Easy,10,More than 7 days,16,15 to 17 hours,7,6 or more members,Hired Captain,Deckhand,Deckhand,1,Share system,Share,49,51,Yes,Yes,Yes,Yes,Yes,Yes,No,Very Dissatisfied,1,Very Dissatisfied,1,Very Satisfied,5,Satisfied,4,Satisfied,4,Neutral,3,Very Satisfied,5,Very Satisfied,5,Very Satisfied,5,Yes,Yes,Strongly Disagree,Strongly Agree,No,Agree,Disagree,Agree,39.757599,-74.106201,8006,1,7,11,15,-0.33928156
2024,2023-24,Complete,"Cape May, NJ","Cape May, NJ","Cape May, NJ",Scallop,Scallop,Other,Other,Scallop,35 to 44,40,HS or equivalent,HS or equivalent,White,White,No,"$80,000 - $89,999","$60,000 - $89,999",Spouse/partner,Insured,Married,Married,U.S.,English,Yes,3,3rd gen,25,16 to 29,25,1,One owner,Deckhand,25,16 to 29,Related to owner,Difficult,14,More than 7 days,18,18 hours or more,7,6 or more members,Owner-operated,Deckhand,Deckhand,1,DK/NA,DK/NA,,,Yes,Yes,No,Yes,Yes,Yes,No,Satisfied,4,Satisfied,4,Very Satisfied,5,Very Satisfied,5,Satisfied,4,Satisfied,4,Satisfied,4,Satisfied,4,Satisfied,4,No,Yes,Neutral,Agree,No,Strongly Agree,Neutral,Agree,38.935101,-74.905998,8204,1,13,13,12,-0.005133186
2024,2023-24,Complete,"Cape May, NJ","Cape May, NJ","Cape May, NJ",Scallop,Scallop,Other,Other,Scallop,25 to 34,30,HS or equivalent,HS or equivalent,White,White,No,"$120,000 or more","$120,000 or more",Other,Insured,Married,Married,U.S.,English,Yes,3,3rd gen,12,5 to 15,12,2,Two owners,Deckhand,12,5 to 15,Referred by a friend,Difficult,14,More than 7 days,18,18 hours or more,7,6 or more members,Owner-operated,Mate,Other,1,Share system,Share,,,Yes,Yes,Yes,Yes,Yes,Yes,No,Very Satisfied,5,Satisfied,4,Very Satisfied,5,Dissatisfied,2,Satisfied,4,Neutral,3,Satisfied,4,Very Satisfied,5,Very Satisfied,5,Yes,Yes,Strongly Agree,Neutral,No,Strongly Agree,Strongly Disagree,Strongly Agree,38.935101,-74.905998,8204,1,14,9,14,-0.005133186
2024,2023-24,Complete,"Point Pleasant, NJ","Cape May, NJ","Cape May, NJ",Scallop,Scallop,Other,Other,Scallop,Under 25,20,HS or equivalent,HS or equivalent,Multiracial,Non-White,No,"$60,000 - $69,999","$60,000 - $89,999",Not insured,Not insured,Never Married,Other/Single,U.S.,English,Yes,2,2nd gen,3,Less than 5,3,1,One owner,Deckhand,3,Less than 5,Related to non-owner,Very difficult,10,More than 7 days,16,15 to 17 hours,6,6 or more members,Hired Captain,Deckhand,Deckhand,1,Share system,Share,,,Yes,Yes,Yes,Yes,Yes,Yes,No,Very Satisfied,5,Neutral,3,Neutral,3,Satisfied,4,Very Dissatisfied,1,Neutral,3,Very Satisfied,5,Very Satisfied,5,Very Satisfied,5,Yes,Yes,Neutral,Strongly Disagree,No,Agree,Disagree,Disagree,38.935101,-74.905998,8204,1,11,8,15,-0.005133186
2024,2023-24,Complete,"Cape May, NJ","Cape May, NJ","Cape May, NJ",Scallop,Scallop,Other,Other,Scallop,25 to 34,31,HS or equivalent,HS or equivalent,White,White,No,"$100,000 - $119,999","$90,000 - $119,999",Spouse/partner,Insured,Married,Married,U.S.,English,No,1,1st gen,4,Less than 5,4,1,One owner,Deckhand,5,5 to 15,Word of mouth,Neither easy nor difficult,14,More than 7 days,18,18 hours or more,7,6 or more members,Owner-operated,Deckhand,Deckhand,1,Share system,Share,50,50,Yes,Yes,No,Yes,Yes,No,No,Satisfied,4,Satisfied,4,Neutral,3,Dissatisfied,2,Neutral,3,Neutral,3,Neutral,3,Neutral,3,Neutral,3,Yes,Yes,Disagree,Neutral,No,Neutral,Agree,Agree,38.935101,-74.905998,8204,1,11,8,9,-0.005133186
2024,2023-24,Complete,"Cape May, NJ","Cape May, NJ","Cape May, NJ",Scallop,Scallop,Other,Other,Scallop,35 to 44,36,HS or equivalent,HS or equivalent,White,White,No,"$120,000 or more","$120,000 or more",Private insurance,Insured,Married,Married,U.S.,English,Yes,5,4th gen or greater,19,16 to 29,19,1,One owner,Deckhand,19,16 to 29,Related to owner,Very difficult,14,More than 7 days,18,18 hours or more,7,6 or more members,Owner-operated,Captain,Captain,0,Share system,Share,50,50,Yes,Yes,No,Yes,Yes,No,No,Satisfied,4,Satisfied,4,Very Satisfied,5,Neutral,3,Neutral,3,Dissatisfied,2,Very Satisfied,5,Satisfied,4,Very Dissatisfied,1,Yes,Yes,DK/NA,DK/NA,No,Neutral,Agree,Neutral,38.935101,-74.905998,8204,1,13,8,10,-0.005133186
2024,2023-24,Complete,"New Bedford, MA","New Bedford, MA","New Bedford, MA",Scallop,Scallop,Other,Other,Scallop,35 to 44,42,HS or equivalent,HS or equivalent,White,White,No,"$100,000 - $119,999","$90,000 - $119,999",Not insured,Not insured,Divorced,Other/Single,U.S.,English,No,1,1st gen,7,5 to 15,7,1,One owner,Deckhand,7,5 to 15,Word of mouth,Neither easy nor difficult,10,More than 7 days,11,9 to 14 hours,7,6 or more members,Hired Captain,Deckhand,Deckhand,1,Share system,Share,60,40,Yes,Yes,No,No,Yes,Yes,No,Satisfied,4,Satisfied,4,Neutral,3,Dissatisfied,2,Dissatisfied,2,Dissatisfied,2,Neutral,3,Neutral,3,Neutral,3,No,No,Disagree,Disagree,No,Strongly Agree,Neutral,Strongly Agree,41.6362,-70.934196,2740,1,11,6,9,0.13545999
2024,2023-24,Complete,"New Bedford, MA","New Bedford, MA","New Bedford, MA",Scallop,Scallop,Other,Other,Scallop,45 to 54,48,HS or equivalent,HS or equivalent,White,White,No,"$120,000 or more","$120,000 or more",Spouse/partner,Insured,Married,Married,U.S.,English,Yes,3,3rd gen,27,16 to 29,27,1,One owner,Deckhand,27,16 to 29,Related to non-owner,Difficult,7,5 to 7 days,10,9 to 14 hours,7,6 or more members,Hired Captain,Deckhand,Deckhand,1,Share system,Share,70,30,Yes,Yes,No,Yes,No,Yes,No,Very Satisfied,5,Very Satisfied,5,Satisfied,4,Neutral,3,Neutral,3,Dissatisfied,2,Satisfied,4,Satisfied,4,Satisfied,4,Yes,Yes,Strongly Disagree,Strongly Disagree,No,Strongly Agree,Disagree,Neutral,41.6362,-70.934196,2740,1,14,8,12,0.13545999
2024,2023-24,Complete,"Cape May, NJ","New Bedford, MA","New Bedford, MA",Scallop,Scallop,Other,Other,Scallop,35 to 44,42,HS or equivalent,HS or equivalent,White,White,No,"$120,000 or more","$120,000 or more",Spouse/partner,Insured,Married,Married,U.S.,English,Yes,2,2nd gen,24,16 to 29,24,1,One owner,Deckhand,5,5 to 15,Word of mouth,Very difficult,10,More than 7 days,17,15 to 17 hours,7,6 or more members,Hired Captain,Captain,Captain,0,Share system,Share,45,55,Yes,Yes,Yes,Yes,Yes,Yes,No,Very Satisfied,5,Neutral,3,Satisfied,4,Very Dissatisfied,1,Very Satisfied,5,Very Dissatisfied,1,Very Satisfied,5,Very Satisfied,5,Very Satisfied,5,Yes,Yes,Disagree,Strongly Agree,Yes,Strongly Disagree,Agree,Strongly Disagree,41.6362,-70.934196,2740,1,12,7,15,0.13545999
2024,2023-24,Complete,"New Bedford, MA","New Bedford, MA","New Bedford, MA",Scallop,Scallop,Other,Other,Scallop,Under 25,22,HS or equivalent,HS or equivalent,White,White,No,"$90,000 - $99,999","$90,000 - $119,999",Other,Insured,Never Married,Other/Single,U.S.,English,Yes,1,1st gen,0,Less than 5,0,1,One owner,Deckhand,0,Less than 5,Related to non-owner,Difficult,9,More than 7 days,10,9 to 14 hours,7,6 or more members,Hired Captain,Deckhand,Deckhand,1,Share system,Share,60,40,No,No,No,No,No,No,Yes,Very Satisfied,5,Very Satisfied,5,Satisfied,4,Satisfied,4,Satisfied,4,Neutral,3,Very Satisfied,5,Very Satisfied,5,Neutral,3,Yes,Yes,Disagree,Neutral,No,Neutral,Neutral,Neutral,41.6362,-70.934196,2740,1,14,11,13,0.13545999
2024,2023-24,Complete,"New Bedford, MA","New Bedford, MA","New Bedford, MA",Scallop,Scallop,Other,Other,Scallop,25 to 34,26,Associate's/two-year degree,Associate's/two-year degree,White,White,No,"$50,000 - $59,999","$30,000 - $59,999",Private insurance,Insured,Living with partner,Other/Single,U.S.,English,Yes,1,1st gen,6,5 to 15,6,1,One owner,Deckhand,0,Less than 5,Advertisement,Very difficult,9,More than 7 days,18,18 hours or more,3,3 to 5 members,Owner-operated,Deckhand,Deckhand,1,Share system,Share,50,50,Yes,Yes,Yes,Yes,Yes,Yes,Yes,Satisfied,4,Neutral,3,Satisfied,4,Neutral,3,Satisfied,4,Satisfied,4,Very Satisfied,5,Very Satisfied,5,Very Satisfied,5,Yes,Yes,Strongly Agree,Agree,No,Strongly Agree,Agree,Agree,41.6362,-70.934196,2740,1,11,11,15,0.13545999
2024,2023-24,Complete,"New Bedford, MA","New Bedford, MA","New Bedford, MA",Scallop,Scallop,Other,Other,Scallop,35 to 44,44,HS or equivalent,HS or equivalent,White,White,No,"$120,000 or more","$120,000 or more",Private insurance,Insured,Married,Married,U.S.,English,Yes,4,4th gen or greater,23,16 to 29,23,1,One owner,Deckhand,10,5 to 15,Previous work,Neither easy nor difficult,10,More than 7 days,12,9 to 14 hours,7,6 or more members,Hired Captain,Captain,Captain,0,Share system,Share,70,30,Yes,Yes,No,Yes,No,Yes,No,Satisfied,4,Satisfied,4,Satisfied,4,Neutral,3,Neutral,3,Neutral,3,Satisfied,4,Satisfied,4,Satisfied,4,Yes,Yes,Strongly Disagree,Strongly Disagree,Yes,Strongly Agree,Disagree,Disagree,41.6362,-70.934196,2740,1,12,9,12,0.13545999
2024,2023-24,Complete,"New Bedford, MA","New Bedford, MA","New Bedford, MA",Scallop,Scallop,Other,Other,Scallop,25 to 34,27,Less than HS,Less than HS,Some other race,Non-White,Yes,"$40,000 - $49,999","$30,000 - $59,999",Not insured,Not insured,Never Married,Other/Single,Outside U.S.,Other,No,1,1st gen,8,5 to 15,8,1,One owner,Deckhand,2,Less than 5,Referred by a friend,Difficult,10,More than 7 days,11,9 to 14 hours,7,6 or more members,Hired Captain,Deckhand,Deckhand,1,Share system,Share,,,No,No,No,No,No,No,Yes,Satisfied,4,Dissatisfied,2,Dissatisfied,2,Dissatisfied,2,Dissatisfied,2,Dissatisfied,2,Neutral,3,Neutral,3,Dissatisfied,2,Yes,Yes,Agree,Disagree,No,Neutral,Neutral,Agree,41.6362,-70.934196,2740,1,8,6,8,0.13545999
2024,2023-24,Complete,"Fairhaven, MA","New Bedford, MA","New Bedford, MA",Scallop,Scallop,Other,Other,Scallop,45 to 54,53,Associate's/two-year degree,Associate's/two-year degree,White,White,No,"$120,000 or more","$120,000 or more",Private insurance,Insured,Married,Married,U.S.,English,Yes,2,2nd gen,29,16 to 29,29,2,Two owners,Deckhand,7,5 to 15,Referred by a friend,Difficult,8,More than 7 days,9,9 to 14 hours,7,6 or more members,Hired Captain,Captain,Captain,0,Share system,Share,70,30,Yes,Yes,No,Yes,Yes,Yes,No,Satisfied,4,Satisfied,4,Satisfied,4,Neutral,3,Dissatisfied,2,Dissatisfied,2,Neutral,3,Neutral,3,Satisfied,4,Yes,Yes,Strongly Disagree,Strongly Disagree,Yes,Strongly Agree,Disagree,Strongly Agree,41.6362,-70.934196,2740,1,12,7,10,0.13545999
2024,2023-24,Complete,"New Bedford, MA","New Bedford, MA","New Bedford, MA",Scallop,Scallop,Other,Other,Scallop,25 to 34,28,HS or equivalent,HS or equivalent,White,White,No,"$120,000 or more","$120,000 or more",Not insured,Not insured,Never Married,Other/Single,U.S.,English,No,1,1st gen,5,5 to 15,5,1,One owner,Deckhand,5,5 to 15,Referred by a friend,Difficult,8,More than 7 days,14,9 to 14 hours,7,6 or more members,Hired Captain,Deckhand,Deckhand,1,Share system,Share,70,30,No,No,No,No,No,No,No,Satisfied,4,Satisfied,4,Satisfied,4,Neutral,3,Neutral,3,Neutral,3,Very Satisfied,5,Very Satisfied,5,Very Satisfied,5,Yes,Yes,Disagree,Disagree,No,Agree,Agree,Agree,41.6362,-70.934196,2740,1,12,9,15,0.13545999
2024,2023-24,Complete,"New Bedford, MA","New Bedford, MA","New Bedford, MA",Scallop,Scallop,Other,Other,Scallop,25 to 34,31,Less than HS,Less than HS,White,White,No,"$80,000 - $89,999","$60,000 - $89,999",Not insured,Not insured,Living with partner,Other/Single,U.S.,English,No,1,1st gen,10,5 to 15,10,2,Two owners,Deckhand,2,Less than 5,Word of mouth,Easy,9,More than 7 days,12,9 to 14 hours,7,6 or more members,Hired Captain,Deckhand,Deckhand,1,Share system,Share,60,40,No,No,No,No,No,No,Yes,Satisfied,4,Neutral,3,Neutral,3,Dissatisfied,2,Dissatisfied,2,Neutral,3,Neutral,3,Neutral,3,Very Dissatisfied,1,No,No,Strongly Disagree,Agree,No,Strongly Agree,Strongly Disagree,Strongly Agree,41.6362,-70.934196,2740,1,10,7,7,0.13545999
2024,2023-24,Complete,"New Bedford, MA","New Bedford, MA","New Bedford, MA",Scallop,Scallop,Other,Other,Scallop,45 to 54,47,Associate's/two-year degree,Associate's/two-year degree,White,White,No,"$120,000 or more","$120,000 or more",Private insurance,Insured,Married,Married,U.S.,English,Yes,4,4th gen or greater,24,16 to 29,24,1,One owner,Deckhand,10,5 to 15,Word of mouth,Easy,10,More than 7 days,11,9 to 14 hours,7,6 or more members,Hired Captain,Deckhand,Deckhand,1,Share system,Share,60,40,Yes,Yes,No,Yes,Yes,Yes,No,Satisfied,4,Dissatisfied,2,Satisfied,4,Very Dissatisfied,1,Dissatisfied,2,Dissatisfied,2,Satisfied,4,Satisfied,4,Satisfied,4,Yes,Yes,Strongly Disagree,Agree,No,Agree,Agree,Neutral,41.6362,-70.934196,2740,1,10,5,12,0.13545999
2024,2023-24,Complete,"New Bedford, MA","New Bedford, MA","New Bedford, MA",Scallop,Scallop,Other,Other,Scallop,Under 25,21,HS or equivalent,HS or equivalent,Multiracial,Non-White,Yes,"$120,000 or more","$120,000 or more",Fed or state insurance,Insured,Never Married,Other/Single,U.S.,English,No,1,1st gen,2,Less than 5,2,2,Two owners,Deckhand,0,Less than 5,Word of mouth,Neither easy nor difficult,11,More than 7 days,10,9 to 14 hours,7,6 or more members,Hired Captain,Deckhand,Deckhand,1,Share system,Share,,,No,No,No,No,No,No,No,Very Satisfied,5,Very Satisfied,5,Satisfied,4,Neutral,3,Neutral,3,Satisfied,4,Very Satisfied,5,Very Satisfied,5,Very Satisfied,5,Yes,Yes,Disagree,Disagree,No,Neutral,Neutral,Disagree,41.6362,-70.934196,2740,1,14,10,15,0.13545999
2024,2023-24,Complete,"New Bedford, MA","New Bedford, MA","New Bedford, MA",Scallop,Scallop,Other,Other,Scallop,Under 25,22,Less than HS,Less than HS,Multiracial,Non-White,Yes,"$120,000 or more","$120,000 or more",Not insured,Not insured,Never Married,Other/Single,U.S.,Other,No,1,1st gen,4,Less than 5,4,1,One owner,Deckhand,4,Less than 5,Referred by a friend,Difficult,7,5 to 7 days,10,9 to 14 hours,7,6 or more members,Hired Captain,Deckhand,Deckhand,1,Share system,Share,80,20,Yes,Yes,No,Yes,Yes,Yes,No,Very Satisfied,5,Very Satisfied,5,Satisfied,4,Neutral,3,Neutral,3,Neutral,3,Satisfied,4,Satisfied,4,Neutral,3,Yes,Yes,Agree,Neutral,No,Neutral,Neutral,Neutral,41.6362,-70.934196,2740,1,14,9,11,0.13545999
2024,2023-24,Complete,"New Bedford, MA","New Bedford, MA","New Bedford, MA",Scallop,Scallop,Other,Other,Scallop,55 or older,55,HS or equivalent,HS or equivalent,White,White,No,"$120,000 or more","$120,000 or more",Private insurance,Insured,Divorced,Other/Single,U.S.,English,Yes,4,4th gen or greater,37,30 or more,37,1,One owner,Deckhand,12,5 to 15,Previous work,Neither easy nor difficult,9,More than 7 days,13,9 to 14 hours,7,6 or more members,Hired Captain,Captain,Captain,0,Share system,Share,70,30,No,No,No,No,No,No,No,Satisfied,4,Neutral,3,Neutral,3,Dissatisfied,2,Dissatisfied,2,Dissatisfied,2,Satisfied,4,Satisfied,4,Satisfied,4,Yes,Yes,Strongly Disagree,Agree,Yes,Agree,Disagree,Neutral,41.6362,-70.934196,2740,1,10,6,12,0.13545999
2024,2023-24,Complete,"New Bedford, MA","New Bedford, MA","New Bedford, MA",Scallop,Scallop,Other,Other,Scallop,25 to 34,26,HS or equivalent,HS or equivalent,White,White,No,"$50,000 - $59,999","$30,000 - $59,999",Private insurance,Insured,Living with partner,Other/Single,U.S.,English,Yes,3,3rd gen,9,5 to 15,9,2,Two owners,Deckhand,2,Less than 5,Word of mouth,Difficult,7,5 to 7 days,15,15 to 17 hours,7,6 or more members,Hired Captain,Mate,Other,1,Share system,Share,60,40,Yes,Yes,No,Yes,Yes,No,No,Satisfied,4,Satisfied,4,Very Satisfied,5,Neutral,3,Satisfied,4,Satisfied,4,Satisfied,4,Satisfied,4,Satisfied,4,Yes,Yes,Strongly Agree,Disagree,Yes,Neutral,Agree,Agree,41.6362,-70.934196,2740,1,13,11,12,0.13545999
2024,2023-24,Complete,"New Bedford, MA","New Bedford, MA","New Bedford, MA",Scallop,Scallop,Other,Other,Scallop,45 to 54,53,HS or equivalent,HS or equivalent,White,White,No,"$120,000 or more","$120,000 or more",Private insurance,Insured,Married,Married,U.S.,English,Yes,3,3rd gen,30,30 or more,30,1,One owner,Deckhand,12,5 to 15,Previous work,Neither easy nor difficult,9,More than 7 days,12,9 to 14 hours,7,6 or more members,Hired Captain,Captain,Captain,0,Share system,Share,80,20,Yes,Yes,No,Yes,Yes,Yes,No,Satisfied,4,Neutral,3,Satisfied,4,Dissatisfied,2,Dissatisfied,2,Very Dissatisfied,1,Neutral,3,Neutral,3,Neutral,3,No,No,Neutral,Agree,No,Agree,Neutral,Neutral,41.6362,-70.934196,2740,1,11,5,9,0.13545999
2024,2023-24,Complete,"New Bedford, MA","New Bedford, MA","New Bedford, MA",Scallop,Scallop,Other,Other,Scallop,25 to 34,34,HS or equivalent,HS or equivalent,White,White,No,"$120,000 or more","$120,000 or more",Spouse/partner,Insured,Married,Married,U.S.,English,Yes,3,3rd gen,12,5 to 15,12,1,One owner,Deckhand,2,Less than 5,Word of mouth,Neither easy nor difficult,10,More than 7 days,10,9 to 14 hours,7,6 or more members,Hired Captain,Multiple Positions,Multiple Positions,1,Share system,Share,43,57,Yes,Yes,No,No,No,No,Yes,Very Satisfied,5,Satisfied,4,Satisfied,4,Neutral,3,Dissatisfied,2,Dissatisfied,2,Neutral,3,Satisfied,4,Satisfied,4,No,No,Disagree,Agree,Yes,Disagree,Disagree,Disagree,41.6362,-70.934196,2740,1,13,7,11,0.13545999
2024,2023-24,Complete,"New Bedford, MA","New Bedford, MA","New Bedford, MA",Scallop,Scallop,Other,Other,Scallop,45 to 54,52,Associate's/two-year degree,Associate's/two-year degree,White,White,No,"$120,000 or more","$120,000 or more",Spouse/partner,Insured,Married,Married,U.S.,English,Yes,3,3rd gen,25,16 to 29,25,1,One owner,Deckhand,12,5 to 15,Previous work,Very difficult,12,More than 7 days,16,15 to 17 hours,7,6 or more members,Hired Captain,Deckhand,Deckhand,1,Share system,Share,60,40,Yes,Yes,Yes,Yes,Yes,Yes,Yes,Satisfied,4,Satisfied,4,Neutral,3,Dissatisfied,2,Neutral,3,Neutral,3,Neutral,3,Neutral,3,Neutral,3,Yes,Yes,Strongly Disagree,Agree,No,Agree,Agree,Strongly Agree,41.6362,-70.934196,2740,1,11,8,9,0.13545999
2024,2023-24,Complete,"New Bedford, MA","New Bedford, MA","New Bedford, MA",Scallop,Scallop,Other,Other,Scallop,35 to 44,37,HS or equivalent,HS or equivalent,White,White,No,"$60,000 - $69,999","$60,000 - $89,999",Private insurance,Insured,Living with partner,Other/Single,U.S.,English,Yes,3,3rd gen,20,16 to 29,20,1,One owner,Other,6,5 to 15,Previous work,Difficult,8,More than 7 days,18,18 hours or more,7,6 or more members,Hired Captain,Deckhand,Deckhand,1,Share system,Share,60,40,Yes,No,No,Yes,Yes,No,No,Satisfied,4,Satisfied,4,Satisfied,4,Neutral,3,Satisfied,4,Satisfied,4,Satisfied,4,Satisfied,4,Satisfied,4,No,Yes,Strongly Agree,Agree,Yes,Agree,Neutral,Disagree,41.6362,-70.934196,2740,1,12,11,12,0.13545999
2024,2023-24,Complete,"New Bedford, MA","New Bedford, MA","New Bedford, MA",Scallop,Scallop,Other,Other,Scallop,25 to 34,28,HS or equivalent,HS or equivalent,White,White,No,"$120,000 or more","$120,000 or more",Private insurance,Insured,Never Married,Other/Single,U.S.,English,Yes,1,1st gen,8,5 to 15,8,1,One owner,Deckhand,8,5 to 15,Referred by a friend,Neither easy nor difficult,10,More than 7 days,10,9 to 14 hours,7,6 or more members,Hired Captain,Deckhand,Deckhand,1,Share system,Share,43,57,Yes,Yes,No,No,No,No,Yes,Satisfied,4,Satisfied,4,Satisfied,4,Neutral,3,Dissatisfied,2,Dissatisfied,2,Satisfied,4,Neutral,3,Neutral,3,No,No,Disagree,Agree,No,Agree,Disagree,Agree,41.6362,-70.934196,2740,1,12,7,10,0.13545999
2024,2023-24,Complete,"New Bedford, MA","New Bedford, MA","New Bedford, MA",Scallop,Scallop,Other,Other,Scallop,35 to 44,38,Less than HS,Less than HS,Some other race,Non-White,Yes,"$90,000 - $99,999","$90,000 - $119,999",Not insured,Not insured,Married,Married,Outside U.S.,Spanish,No,1,1st gen,15,5 to 15,15,1,One owner,Deckhand,8,5 to 15,Previous work,Easy,7,5 to 7 days,11,9 to 14 hours,7,6 or more members,Hired Captain,Deckhand,Deckhand,1,Share system,Share,,,No,No,No,No,No,No,Yes,Satisfied,4,Dissatisfied,2,Neutral,3,Dissatisfied,2,Dissatisfied,2,Dissatisfied,2,Satisfied,4,Satisfied,4,Very Dissatisfied,1,No,No,Disagree,Agree,No,Strongly Agree,Agree,Strongly Agree,41.6362,-70.934196,2740,1,9,6,9,0.13545999
2024,2023-24,Complete,"New Bedford, MA","New Bedford, MA","New Bedford, MA",Scallop,Scallop,Other,Other,Scallop,25 to 34,28,HS or equivalent,HS or equivalent,White,White,No,"$90,000 - $99,999","$90,000 - $119,999",Private insurance,Insured,Married,Married,U.S.,English,No,1,1st gen,6,5 to 15,6,1,One owner,Deckhand,6,5 to 15,Word of mouth,Difficult,9,More than 7 days,11,9 to 14 hours,7,6 or more members,Hired Captain,Deckhand,Deckhand,1,Share system,Share,60,40,Yes,Yes,No,Yes,Yes,Yes,No,Satisfied,4,Satisfied,4,Neutral,3,Dissatisfied,2,Dissatisfied,2,Dissatisfied,2,Satisfied,4,Satisfied,4,Satisfied,4,Yes,Yes,Disagree,Disagree,No,Neutral,Neutral,Agree,41.6362,-70.934196,2740,1,11,6,12,0.13545999
2024,2023-24,Complete,"New Bedford, MA","New Bedford, MA","New Bedford, MA",Scallop,Scallop,Other,Other,Scallop,45 to 54,52,HS or equivalent,HS or equivalent,White,White,No,"$120,000 or more","$120,000 or more",Private insurance,Insured,Divorced,Other/Single,U.S.,English,Yes,2,2nd gen,25,16 to 29,25,1,One owner,Deckhand,3,Less than 5,Referred by a friend,Difficult,9,More than 7 days,11,9 to 14 hours,7,6 or more members,Hired Captain,Deckhand,Deckhand,1,Share system,Share,70,30,No,Yes,No,Yes,No,Yes,No,Satisfied,4,Dissatisfied,2,Neutral,3,Dissatisfied,2,Dissatisfied,2,Dissatisfied,2,Neutral,3,Neutral,3,Dissatisfied,2,No,No,Strongly Disagree,Agree,No,Agree,Neutral,Agree,41.6362,-70.934196,2740,1,9,6,8,0.13545999
2024,2023-24,Complete,"Point Pleasant, NJ","Point Pleasant, NJ","Point Pleasant, NJ",Scallop,Scallop,Other,Other,Scallop,45 to 54,52,Associate's/two-year degree,Associate's/two-year degree,Multiracial,Non-White,No,"$100,000 - $119,999","$90,000 - $119,999",Not insured,Not insured,Living with partner,Other/Single,U.S.,English,Yes,2,2nd gen,39,30 or more,39,1,One owner,Deckhand,0,Less than 5,Word of mouth,Very difficult,2,2 to 4 days,20,18 hours or more,3,3 to 5 members,Hired Captain,Captain,Captain,0,Share system,Share,60,40,Yes,Yes,Yes,Yes,Yes,Yes,No,Satisfied,4,Very Satisfied,5,Very Satisfied,5,Satisfied,4,Very Satisfied,5,Very Satisfied,5,Very Satisfied,5,Very Satisfied,5,Very Satisfied,5,Yes,Yes,Strongly Disagree,Strongly Agree,No,Strongly Agree,Agree,Disagree,40.083199,-74.068199,8742,1,14,14,15,-0.90694255
2024,2023-24,Complete,"Montauk, NY","Montauk, NY","Montauk, NY",Scup,Other,Other,Other,Other,35 to 44,39,HS or equivalent,HS or equivalent,White,White,No,"$100,000 - $119,999","$90,000 - $119,999",Private insurance,Insured,Married,Married,U.S.,English,Yes,2,2nd gen,17,16 to 29,17,2,Two owners,Deckhand,1,Less than 5,Referred by a friend,Very difficult,5,5 to 7 days,13,9 to 14 hours,3,3 to 5 members,Owner-operated,Deckhand,Deckhand,1,Share system,Share,,,Yes,Yes,Yes,Yes,Yes,Yes,No,Satisfied,4,Neutral,3,Very Dissatisfied,1,Very Dissatisfied,1,Very Dissatisfied,1,Very Dissatisfied,1,Very Satisfied,5,Neutral,3,Neutral,3,Yes,Yes,Disagree,Strongly Agree,No,Strongly Agree,Strongly Disagree,Strongly Agree,41.0359,-71.954498,11954,2,8,3,11,0.35286254
2024,2023-24,Complete,"Narragansett, RI","Point Judith, RI","Point Judith, RI",Spiny Dogfish,Other,Other,Other,Other,45 to 54,48,Less than HS,Less than HS,Some other race,Non-White,Yes,"$120,000 or more","$120,000 or more",Not insured,Not insured,Married,Married,Outside U.S.,Other,Yes,3,3rd gen,28,16 to 29,28,1,One owner,Deckhand,12,5 to 15,Word of mouth,Difficult,6,5 to 7 days,12,9 to 14 hours,5,3 to 5 members,Owner-operated,Deckhand,Deckhand,1,Share system,Share,75,25,Yes,Yes,No,No,Yes,Yes,No,Satisfied,4,Satisfied,4,Neutral,3,Neutral,3,Neutral,3,Neutral,3,Satisfied,4,Neutral,3,Neutral,3,Yes,Yes,Disagree,Disagree,No,Neutral,Neutral,Neutral,41.365398,-71.486702,2882,1,11,9,10,-0.075379163
2024,2023-24,Complete,"Cape May, NJ","Cape May, NJ","Cape May, NJ",Squid,Other,Other,Other,Other,Under 25,22,Bachelor's/four year degree,Bachelor's/four year degree,White,White,No,"$20,000 - $29,999","Less than $30,000",Spouse/partner,Insured,Never Married,Other/Single,U.S.,English,Yes,3,3rd gen,4,Less than 5,4,1,One owner,Deckhand,4,Less than 5,Related to owner,Very difficult,3,2 to 4 days,10,9 to 14 hours,5,3 to 5 members,Hired Captain,Deckhand,Deckhand,1,Share system,Share,60,40,No,Yes,Yes,Yes,Yes,Yes,No,Very Satisfied,5,Neutral,3,Very Satisfied,5,Satisfied,4,Neutral,3,Neutral,3,Very Satisfied,5,Very Satisfied,5,Very Satisfied,5,Yes,Yes,Strongly Disagree,Agree,No,Neutral,Neutral,Agree,38.935101,-74.905998,8204,1,13,10,15,-0.005133186
2024,2023-24,Complete,"Hampton Bays/Shinnecock, NY","Hampton Bays/Shinnecock, NY","Hampton Bays/Shinnecock, NY",Squid,Other,Other,Other,Other,25 to 34,32,Associate's/two-year degree,Associate's/two-year degree,White,White,No,"$40,000 - $49,999","$30,000 - $59,999",Fed or state insurance,Insured,Never Married,Other/Single,U.S.,English,Yes,3,3rd gen,12,5 to 15,12,1,One owner,Deckhand,16,16 to 29,Related to owner,Very difficult,3,2 to 4 days,15,15 to 17 hours,3,3 to 5 members,Owner-operated,Deckhand,Deckhand,1,Share system,Share,,,Yes,Yes,Yes,Yes,Yes,Yes,No,Neutral,3,Very Dissatisfied,1,Satisfied,4,Very Dissatisfied,1,Satisfied,4,Very Satisfied,5,Very Satisfied,5,Very Satisfied,5,Very Satisfied,5,No,Yes,Strongly Disagree,Agree,Yes,Strongly Agree,Neutral,Agree,40.8909,-72.463699,11968,1,8,10,15,0.36297825
2024,2023-24,Complete,"Hampton Bays/Shinnecock, NY","Hampton Bays/Shinnecock, NY","Hampton Bays/Shinnecock, NY",Squid,Other,Other,Other,Other,Under 25,19,HS or equivalent,HS or equivalent,White,White,Yes,"$70,000 - $79,999","$60,000 - $89,999",Spouse/partner,Insured,Never Married,Other/Single,U.S.,English,Yes,2,2nd gen,2,Less than 5,2,5,Four or more,Deckhand,2,Less than 5,Referred by a friend,Very difficult,1,1 day,14,9 to 14 hours,3,3 to 5 members,Owner-operated,Deckhand,Deckhand,1,Share system,Share,,,Yes,Yes,Yes,Yes,No,No,No,Very Satisfied,5,Very Satisfied,5,Very Satisfied,5,Neutral,3,Very Satisfied,5,Satisfied,4,Very Satisfied,5,Very Satisfied,5,Satisfied,4,Yes,Yes,Strongly Disagree,Neutral,Yes,Agree,Disagree,Agree,40.8909,-72.463699,11968,1,15,12,14,0.36297825
2024,2023-24,Complete,"Montauk, NY","Montauk, NY","Cape May, NJ",Squid,Other,Other,Other,Other,55 or older,63,HS or equivalent,HS or equivalent,White,White,No,"$100,000 - $119,999","$90,000 - $119,999",Fed or state insurance,Insured,Married,Married,U.S.,English,No,1,1st gen,50,30 or more,50,1,One owner,Deckhand,3,Less than 5,Referred by a friend,Very difficult,5,5 to 7 days,20,18 hours or more,5,3 to 5 members,Owner-operated,Captain,Captain,0,Share system,Share,50,50,Yes,Yes,Yes,Yes,Yes,Yes,No,Dissatisfied,2,Very Dissatisfied,1,Satisfied,4,Very Dissatisfied,1,Satisfied,4,Satisfied,4,Very Satisfied,5,Very Satisfied,5,Very Satisfied,5,Yes,Yes,Strongly Disagree,Strongly Disagree,No,Strongly Agree,Neutral,Agree,41.0359,-71.954498,11954,2,7,9,15,0.35286254
2024,2023-24,Complete,"Montauk, NY","Montauk, NY","Montauk, NY",Squid,Other,Other,Other,Other,25 to 34,33,HS or equivalent,HS or equivalent,White,White,No,"$70,000 - $79,999","$60,000 - $89,999",Spouse/partner,Insured,Married,Married,U.S.,English,Yes,2,2nd gen,10,5 to 15,10,1,One owner,Deckhand,2,Less than 5,Related to owner,Neither easy nor difficult,1,1 day,12,9 to 14 hours,2,1 to 2 members,Owner-operated,Deckhand,Deckhand,1,Other,Other,,,Yes,Yes,Yes,Yes,Yes,No,No,Neutral,3,Very Dissatisfied,1,Very Dissatisfied,1,Dissatisfied,2,Satisfied,4,Very Satisfied,5,Very Satisfied,5,Very Satisfied,5,Very Satisfied,5,Yes,Yes,Strongly Disagree,Strongly Agree,Yes,Agree,Strongly Agree,Strongly Agree,41.0359,-71.954498,11954,2,5,11,15,0.35286254
2024,2023-24,Complete,"Montauk, NY","Montauk, NY","Montauk, NY",Squid,Other,Other,Other,Other,35 to 44,35,HS or equivalent,HS or equivalent,White,White,No,"$50,000 - $59,999","$30,000 - $59,999",Private insurance,Insured,Never Married,Other/Single,U.S.,English,No,1,1st gen,5,5 to 15,5,1,One owner,Deckhand,3,Less than 5,Referred by a friend,Very difficult,5,5 to 7 days,13,9 to 14 hours,3,3 to 5 members,Owner-operated,Deckhand,Deckhand,1,Share system,Share,50,50,Yes,Yes,Yes,Yes,Yes,Yes,No,Very Satisfied,5,Neutral,3,Neutral,3,Neutral,3,Very Dissatisfied,1,Neutral,3,Very Satisfied,5,Very Satisfied,5,Very Satisfied,5,Yes,Yes,Neutral,Strongly Disagree,No,Strongly Agree,Strongly Disagree,Strongly Agree,41.0359,-71.954498,11954,2,11,7,15,0.35286254
2024,2023-24,Complete,"Montauk, NY","Montauk, NY","Montauk, NY",Squid,Other,Other,Other,Other,25 to 34,28,HS or equivalent,HS or equivalent,White,White,No,"$90,000 - $99,999","$90,000 - $119,999",Not insured,Not insured,Never Married,Other/Single,U.S.,English,No,1,1st gen,2,Less than 5,2,1,One owner,Deckhand,2,Less than 5,Related to non-owner,Difficult,5,5 to 7 days,13,9 to 14 hours,5,3 to 5 members,Owner-operated,Deckhand,Deckhand,1,Share system,Share,,,Yes,Yes,Yes,Yes,Yes,Yes,No,Very Satisfied,5,Very Satisfied,5,Neutral,3,Satisfied,4,Satisfied,4,Very Satisfied,5,Very Satisfied,5,Dissatisfied,2,Neutral,3,Yes,Yes,Agree,Strongly Disagree,No,Agree,Strongly Disagree,Strongly Agree,41.0359,-71.954498,11954,2,13,13,10,0.35286254
2024,2023-24,Complete,"Montauk, NY","Montauk, NY","Montauk, NY",Squid,Other,Other,Other,Other,35 to 44,36,Associate's/two-year degree,Associate's/two-year degree,White,White,No,"$60,000 - $69,999","$60,000 - $89,999",Fed or state insurance,Insured,Never Married,Other/Single,U.S.,English,No,1,1st gen,0,Less than 5,0,1,One owner,Deckhand,0,Less than 5,Word of mouth,Very difficult,5,5 to 7 days,16,15 to 17 hours,4,3 to 5 members,Owner-operated,Deckhand,Deckhand,1,Share system,Share,,,Yes,Yes,Yes,Yes,Yes,Yes,No,Very Satisfied,5,Very Satisfied,5,Neutral,3,Satisfied,4,Dissatisfied,2,Satisfied,4,Very Satisfied,5,Satisfied,4,Very Satisfied,5,Yes,Yes,Disagree,Strongly Disagree,No,Neutral,Agree,Agree,41.0359,-71.954498,11954,2,13,10,14,0.35286254
2024,2023-24,Complete,"Montauk, NY","Montauk, NY","Montauk, NY",Squid,Other,Other,Other,Other,Under 25,21,DK/NA,,White,White,Yes,,,Other,Insured,DK/NA,Other/Single,na,English,Yes,2,2nd gen,7,5 to 15,7,2,Two owners,Deckhand,4,Less than 5,Related to owner,Difficult,5,5 to 7 days,14,9 to 14 hours,4,3 to 5 members,Owner-operated,Deckhand,Deckhand,1,Share system,Share,60,40,Yes,Yes,Yes,Yes,Yes,Yes,No,Satisfied,4,Satisfied,4,Neutral,3,Dissatisfied,2,Very Dissatisfied,1,Satisfied,4,Very Satisfied,5,Satisfied,4,Satisfied,4,Yes,Yes,Strongly Disagree,Strongly Agree,No,Strongly Agree,Strongly Disagree,Strongly Agree,41.0359,-71.954498,11954,2,11,7,13,0.35286254
2024,2023-24,Complete,"Cape May, NJ","New Bedford, MA","Cape May, NJ",Squid,Other,Other,Other,Other,55 or older,61,Bachelor's/four year degree,Bachelor's/four year degree,White,White,No,"$40,000 - $49,999","$30,000 - $59,999",Private insurance,Insured,Never Married,Other/Single,Outside U.S.,English,Yes,3,3rd gen,28,16 to 29,28,1,One owner,Deckhand,7,5 to 15,Referred by a friend,Difficult,3,2 to 4 days,6,8 hours or less,6,6 or more members,Hired Captain,Multiple Positions,Multiple Positions,1,Share system,Share,,,Yes,Yes,Yes,Yes,Yes,Yes,Yes,Very Dissatisfied,1,Very Dissatisfied,1,Satisfied,4,Dissatisfied,2,Dissatisfied,2,Dissatisfied,2,Satisfied,4,Satisfied,4,Satisfied,4,No,Yes,Strongly Disagree,Strongly Agree,No,Strongly Agree,Neutral,Agree,41.6362,-70.934196,2740,1,6,6,12,0.13545999
2024,2023-24,Complete,"Atlantic City, NJ","Atlantic City, NJ","Atlantic City, NJ",Surf Clam/Ocean Quahogs,Other,Other,Other,Other,55 or older,58,HS or equivalent,HS or equivalent,White,White,No,"$90,000 - $99,999","$90,000 - $119,999",Not insured,Not insured,Married,Married,U.S.,English,Yes,3,3rd gen,42,30 or more,42,2,Two owners,Deckhand,10,5 to 15,Referred by a friend,Difficult,2,2 to 4 days,24,18 hours or more,3,3 to 5 members,Hired Captain,Captain,Captain,0,Share system,Share,92,8,Yes,Yes,Yes,Yes,Yes,Yes,No,Very Dissatisfied,1,Very Dissatisfied,1,Satisfied,4,Satisfied,4,Satisfied,4,Dissatisfied,2,Dissatisfied,2,Very Dissatisfied,1,Very Satisfied,5,No,Yes,Disagree,Strongly Agree,No,Disagree,Neutral,Agree,39.3643,-74.422897,8401,1,6,10,8,-0.53189749
2024,2023-24,Complete,"Atlantic City, NJ","Atlantic City, NJ","Atlantic City, NJ",Surf Clam/Ocean Quahogs,Other,Other,Other,Other,25 to 34,34,Less than HS,Less than HS,White,White,No,"$120,000 or more","$120,000 or more",Private insurance,Insured,Married,Married,U.S.,English,Yes,2,2nd gen,15,5 to 15,15,1,One owner,Deckhand,7,5 to 15,Referred by a friend,Difficult,3,2 to 4 days,10,9 to 14 hours,4,3 to 5 members,Hired Captain,Captain,Captain,0,Other,Other,,,No,No,No,Yes,No,No,No,Neutral,3,Dissatisfied,2,Satisfied,4,Satisfied,4,Very Satisfied,5,Dissatisfied,2,Very Satisfied,5,Very Satisfied,5,Very Satisfied,5,No,Yes,Strongly Disagree,Disagree,No,Strongly Disagree,Agree,Strongly Disagree,39.3643,-74.422897,8401,1,9,11,15,-0.53189749
2024,2023-24,Complete,"Atlantic City, NJ","Atlantic City, NJ","Atlantic City, NJ",Surf Clam/Ocean Quahogs,Other,Other,Other,Other,55 or older,69,HS or equivalent,HS or equivalent,White,White,No,"$80,000 - $89,999","$60,000 - $89,999",Fed or state insurance,Insured,Widowed,Other/Single,U.S.,English,Yes,3,3rd gen,51,30 or more,51,1,One owner,Deckhand,2,Less than 5,Referred by a friend,Very difficult,3,2 to 4 days,12,9 to 14 hours,4,3 to 5 members,Hired Captain,Captain,Captain,0,Share system,Share,,,No,No,No,Yes,No,No,No,Dissatisfied,2,Satisfied,4,Satisfied,4,Neutral,3,Very Satisfied,5,Dissatisfied,2,Very Satisfied,5,Satisfied,4,Dissatisfied,2,No,Yes,Agree,Strongly Agree,No,Disagree,Neutral,Disagree,39.3643,-74.422897,8401,1,10,10,11,-0.53189749
2024,2023-24,Complete,"Atlantic City, NJ","Atlantic City, NJ","Atlantic City, NJ",Surf Clam/Ocean Quahogs,Other,Other,Other,Other,55 or older,62,HS or equivalent,HS or equivalent,White,White,No,"$80,000 - $89,999","$60,000 - $89,999",Fed or state insurance,Insured,Married,Married,Outside U.S.,Other,No,1,1st gen,40,30 or more,40,1,One owner,Deckhand,0,Less than 5,Related to owner,Very difficult,3,2 to 4 days,18,18 hours or more,3,3 to 5 members,Hired Captain,Captain,Captain,0,Share system,Share,,,No,No,No,Yes,No,No,No,Very Dissatisfied,1,Very Dissatisfied,1,Very Satisfied,5,Satisfied,4,Very Satisfied,5,Neutral,3,Very Satisfied,5,Very Satisfied,5,Very Satisfied,5,No,No,Strongly Disagree,Agree,No,Strongly Disagree,Agree,Strongly Disagree,39.3643,-74.422897,8401,1,7,12,15,-0.53189749
2024,2023-24,Complete,"Cape May, NJ","Cape May, NJ","Cape May, NJ",Surf Clam/Ocean Quahogs,Other,Other,Other,Other,35 to 44,43,Associate's/two-year degree,Associate's/two-year degree,White,White,No,"$100,000 - $119,999","$90,000 - $119,999",Not insured,Not insured,Living with partner,Other/Single,U.S.,English,No,3,3rd gen,20,16 to 29,20,1,One owner,Deckhand,2,Less than 5,Referred by a friend,Very difficult,3,2 to 4 days,10,9 to 14 hours,5,3 to 5 members,Hired Captain,Captain,Captain,0,Share system,Share,,,Yes,Yes,Yes,Yes,Yes,Yes,No,Satisfied,4,Very Dissatisfied,1,Satisfied,4,Very Dissatisfied,1,Dissatisfied,2,Dissatisfied,2,Very Satisfied,5,Very Satisfied,5,Very Satisfied,5,Yes,Yes,Strongly Disagree,Agree,Yes,Strongly Agree,Disagree,Disagree,38.935101,-74.905998,8204,1,9,5,15,-0.005133186
2024,2023-24,Complete,"Hampton Bays/Shinnecock, NY","Hampton Bays/Shinnecock, NY","Hampton Bays/Shinnecock, NY",Surf Clam/Ocean Quahogs,Other,Other,Other,Other,35 to 44,40,HS or equivalent,HS or equivalent,Some other race,Non-White,Yes,"$80,000 - $89,999","$60,000 - $89,999",Not insured,Not insured,Never Married,Other/Single,Outside U.S.,Spanish,No,1,1st gen,10,5 to 15,10,1,One owner,Deckhand,2,Less than 5,Referred by a friend,Very difficult,1,1 day,10,9 to 14 hours,2,1 to 2 members,Owner-operated,Deckhand,Deckhand,1,Share system,Share,75,25,No,No,No,No,No,No,No,Very Satisfied,5,Very Satisfied,5,Very Satisfied,5,Very Satisfied,5,Very Satisfied,5,Satisfied,4,Very Satisfied,5,Very Satisfied,5,Satisfied,4,Yes,Yes,Strongly Agree,Strongly Disagree,No,Strongly Agree,Neutral,Strongly Agree,40.8909,-72.463699,11968,1,15,14,14,0.36297825
2024,2023-24,Complete,"Hampton Bays/Shinnecock, NY","Hampton Bays/Shinnecock, NY","Hampton Bays/Shinnecock, NY",Surf Clam/Ocean Quahogs,Other,Other,Other,Other,35 to 44,38,Associate's/two-year degree,Associate's/two-year degree,White,White,No,"$20,000 - $29,999","Less than $30,000",Other,Insured,Married,Married,U.S.,English,No,8,4th gen or greater,20,16 to 29,20,5,Four or more,Deckhand,20,16 to 29,Word of mouth,Very difficult,1,1 day,13,9 to 14 hours,3,3 to 5 members,Owner-operated,Deckhand,Deckhand,1,Share system,Share,,,No,No,No,No,No,No,Yes,Satisfied,4,Dissatisfied,2,Neutral,3,Neutral,3,Neutral,3,Very Satisfied,5,Very Satisfied,5,Very Satisfied,5,Neutral,3,Yes,Yes,Strongly Disagree,Strongly Disagree,No,Strongly Agree,Disagree,Strongly Agree,40.8909,-72.463699,11968,1,9,11,13,0.36297825