YEAR,State,FISHERY,SCI_NAM,Landings pounds,Landings metric tons,Landings dollars,Confidentiality,Collection,Tsn,Source
2024,MAINE,ALEWIFE,Alosa pseudoharengus,,,,Confidential,Commercial,161706,ACCSP
2023,MAINE,ALEWIFE,Alosa pseudoharengus,"3,207,995","1,455","1,565,998",Public,Commercial,161706,ACCSP
2022,MAINE,ALEWIFE,Alosa pseudoharengus,,,,Confidential,Commercial,161706,ACCSP
2021,MAINE,ALEWIFE,Alosa pseudoharengus,,,,Confidential,Commercial,161706,ACCSP
2021,MASSACHUSETTS,ALEWIFE,Alosa pseudoharengus,,,,Confidential,Commercial,161706,ACCSP
2024,RHODE ISLAND,AMBERJACKS **,Seriola,,,,Confidential,Commercial,168688,ACCSP
2023,RHODE ISLAND,AMBERJACKS **,Seriola,,,,Confidential,Commercial,168688,ACCSP
2022,RHODE ISLAND,AMBERJACKS **,Seriola,,,,Confidential,Commercial,168688,ACCSP
2021,RHODE ISLAND,AMBERJACKS **,Seriola,,,,Confidential,Commercial,168688,ACCSP
2022,MASSACHUSETTS,"BASS, BANK SEA",Centropristis ocyurus,,,,Confidential,Commercial,167690,ACCSP
2021,MASSACHUSETTS,"BASS, BANK SEA",Centropristis ocyurus,,,,Confidential,Commercial,167690,ACCSP
2024,CONNECTICUT,"BASS, BLACK SEA",Centropristis striata,"206,661",94,"686,912",Public,Commercial,167687,ACCSP
2024,MASSACHUSETTS,"BASS, BLACK SEA",Centropristis striata,"946,639",429,"2,410,657",Public,Commercial,167687,ACCSP
2024,RHODE ISLAND,"BASS, BLACK SEA",Centropristis striata,"815,958",370,"2,067,778",Public,Commercial,167687,ACCSP
2023,CONNECTICUT,"BASS, BLACK SEA",Centropristis striata,"253,392",115,"850,684",Public,Commercial,167687,ACCSP
2023,MAINE,"BASS, BLACK SEA",Centropristis striata,,,,Confidential,Commercial,167687,ACCSP
2023,MASSACHUSETTS,"BASS, BLACK SEA",Centropristis striata,"813,102",369,"1,914,880",Public,Commercial,167687,ACCSP
2023,RHODE ISLAND,"BASS, BLACK SEA",Centropristis striata,"636,588",289,"1,850,638",Public,Commercial,167687,ACCSP
2022,CONNECTICUT,"BASS, BLACK SEA",Centropristis striata,"280,136",127,"830,675",Public,Commercial,167687,ACCSP
2022,MASSACHUSETTS,"BASS, BLACK SEA",Centropristis striata,"948,182",430,"2,591,034",Public,Commercial,167687,ACCSP
2022,RHODE ISLAND,"BASS, BLACK SEA",Centropristis striata,"824,258",374,"2,336,773",Public,Commercial,167687,ACCSP
2021,CONNECTICUT,"BASS, BLACK SEA",Centropristis striata,"116,070",53,"411,151",Public,Commercial,167687,ACCSP
2021,MASSACHUSETTS,"BASS, BLACK SEA",Centropristis striata,"761,289",345,"2,334,277",Public,Commercial,167687,ACCSP
2021,RHODE ISLAND,"BASS, BLACK SEA",Centropristis striata,"660,033",299,"2,024,679",Public,Commercial,167687,ACCSP
2024,CONNECTICUT,"BASS, STRIPED",Morone saxatilis,"4,667",2,"23,073",Public,Commercial,167680,ACCSP
2024,MASSACHUSETTS,"BASS, STRIPED",Morone saxatilis,"663,343",301,"2,853,053",Public,Commercial,167680,ACCSP
2024,RHODE ISLAND,"BASS, STRIPED",Morone saxatilis,"124,568",57,"547,844",Public,Commercial,167680,ACCSP
2023,CONNECTICUT,"BASS, STRIPED",Morone saxatilis,"2,232",1,"9,138",Public,Commercial,167680,ACCSP
2023,MASSACHUSETTS,"BASS, STRIPED",Morone saxatilis,"677,774",307,"2,563,453",Public,Commercial,167680,ACCSP
2023,RHODE ISLAND,"BASS, STRIPED",Morone saxatilis,"132,108",60,"542,369",Public,Commercial,167680,ACCSP
2022,CONNECTICUT,"BASS, STRIPED",Morone saxatilis,"6,121",3,"23,696",Public,Commercial,167680,ACCSP
2022,MASSACHUSETTS,"BASS, STRIPED",Morone saxatilis,"770,363",349,"3,112,414",Public,Commercial,167680,ACCSP
2022,RHODE ISLAND,"BASS, STRIPED",Morone saxatilis,"162,557",74,"606,413",Public,Commercial,167680,ACCSP
2021,CONNECTICUT,"BASS, STRIPED",Morone saxatilis,"6,704",3,"34,267",Public,Commercial,167680,ACCSP
2021,MASSACHUSETTS,"BASS, STRIPED",Morone saxatilis,"731,278",332,"3,420,275",Public,Commercial,167680,ACCSP
2021,RHODE ISLAND,"BASS, STRIPED",Morone saxatilis,"130,308",59,"539,824",Public,Commercial,167680,ACCSP
2024,MASSACHUSETTS,BIGEYE,Priacanthus arenatus,568,0,"2,987",Public,Commercial,168178,ACCSP
2024,CONNECTICUT,BLUEFISH,Pomatomus saltatrix,"31,690",14,"57,641",Public,Commercial,168559,ACCSP
2024,MASSACHUSETTS,BLUEFISH,Pomatomus saltatrix,"150,346",68,"311,422",Public,Commercial,168559,ACCSP
2024,RHODE ISLAND,BLUEFISH,Pomatomus saltatrix,"84,725",38,"95,849",Public,Commercial,168559,ACCSP
2023,CONNECTICUT,BLUEFISH,Pomatomus saltatrix,"46,366",21,"45,717",Public,Commercial,168559,ACCSP
2023,MAINE,BLUEFISH,Pomatomus saltatrix,,,,Confidential,Commercial,168559,ACCSP
2023,MASSACHUSETTS,BLUEFISH,Pomatomus saltatrix,"310,680",141,"355,960",Public,Commercial,168559,ACCSP
2023,NEW HAMPSHIRE,BLUEFISH,Pomatomus saltatrix,,,,Confidential,Commercial,168559,ACCSP
2023,RHODE ISLAND,BLUEFISH,Pomatomus saltatrix,"208,318",94,"211,267",Public,Commercial,168559,ACCSP
2022,CONNECTICUT,BLUEFISH,Pomatomus saltatrix,"42,405",19,"54,985",Public,Commercial,168559,ACCSP
2022,MAINE,BLUEFISH,Pomatomus saltatrix,,,,Confidential,Commercial,168559,ACCSP
2022,MASSACHUSETTS,BLUEFISH,Pomatomus saltatrix,"253,856",115,"374,677",Public,Commercial,168559,ACCSP
2022,RHODE ISLAND,BLUEFISH,Pomatomus saltatrix,"241,499",110,"253,899",Public,Commercial,168559,ACCSP
2021,CONNECTICUT,BLUEFISH,Pomatomus saltatrix,"37,394",17,"42,596",Public,Commercial,168559,ACCSP
2021,MASSACHUSETTS,BLUEFISH,Pomatomus saltatrix,"223,706",101,"342,916",Public,Commercial,168559,ACCSP
2021,RHODE ISLAND,BLUEFISH,Pomatomus saltatrix,"254,847",116,"320,995",Public,Commercial,168559,ACCSP
2024,CONNECTICUT,"BONITO, ATLANTIC",Sarda sarda,60,0,131,Public,Commercial,172409,ACCSP
2024,MASSACHUSETTS,"BONITO, ATLANTIC",Sarda sarda,"1,297",1,"6,105",Public,Commercial,172409,ACCSP
2024,RHODE ISLAND,"BONITO, ATLANTIC",Sarda sarda,"9,031",4,"25,120",Public,Commercial,172409,ACCSP
2023,CONNECTICUT,"BONITO, ATLANTIC",Sarda sarda,23,0,68,Public,Commercial,172409,ACCSP
2023,MASSACHUSETTS,"BONITO, ATLANTIC",Sarda sarda,821,0,"4,792",Public,Commercial,172409,ACCSP
2023,RHODE ISLAND,"BONITO, ATLANTIC",Sarda sarda,"12,412",6,"32,247",Public,Commercial,172409,ACCSP
2022,CONNECTICUT,"BONITO, ATLANTIC",Sarda sarda,100,0,140,Public,Commercial,172409,ACCSP
2022,MASSACHUSETTS,"BONITO, ATLANTIC",Sarda sarda,257,0,"1,320",Public,Commercial,172409,ACCSP
2022,RHODE ISLAND,"BONITO, ATLANTIC",Sarda sarda,"5,234",2,"13,762",Public,Commercial,172409,ACCSP
2021,CONNECTICUT,"BONITO, ATLANTIC",Sarda sarda,46,0,55,Public,Commercial,172409,ACCSP
2021,MASSACHUSETTS,"BONITO, ATLANTIC",Sarda sarda,171,0,701,Public,Commercial,172409,ACCSP
2021,RHODE ISLAND,"BONITO, ATLANTIC",Sarda sarda,"13,489",6,"33,534",Public,Commercial,172409,ACCSP
2024,CONNECTICUT,BUTTERFISH,Peprilus triacanthus,"63,932",29,"87,928",Public,Commercial,172567,ACCSP
2024,MASSACHUSETTS,BUTTERFISH,Peprilus triacanthus,"81,500",37,"73,680",Public,Commercial,172567,ACCSP
2024,RHODE ISLAND,BUTTERFISH,Peprilus triacanthus,"3,174,166","1,440","2,142,186",Public,Commercial,172567,ACCSP
2023,CONNECTICUT,BUTTERFISH,Peprilus triacanthus,"39,238",18,"64,883",Public,Commercial,172567,ACCSP
2023,MAINE,BUTTERFISH,Peprilus triacanthus,,,,Confidential,Commercial,172567,ACCSP
2023,MASSACHUSETTS,BUTTERFISH,Peprilus triacanthus,"136,902",62,"143,441",Public,Commercial,172567,ACCSP
2023,RHODE ISLAND,BUTTERFISH,Peprilus triacanthus,"3,308,216","1,501","2,018,230",Public,Commercial,172567,ACCSP
2022,CONNECTICUT,BUTTERFISH,Peprilus triacanthus,"44,163",20,"53,642",Public,Commercial,172567,ACCSP
2022,MAINE,BUTTERFISH,Peprilus triacanthus,,,,Confidential,Commercial,172567,ACCSP
2022,MASSACHUSETTS,BUTTERFISH,Peprilus triacanthus,"214,904",97,"238,309",Public,Commercial,172567,ACCSP
2022,NEW HAMPSHIRE,BUTTERFISH,Peprilus triacanthus,,,,Confidential,Commercial,172567,ACCSP
2022,RHODE ISLAND,BUTTERFISH,Peprilus triacanthus,"815,323",370,"617,651",Public,Commercial,172567,ACCSP
2021,CONNECTICUT,BUTTERFISH,Peprilus triacanthus,"106,553",48,"109,647",Public,Commercial,172567,ACCSP
2021,MASSACHUSETTS,BUTTERFISH,Peprilus triacanthus,"133,374",60,"126,373",Public,Commercial,172567,ACCSP
2021,NEW HAMPSHIRE,BUTTERFISH,Peprilus triacanthus,,,,Confidential,Commercial,172567,ACCSP
2021,RHODE ISLAND,BUTTERFISH,Peprilus triacanthus,"2,660,742","1,207","1,880,421",Public,Commercial,172567,ACCSP
2022,MASSACHUSETTS,"BUTTERFISH, GULF",Peprilus burti,,,,Confidential,Commercial,172568,ACCSP
2024,CONNECTICUT,"CARP, COMMON",Cyprinus carpio,185,0,99,Public,Commercial,163344,ACCSP
2023,CONNECTICUT,"CARP, COMMON",Cyprinus carpio,823,0,304,Public,Commercial,163344,ACCSP
2022,CONNECTICUT,"CARP, COMMON",Cyprinus carpio,963,0,424,Public,Commercial,163344,ACCSP
2021,CONNECTICUT,"CARP, COMMON",Cyprinus carpio,90,0,36,Public,Commercial,163344,ACCSP
2024,CONNECTICUT,"CATFISH, BLUE",Ictalurus furcatus,649,0,467,Public,Commercial,163997,ACCSP
2023,MASSACHUSETTS,"CATFISH, BLUE",Ictalurus furcatus,,,,Confidential,Commercial,163997,ACCSP
2022,CONNECTICUT,"CATFISH, BLUE",Ictalurus furcatus,266,0,176,Public,Commercial,163997,ACCSP
2022,MASSACHUSETTS,"CATFISH, BLUE",Ictalurus furcatus,,,,Confidential,Commercial,163997,ACCSP
2021,CONNECTICUT,"CATFISH, BLUE",Ictalurus furcatus,214,0,93,Public,Commercial,163997,ACCSP
2023,CONNECTICUT,"CATFISH, CHANNEL",Ictalurus punctatus,,,60,Public,Commercial,163998,ACCSP
2022,CONNECTICUT,"CATFISH, CHANNEL",Ictalurus punctatus,,,2,Public,Commercial,163998,ACCSP
2024,CONNECTICUT,"CATFISHES, BULLHEAD **",Ictaluridae,"2,258",1,"2,709",Public,Commercial,163995,ACCSP
2023,CONNECTICUT,"CATFISHES, BULLHEAD **",Ictaluridae,"2,141",1,664,Public,Commercial,163995,ACCSP
2022,CONNECTICUT,"CATFISHES, BULLHEAD **",Ictaluridae,"2,199",1,"2,265",Public,Commercial,163995,ACCSP
2021,CONNECTICUT,"CATFISHES, BULLHEAD **",Ictaluridae,776,0,830,Public,Commercial,163995,ACCSP
2024,MASSACHUSETTS,"CLAM, ARK, BLOOD",Anadara ovalis,"30,855",14,"92,700",Public,Commercial,79342,ACCSP
2023,MASSACHUSETTS,"CLAM, ARK, BLOOD",Anadara ovalis,"24,046",11,"69,732",Public,Commercial,79342,ACCSP
2022,MASSACHUSETTS,"CLAM, ARK, BLOOD",Anadara ovalis,"20,959",10,"61,096",Public,Commercial,79342,ACCSP
2021,MASSACHUSETTS,"CLAM, ARK, BLOOD",Anadara ovalis,"46,528",21,"100,466",Public,Commercial,79342,ACCSP
2022,MASSACHUSETTS,"CLAM, QUAHOG, FALSE",Pitar morrhuanus,,,,Confidential,Commercial,81501,ACCSP
2021,MASSACHUSETTS,"CLAM, QUAHOG, FALSE",Pitar morrhuanus,,,,Confidential,Commercial,81501,ACCSP
2024,MAINE,"CLAM, QUAHOG, NORTHERN",Mercenaria mercenaria,"208,653",95,"2,907,232",Public,Commercial,81496,ACCSP
2024,MASSACHUSETTS,"CLAM, QUAHOG, NORTHERN",Mercenaria mercenaria,"494,312",224,"5,086,578",Public,Commercial,81496,ACCSP
2024,RHODE ISLAND,"CLAM, QUAHOG, NORTHERN",Mercenaria mercenaria,"302,244",137,"3,519,249",Public,Commercial,81496,ACCSP
2023,MAINE,"CLAM, QUAHOG, NORTHERN",Mercenaria mercenaria,"231,847",105,"3,436,941",Public,Commercial,81496,ACCSP
2023,MASSACHUSETTS,"CLAM, QUAHOG, NORTHERN",Mercenaria mercenaria,"534,324",242,"5,568,770",Public,Commercial,81496,ACCSP
2023,RHODE ISLAND,"CLAM, QUAHOG, NORTHERN",Mercenaria mercenaria,"359,367",163,"4,040,258",Public,Commercial,81496,ACCSP
2022,MAINE,"CLAM, QUAHOG, NORTHERN",Mercenaria mercenaria,"220,631",100,"3,488,217",Public,Commercial,81496,ACCSP
2022,MASSACHUSETTS,"CLAM, QUAHOG, NORTHERN",Mercenaria mercenaria,"542,353",246,"5,533,594",Public,Commercial,81496,ACCSP
2022,RHODE ISLAND,"CLAM, QUAHOG, NORTHERN",Mercenaria mercenaria,"397,442",180,"4,711,184",Public,Commercial,81496,ACCSP
2021,MAINE,"CLAM, QUAHOG, NORTHERN",Mercenaria mercenaria,"193,097",88,"3,286,544",Public,Commercial,81496,ACCSP
2021,MASSACHUSETTS,"CLAM, QUAHOG, NORTHERN",Mercenaria mercenaria,"493,627",224,"5,046,251",Public,Commercial,81496,ACCSP
2021,RHODE ISLAND,"CLAM, QUAHOG, NORTHERN",Mercenaria mercenaria,"344,035",156,"3,988,117",Public,Commercial,81496,ACCSP
2024,MAINE,"CLAM, QUAHOG, OCEAN",Arctica islandica,,,,Confidential,Commercial,81343,ACCSP
2024,MASSACHUSETTS,"CLAM, QUAHOG, OCEAN",Arctica islandica,,,,Confidential,Commercial,81343,ACCSP
2023,MAINE,"CLAM, QUAHOG, OCEAN",Arctica islandica,,,,Confidential,Commercial,81343,ACCSP
2023,MASSACHUSETTS,"CLAM, QUAHOG, OCEAN",Arctica islandica,"12,399,590","5,624","8,316,668",Public,Commercial,81343,ACCSP
2022,MAINE,"CLAM, QUAHOG, OCEAN",Arctica islandica,,,,Confidential,Commercial,81343,ACCSP
2022,MASSACHUSETTS,"CLAM, QUAHOG, OCEAN",Arctica islandica,"15,119,230","6,858","13,132,720",Public,Commercial,81343,ACCSP
2021,MAINE,"CLAM, QUAHOG, OCEAN",Arctica islandica,"173,870",79,"687,292",Public,Commercial,81343,ACCSP
2021,MASSACHUSETTS,"CLAM, QUAHOG, OCEAN",Arctica islandica,"11,183,485","5,073","9,245,853",Public,Commercial,81343,ACCSP
2024,MAINE,"CLAM, RAZOR, ATLANTIC",Ensis directus,"9,381",4,"141,809",Public,Commercial,81022,ACCSP
2024,MASSACHUSETTS,"CLAM, RAZOR, ATLANTIC",Ensis directus,"86,807",39,"1,475,297",Public,Commercial,81022,ACCSP
2023,MAINE,"CLAM, RAZOR, ATLANTIC",Ensis directus,"11,083",5,"148,851",Public,Commercial,81022,ACCSP
2023,MASSACHUSETTS,"CLAM, RAZOR, ATLANTIC",Ensis directus,"62,361",28,"1,071,686",Public,Commercial,81022,ACCSP
2023,RHODE ISLAND,"CLAM, RAZOR, ATLANTIC",Ensis directus,,,,Confidential,Commercial,81022,ACCSP
2022,MAINE,"CLAM, RAZOR, ATLANTIC",Ensis directus,,,,Confidential,Commercial,81022,ACCSP
2022,MASSACHUSETTS,"CLAM, RAZOR, ATLANTIC",Ensis directus,"99,752",45,"1,680,351",Public,Commercial,81022,ACCSP
2021,MAINE,"CLAM, RAZOR, ATLANTIC",Ensis directus,,,,Confidential,Commercial,81022,ACCSP
2021,MASSACHUSETTS,"CLAM, RAZOR, ATLANTIC",Ensis directus,"103,750",47,"1,698,643",Public,Commercial,81022,ACCSP
2024,MAINE,"CLAM, SOFT",Mya arenaria,"1,173,106",532,"15,631,561",Public,Commercial,81692,ACCSP
2024,MASSACHUSETTS,"CLAM, SOFT",Mya arenaria,"571,934",259,"6,860,444",Public,Commercial,81692,ACCSP
2024,RHODE ISLAND,"CLAM, SOFT",Mya arenaria,327,0,"5,241",Public,Commercial,81692,ACCSP
2023,MAINE,"CLAM, SOFT",Mya arenaria,"1,165,382",529,"14,864,522",Public,Commercial,81692,ACCSP
2023,MASSACHUSETTS,"CLAM, SOFT",Mya arenaria,"505,720",229,"5,277,148",Public,Commercial,81692,ACCSP
2023,RHODE ISLAND,"CLAM, SOFT",Mya arenaria,250,0,"4,289",Public,Commercial,81692,ACCSP
2022,MAINE,"CLAM, SOFT",Mya arenaria,"1,411,372",640,"18,647,029",Public,Commercial,81692,ACCSP
2022,MASSACHUSETTS,"CLAM, SOFT",Mya arenaria,"704,259",319,"8,074,491",Public,Commercial,81692,ACCSP
2022,RHODE ISLAND,"CLAM, SOFT",Mya arenaria,435,0,"7,688",Public,Commercial,81692,ACCSP
2021,MAINE,"CLAM, SOFT",Mya arenaria,"1,540,099",699,"25,275,724",Public,Commercial,81692,ACCSP
2021,MASSACHUSETTS,"CLAM, SOFT",Mya arenaria,"658,563",299,"8,743,147",Public,Commercial,81692,ACCSP
2021,RHODE ISLAND,"CLAM, SOFT",Mya arenaria,331,0,"4,820",Public,Commercial,81692,ACCSP
2024,MASSACHUSETTS,"CLAM, STOUT TAGELUS (STUBBY RAZOR/BAMBOO)",Tagelus plebeius,"5,887",3,"18,531",Public,Commercial,81272,ACCSP
2023,MASSACHUSETTS,"CLAM, STOUT TAGELUS (STUBBY RAZOR/BAMBOO)",Tagelus plebeius,,,,Confidential,Commercial,81272,ACCSP
2021,MASSACHUSETTS,"CLAM, STOUT TAGELUS (STUBBY RAZOR/BAMBOO)",Tagelus plebeius,,,,Confidential,Commercial,81272,ACCSP
2021,MASSACHUSETTS,"CLAM, SURF, ARCTIC",Mactromeris polynyma,,,,Confidential,Commercial,80983,ACCSP
2024,MASSACHUSETTS,"CLAM, SURF, ATLANTIC",Spisula solidissima,"6,800,643","3,085","10,005,798",Public,Commercial,80944,ACCSP
2023,MAINE,"CLAM, SURF, ATLANTIC",Spisula solidissima,"86,855",39,"214,713",Public,Commercial,80944,ACCSP
2023,MASSACHUSETTS,"CLAM, SURF, ATLANTIC",Spisula solidissima,"7,212,131","3,271","11,716,936",Public,Commercial,80944,ACCSP
2022,MAINE,"CLAM, SURF, ATLANTIC",Spisula solidissima,"2,636",1,"12,296",Public,Commercial,80944,ACCSP
2022,MASSACHUSETTS,"CLAM, SURF, ATLANTIC",Spisula solidissima,"5,060,414","2,295","7,688,161",Public,Commercial,80944,ACCSP
2021,MAINE,"CLAM, SURF, ATLANTIC",Spisula solidissima,,,,Confidential,Commercial,80944,ACCSP
2021,MASSACHUSETTS,"CLAM, SURF, ATLANTIC",Spisula solidissima,"9,363,503","4,247","10,985,003",Public,Commercial,80944,ACCSP
2024,MASSACHUSETTS,"CLAMS, QUAHOG, MERCENARIA **",Mercenaria,,,,Confidential,Commercial,81495,ACCSP
2024,RHODE ISLAND,COBIA,Rachycentron canadum,,,,Confidential,Commercial,168566,ACCSP
2023,CONNECTICUT,COBIA,Rachycentron canadum,33,0,62,Public,Commercial,168566,ACCSP
2023,RHODE ISLAND,COBIA,Rachycentron canadum,139,0,500,Public,Commercial,168566,ACCSP
2022,MASSACHUSETTS,COBIA,Rachycentron canadum,,,,Confidential,Commercial,168566,ACCSP
2022,RHODE ISLAND,COBIA,Rachycentron canadum,83,0,260,Public,Commercial,168566,ACCSP
2021,CONNECTICUT,COBIA,Rachycentron canadum,11,0,51,Public,Commercial,168566,ACCSP
2021,RHODE ISLAND,COBIA,Rachycentron canadum,797,0,"2,089",Public,Commercial,168566,ACCSP
2024,CONNECTICUT,"COD, ATLANTIC",Gadus morhua,"1,102",0,"2,982",Public,Commercial,164712,ACCSP
2024,MAINE,"COD, ATLANTIC",Gadus morhua,"75,013",34,"142,603",Public,Commercial,164712,ACCSP
2024,MASSACHUSETTS,"COD, ATLANTIC",Gadus morhua,"1,299,179",589,"2,572,732",Public,Commercial,164712,ACCSP
2024,NEW HAMPSHIRE,"COD, ATLANTIC",Gadus morhua,"43,728",20,"98,593",Public,Commercial,164712,ACCSP
2024,RHODE ISLAND,"COD, ATLANTIC",Gadus morhua,"5,621",3,"10,160",Public,Commercial,164712,ACCSP
2023,CONNECTICUT,"COD, ATLANTIC",Gadus morhua,926,0,"1,838",Public,Commercial,164712,ACCSP
2023,MAINE,"COD, ATLANTIC",Gadus morhua,"95,225",43,"203,252",Public,Commercial,164712,ACCSP
2023,MASSACHUSETTS,"COD, ATLANTIC",Gadus morhua,"944,633",428,"1,893,149",Public,Commercial,164712,ACCSP
2023,NEW HAMPSHIRE,"COD, ATLANTIC",Gadus morhua,"36,859",17,"80,589",Public,Commercial,164712,ACCSP
2023,RHODE ISLAND,"COD, ATLANTIC",Gadus morhua,"7,029",3,"16,573",Public,Commercial,164712,ACCSP
2022,CONNECTICUT,"COD, ATLANTIC",Gadus morhua,511,0,"1,452",Public,Commercial,164712,ACCSP
2022,MAINE,"COD, ATLANTIC",Gadus morhua,"56,110",25,"164,732",Public,Commercial,164712,ACCSP
2022,MASSACHUSETTS,"COD, ATLANTIC",Gadus morhua,"1,004,226",456,"2,084,137",Public,Commercial,164712,ACCSP
2022,NEW HAMPSHIRE,"COD, ATLANTIC",Gadus morhua,"14,182",6,"34,650",Public,Commercial,164712,ACCSP
2022,RHODE ISLAND,"COD, ATLANTIC",Gadus morhua,"6,520",3,"15,072",Public,Commercial,164712,ACCSP
2021,CONNECTICUT,"COD, ATLANTIC",Gadus morhua,"2,277",1,"5,029",Public,Commercial,164712,ACCSP
2021,MAINE,"COD, ATLANTIC",Gadus morhua,"47,311",21,"128,833",Public,Commercial,164712,ACCSP
2021,MASSACHUSETTS,"COD, ATLANTIC",Gadus morhua,"1,201,132",545,"2,619,925",Public,Commercial,164712,ACCSP
2021,NEW HAMPSHIRE,"COD, ATLANTIC",Gadus morhua,"45,836",21,"124,633",Public,Commercial,164712,ACCSP
2021,RHODE ISLAND,"COD, ATLANTIC",Gadus morhua,"12,803",6,"26,286",Public,Commercial,164712,ACCSP
2024,CONNECTICUT,CONCHS **,Strombidae,"228,061",103,"102,796",Public,Commercial,72554,ACCSP
2024,RHODE ISLAND,CONCHS **,Strombidae,"2,478",1,"6,832",Public,Commercial,72554,ACCSP
2023,CONNECTICUT,CONCHS **,Strombidae,"159,767",72,"748,893",Public,Commercial,72554,ACCSP
2023,RHODE ISLAND,CONCHS **,Strombidae,"5,038",2,"16,766",Public,Commercial,72554,ACCSP
2022,CONNECTICUT,CONCHS **,Strombidae,"189,970",86,"1,710,734",Public,Commercial,72554,ACCSP
2022,MASSACHUSETTS,CONCHS **,Strombidae,,,,Confidential,Commercial,72554,ACCSP
2022,RHODE ISLAND,CONCHS **,Strombidae,"34,098",15,"133,732",Public,Commercial,72554,ACCSP
2021,CONNECTICUT,CONCHS **,Strombidae,"186,008",84,"919,143",Public,Commercial,72554,ACCSP
2021,MASSACHUSETTS,CONCHS **,Strombidae,,,,Confidential,Commercial,72554,ACCSP
2021,RHODE ISLAND,CONCHS **,Strombidae,"6,138",3,"22,692",Public,Commercial,72554,ACCSP
2024,MAINE,"CRAB, ATLANTIC ROCK",Cancer irroratus,"1,234,653",560,"519,920",Public,Commercial,98679,ACCSP
2024,MASSACHUSETTS,"CRAB, ATLANTIC ROCK",Cancer irroratus,"117,601",53,"117,754",Public,Commercial,98679,ACCSP
2024,NEW HAMPSHIRE,"CRAB, ATLANTIC ROCK",Cancer irroratus,,,,Confidential,Commercial,98679,ACCSP
2024,RHODE ISLAND,"CRAB, ATLANTIC ROCK",Cancer irroratus,"33,903",15,"43,480",Public,Commercial,98679,ACCSP
2023,MAINE,"CRAB, ATLANTIC ROCK",Cancer irroratus,"1,419,441",644,"839,235",Public,Commercial,98679,ACCSP
2023,MASSACHUSETTS,"CRAB, ATLANTIC ROCK",Cancer irroratus,"96,689",44,"97,271",Public,Commercial,98679,ACCSP
2023,NEW HAMPSHIRE,"CRAB, ATLANTIC ROCK",Cancer irroratus,,,,Confidential,Commercial,98679,ACCSP
2023,RHODE ISLAND,"CRAB, ATLANTIC ROCK",Cancer irroratus,"49,147",22,"60,428",Public,Commercial,98679,ACCSP
2022,MAINE,"CRAB, ATLANTIC ROCK",Cancer irroratus,"908,033",412,"730,758",Public,Commercial,98679,ACCSP
2022,MASSACHUSETTS,"CRAB, ATLANTIC ROCK",Cancer irroratus,"100,746",46,"171,442",Public,Commercial,98679,ACCSP
2022,NEW HAMPSHIRE,"CRAB, ATLANTIC ROCK",Cancer irroratus,,,,Confidential,Commercial,98679,ACCSP
2022,RHODE ISLAND,"CRAB, ATLANTIC ROCK",Cancer irroratus,"37,059",17,"63,474",Public,Commercial,98679,ACCSP
2021,MAINE,"CRAB, ATLANTIC ROCK",Cancer irroratus,"1,200,468",545,"855,362",Public,Commercial,98679,ACCSP
2021,MASSACHUSETTS,"CRAB, ATLANTIC ROCK",Cancer irroratus,"136,788",62,"127,996",Public,Commercial,98679,ACCSP
2021,NEW HAMPSHIRE,"CRAB, ATLANTIC ROCK",Cancer irroratus,,,,Confidential,Commercial,98679,ACCSP
2021,RHODE ISLAND,"CRAB, ATLANTIC ROCK",Cancer irroratus,"40,775",18,"48,707",Public,Commercial,98679,ACCSP
2024,CONNECTICUT,"CRAB, BLUE",Callinectes sapidus,888,0,"2,534",Public,Commercial,98696,ACCSP
2023,CONNECTICUT,"CRAB, BLUE",Callinectes sapidus,487,0,"1,637",Public,Commercial,98696,ACCSP
2023,RHODE ISLAND,"CRAB, BLUE",Callinectes sapidus,,,,Confidential,Commercial,98696,ACCSP
2022,CONNECTICUT,"CRAB, BLUE",Callinectes sapidus,968,0,"3,325",Public,Commercial,98696,ACCSP
2022,MASSACHUSETTS,"CRAB, BLUE",Callinectes sapidus,,,,Confidential,Commercial,98696,ACCSP
2021,CONNECTICUT,"CRAB, BLUE",Callinectes sapidus,803,0,"1,024",Public,Commercial,98696,ACCSP
2021,RHODE ISLAND,"CRAB, BLUE",Callinectes sapidus,,,,Confidential,Commercial,98696,ACCSP
2024,CONNECTICUT,"CRAB, GREEN",Carcinus maenas,"2,815",1,"2,685",Public,Commercial,98734,ACCSP
2024,MAINE,"CRAB, GREEN",Carcinus maenas,,,,Confidential,Commercial,98734,ACCSP
2024,MASSACHUSETTS,"CRAB, GREEN",Carcinus maenas,"151,126",69,"90,747",Public,Commercial,98734,ACCSP
2024,NEW HAMPSHIRE,"CRAB, GREEN",Carcinus maenas,,,,Confidential,Commercial,98734,ACCSP
2024,RHODE ISLAND,"CRAB, GREEN",Carcinus maenas,"17,213",8,"11,034",Public,Commercial,98734,ACCSP
2023,CONNECTICUT,"CRAB, GREEN",Carcinus maenas,"6,015",3,"5,453",Public,Commercial,98734,ACCSP
2023,MASSACHUSETTS,"CRAB, GREEN",Carcinus maenas,"144,844",66,"66,178",Public,Commercial,98734,ACCSP
2023,NEW HAMPSHIRE,"CRAB, GREEN",Carcinus maenas,,,,Confidential,Commercial,98734,ACCSP
2023,RHODE ISLAND,"CRAB, GREEN",Carcinus maenas,"19,996",9,"18,878",Public,Commercial,98734,ACCSP
2022,CONNECTICUT,"CRAB, GREEN",Carcinus maenas,"42,859",19,"20,507",Public,Commercial,98734,ACCSP
2022,MAINE,"CRAB, GREEN",Carcinus maenas,,,,Confidential,Commercial,98734,ACCSP
2022,MASSACHUSETTS,"CRAB, GREEN",Carcinus maenas,"72,309",33,"34,383",Public,Commercial,98734,ACCSP
2022,NEW HAMPSHIRE,"CRAB, GREEN",Carcinus maenas,,,,Confidential,Commercial,98734,ACCSP
2022,RHODE ISLAND,"CRAB, GREEN",Carcinus maenas,"21,830",10,"13,180",Public,Commercial,98734,ACCSP
2021,CONNECTICUT,"CRAB, GREEN",Carcinus maenas,"56,885",26,"23,158",Public,Commercial,98734,ACCSP
2021,MAINE,"CRAB, GREEN",Carcinus maenas,,,,Confidential,Commercial,98734,ACCSP
2021,MASSACHUSETTS,"CRAB, GREEN",Carcinus maenas,"92,883",42,"42,257",Public,Commercial,98734,ACCSP
2021,NEW HAMPSHIRE,"CRAB, GREEN",Carcinus maenas,,,,Confidential,Commercial,98734,ACCSP
2021,RHODE ISLAND,"CRAB, GREEN",Carcinus maenas,"97,074",44,"36,690",Public,Commercial,98734,ACCSP
2024,CONNECTICUT,"CRAB, HORSESHOE",Limulus polyphemus,,,,Public,Commercial,82703,ACCSP
2024,MASSACHUSETTS,"CRAB, HORSESHOE",Limulus polyphemus,"836,177",379,"1,103,138",Public,Commercial,82703,ACCSP
2024,RHODE ISLAND,"CRAB, HORSESHOE",Limulus polyphemus,"44,839",20,"18,108",Public,Commercial,82703,ACCSP
2023,CONNECTICUT,"CRAB, HORSESHOE",Limulus polyphemus,"10,725",5,"11,839",Public,Commercial,82703,ACCSP
2023,MASSACHUSETTS,"CRAB, HORSESHOE",Limulus polyphemus,"896,882",407,"1,039,603",Public,Commercial,82703,ACCSP
2023,RHODE ISLAND,"CRAB, HORSESHOE",Limulus polyphemus,"48,518",22,"21,613",Public,Commercial,82703,ACCSP
2022,CONNECTICUT,"CRAB, HORSESHOE",Limulus polyphemus,"3,586",2,"3,174",Public,Commercial,82703,ACCSP
2022,MASSACHUSETTS,"CRAB, HORSESHOE",Limulus polyphemus,"838,025",380,"911,113",Public,Commercial,82703,ACCSP
2022,RHODE ISLAND,"CRAB, HORSESHOE",Limulus polyphemus,"52,481",24,"21,512",Public,Commercial,82703,ACCSP
2021,CONNECTICUT,"CRAB, HORSESHOE",Limulus polyphemus,"47,238",21,"30,561",Public,Commercial,82703,ACCSP
2021,MASSACHUSETTS,"CRAB, HORSESHOE",Limulus polyphemus,"426,725",194,"316,231",Public,Commercial,82703,ACCSP
2021,RHODE ISLAND,"CRAB, HORSESHOE",Limulus polyphemus,"51,320",23,"23,647",Public,Commercial,82703,ACCSP
2024,CONNECTICUT,"CRAB, JONAH",Cancer borealis,15,0,10,Public,Commercial,98678,ACCSP
2024,MAINE,"CRAB, JONAH",Cancer borealis,"1,404,553",637,"892,119",Public,Commercial,98678,ACCSP
2024,MASSACHUSETTS,"CRAB, JONAH",Cancer borealis,"5,443,860","2,469","4,774,380",Public,Commercial,98678,ACCSP
2024,NEW HAMPSHIRE,"CRAB, JONAH",Cancer borealis,"123,583",56,"84,449",Public,Commercial,98678,ACCSP
2024,RHODE ISLAND,"CRAB, JONAH",Cancer borealis,"2,730,483","1,239","2,490,502",Public,Commercial,98678,ACCSP
2023,CONNECTICUT,"CRAB, JONAH",Cancer borealis,28,0,22,Public,Commercial,98678,ACCSP
2023,MAINE,"CRAB, JONAH",Cancer borealis,"1,597,865",725,"1,208,425",Public,Commercial,98678,ACCSP
2023,MASSACHUSETTS,"CRAB, JONAH",Cancer borealis,"5,382,873","2,442","6,719,457",Public,Commercial,98678,ACCSP
2023,NEW HAMPSHIRE,"CRAB, JONAH",Cancer borealis,"359,695",163,"336,583",Public,Commercial,98678,ACCSP
2023,RHODE ISLAND,"CRAB, JONAH",Cancer borealis,"2,496,661","1,132","3,609,480",Public,Commercial,98678,ACCSP
2022,CONNECTICUT,"CRAB, JONAH",Cancer borealis,20,0,20,Public,Commercial,98678,ACCSP
2022,MAINE,"CRAB, JONAH",Cancer borealis,"2,107,544",956,"2,038,941",Public,Commercial,98678,ACCSP
2022,MASSACHUSETTS,"CRAB, JONAH",Cancer borealis,"7,803,736","3,540","14,087,258",Public,Commercial,98678,ACCSP
2022,NEW HAMPSHIRE,"CRAB, JONAH",Cancer borealis,"295,529",134,"390,022",Public,Commercial,98678,ACCSP
2022,RHODE ISLAND,"CRAB, JONAH",Cancer borealis,"2,504,895","1,136","4,652,261",Public,Commercial,98678,ACCSP
2021,CONNECTICUT,"CRAB, JONAH",Cancer borealis,364,0,364,Public,Commercial,98678,ACCSP
2021,MAINE,"CRAB, JONAH",Cancer borealis,"1,427,245",647,"1,104,950",Public,Commercial,98678,ACCSP
2021,MASSACHUSETTS,"CRAB, JONAH",Cancer borealis,"6,539,131","2,966","7,845,911",Public,Commercial,98678,ACCSP
2021,NEW HAMPSHIRE,"CRAB, JONAH",Cancer borealis,"123,729",56,"94,028",Public,Commercial,98678,ACCSP
2021,RHODE ISLAND,"CRAB, JONAH",Cancer borealis,"2,157,071",978,"2,581,978",Public,Commercial,98678,ACCSP
2023,MASSACHUSETTS,"CRAB, NORTHERN STONE",Lithodes maja,,,,Confidential,Commercial,97943,ACCSP
2022,MASSACHUSETTS,"CRAB, NORTHERN STONE",Lithodes maja,,,,Confidential,Commercial,97943,ACCSP
2024,MASSACHUSETTS,"CRAB, RED DEEPSEA",Chaceon quinquedens,,,,Confidential,Commercial,620992,ACCSP
2023,MASSACHUSETTS,"CRAB, RED DEEPSEA",Chaceon quinquedens,,,,Confidential,Commercial,620992,ACCSP
2022,MASSACHUSETTS,"CRAB, RED DEEPSEA",Chaceon quinquedens,,,,Confidential,Commercial,620992,ACCSP
2022,RHODE ISLAND,"CRAB, RED DEEPSEA",Chaceon quinquedens,,,,Confidential,Commercial,620992,ACCSP
2021,MASSACHUSETTS,"CRAB, RED DEEPSEA",Chaceon quinquedens,,,,Confidential,Commercial,620992,ACCSP
2021,NEW HAMPSHIRE,"CRAB, RED DEEPSEA",Chaceon quinquedens,,,,Confidential,Commercial,620992,ACCSP
2021,RHODE ISLAND,"CRAB, RED DEEPSEA",Chaceon quinquedens,,,,Confidential,Commercial,620992,ACCSP
2024,RHODE ISLAND,"CRABS, BRACHYURA **",Brachyura,,,,Confidential,Commercial,98276,ACCSP
2023,MAINE,"CRABS, BRACHYURA **",Brachyura,"37,448",17,"19,015",Public,Commercial,98276,ACCSP
2023,RHODE ISLAND,"CRABS, BRACHYURA **",Brachyura,,,,Confidential,Commercial,98276,ACCSP
2022,MAINE,"CRABS, BRACHYURA **",Brachyura,,,,Confidential,Commercial,98276,ACCSP
2022,RHODE ISLAND,"CRABS, BRACHYURA **",Brachyura,,,,Confidential,Commercial,98276,ACCSP
2021,MAINE,"CRABS, BRACHYURA **",Brachyura,,,,Confidential,Commercial,98276,ACCSP
2022,CONNECTICUT,"CRABS, HEMIGRAPSUS **",Hemigrapsus,140,0,,Public,Commercial,99034,ACCSP
2021,CONNECTICUT,"CRABS, HERMIT, PAGURUS (GENUS) **",Pagurus,47,0,47,Public,Commercial,97775,ACCSP
2021,RHODE ISLAND,"CRABS, HERMIT, PAGURUS (GENUS) **",Pagurus,,,,Confidential,Commercial,97775,ACCSP
2024,MAINE,"CRABS, SPIDER **",Majidae,,,,Confidential,Commercial,98417,ACCSP
2024,NEW HAMPSHIRE,"CRABS, SPIDER **",Majidae,,,,Confidential,Commercial,98417,ACCSP
2023,MAINE,"CRABS, SPIDER **",Majidae,,,,Confidential,Commercial,98417,ACCSP
2023,NEW HAMPSHIRE,"CRABS, SPIDER **",Majidae,,,,Confidential,Commercial,98417,ACCSP
2023,RHODE ISLAND,"CRABS, SPIDER **",Majidae,,,,Confidential,Commercial,98417,ACCSP
2022,MAINE,"CRABS, SPIDER **",Majidae,,,,Confidential,Commercial,98417,ACCSP
2022,NEW HAMPSHIRE,"CRABS, SPIDER **",Majidae,,,,Confidential,Commercial,98417,ACCSP
2021,MAINE,"CRABS, SPIDER **",Majidae,,,,Confidential,Commercial,98417,ACCSP
2021,MASSACHUSETTS,"CRABS, SPIDER **",Majidae,,,,Confidential,Commercial,98417,ACCSP
2021,NEW HAMPSHIRE,"CRABS, SPIDER **",Majidae,,,,Confidential,Commercial,98417,ACCSP
2024,RHODE ISLAND,"CROAKER, ATLANTIC",Micropogonias undulatus,"7,912",4,"3,129",Public,Commercial,169283,ACCSP
2023,CONNECTICUT,"CROAKER, ATLANTIC",Micropogonias undulatus,915,0,"1,267",Public,Commercial,169283,ACCSP
2023,RHODE ISLAND,"CROAKER, ATLANTIC",Micropogonias undulatus,,,,Confidential,Commercial,169283,ACCSP
2024,CONNECTICUT,CUNNER,Tautogolabrus adspersus,1,0,2,Public,Commercial,170481,ACCSP
2024,MASSACHUSETTS,CUNNER,Tautogolabrus adspersus,,,,Confidential,Commercial,170481,ACCSP
2024,RHODE ISLAND,CUNNER,Tautogolabrus adspersus,384,0,622,Public,Commercial,170481,ACCSP
2023,MASSACHUSETTS,CUNNER,Tautogolabrus adspersus,,,,Confidential,Commercial,170481,ACCSP
2023,RHODE ISLAND,CUNNER,Tautogolabrus adspersus,"2,321",1,"1,218",Public,Commercial,170481,ACCSP
2022,CONNECTICUT,CUNNER,Tautogolabrus adspersus,4,0,3,Public,Commercial,170481,ACCSP
2022,MASSACHUSETTS,CUNNER,Tautogolabrus adspersus,,,,Confidential,Commercial,170481,ACCSP
2022,RHODE ISLAND,CUNNER,Tautogolabrus adspersus,"1,594",1,"1,513",Public,Commercial,170481,ACCSP
2021,CONNECTICUT,CUNNER,Tautogolabrus adspersus,2,0,1,Public,Commercial,170481,ACCSP
2021,MASSACHUSETTS,CUNNER,Tautogolabrus adspersus,71,0,141,Public,Commercial,170481,ACCSP
2021,RHODE ISLAND,CUNNER,Tautogolabrus adspersus,"4,454",2,"4,481",Public,Commercial,170481,ACCSP
2024,MAINE,CUSK,Brosme brosme,"2,765",1,"1,445",Public,Commercial,164740,ACCSP
2024,MASSACHUSETTS,CUSK,Brosme brosme,"72,439",33,"19,628",Public,Commercial,164740,ACCSP
2024,NEW HAMPSHIRE,CUSK,Brosme brosme,,,,Confidential,Commercial,164740,ACCSP
2024,RHODE ISLAND,CUSK,Brosme brosme,,,,Confidential,Commercial,164740,ACCSP
2023,MAINE,CUSK,Brosme brosme,,,,Confidential,Commercial,164740,ACCSP
2023,MASSACHUSETTS,CUSK,Brosme brosme,"51,393",23,"24,405",Public,Commercial,164740,ACCSP
2023,NEW HAMPSHIRE,CUSK,Brosme brosme,,,,Confidential,Commercial,164740,ACCSP
2022,MAINE,CUSK,Brosme brosme,"4,286",2,"2,500",Public,Commercial,164740,ACCSP
2022,MASSACHUSETTS,CUSK,Brosme brosme,"56,146",25,"26,327",Public,Commercial,164740,ACCSP
2022,NEW HAMPSHIRE,CUSK,Brosme brosme,,,,Confidential,Commercial,164740,ACCSP
2021,MAINE,CUSK,Brosme brosme,"1,436",1,742,Public,Commercial,164740,ACCSP
2021,MASSACHUSETTS,CUSK,Brosme brosme,"67,226",30,"27,252",Public,Commercial,164740,ACCSP
2021,NEW HAMPSHIRE,CUSK,Brosme brosme,"1,628",1,790,Public,Commercial,164740,ACCSP
2023,CONNECTICUT,DOLPHINFISH,Coryphaena hippurus,3,0,12,Public,Commercial,168791,ACCSP
2024,CONNECTICUT,DOLPHINFISH **,Coryphaena spp.,412,0,998,Public,Commercial,168790,ACCSP
2024,MASSACHUSETTS,DOLPHINFISH **,Coryphaena spp.,383,0,"1,318",Public,Commercial,168790,ACCSP
2024,RHODE ISLAND,DOLPHINFISH **,Coryphaena spp.,"8,186",4,"4,548",Public,Commercial,168790,ACCSP
2023,CONNECTICUT,DOLPHINFISH **,Coryphaena spp.,199,0,630,Public,Commercial,168790,ACCSP
2023,MASSACHUSETTS,DOLPHINFISH **,Coryphaena spp.,573,0,"2,566",Public,Commercial,168790,ACCSP
2023,RHODE ISLAND,DOLPHINFISH **,Coryphaena spp.,"7,588",3,"21,653",Public,Commercial,168790,ACCSP
2022,CONNECTICUT,DOLPHINFISH **,Coryphaena spp.,70,0,203,Public,Commercial,168790,ACCSP
2022,MASSACHUSETTS,DOLPHINFISH **,Coryphaena spp.,"1,561",1,"6,343",Public,Commercial,168790,ACCSP
2022,RHODE ISLAND,DOLPHINFISH **,Coryphaena spp.,"7,501",3,"21,783",Public,Commercial,168790,ACCSP
2021,CONNECTICUT,DOLPHINFISH **,Coryphaena spp.,336,0,"1,268",Public,Commercial,168790,ACCSP
2021,MASSACHUSETTS,DOLPHINFISH **,Coryphaena spp.,"4,658",2,"15,299",Public,Commercial,168790,ACCSP
2021,RHODE ISLAND,DOLPHINFISH **,Coryphaena spp.,"6,428",3,"21,747",Public,Commercial,168790,ACCSP
2024,CONNECTICUT,"DORY, BUCKLER",Zenopsis conchifera,491,0,760,Public,Commercial,166284,ACCSP
2024,MASSACHUSETTS,"DORY, BUCKLER",Zenopsis conchifera,"7,425",3,"8,677",Public,Commercial,166284,ACCSP
2024,RHODE ISLAND,"DORY, BUCKLER",Zenopsis conchifera,"45,111",20,"53,362",Public,Commercial,166284,ACCSP
2023,CONNECTICUT,"DORY, BUCKLER",Zenopsis conchifera,324,0,446,Public,Commercial,166284,ACCSP
2023,MASSACHUSETTS,"DORY, BUCKLER",Zenopsis conchifera,"2,890",1,"3,673",Public,Commercial,166284,ACCSP
2023,RHODE ISLAND,"DORY, BUCKLER",Zenopsis conchifera,"59,939",27,"67,669",Public,Commercial,166284,ACCSP
2022,CONNECTICUT,"DORY, BUCKLER",Zenopsis conchifera,899,0,515,Public,Commercial,166284,ACCSP
2022,MASSACHUSETTS,"DORY, BUCKLER",Zenopsis conchifera,"2,553",1,"4,024",Public,Commercial,166284,ACCSP
2022,RHODE ISLAND,"DORY, BUCKLER",Zenopsis conchifera,"30,116",14,"38,694",Public,Commercial,166284,ACCSP
2021,CONNECTICUT,"DORY, BUCKLER",Zenopsis conchifera,581,0,967,Public,Commercial,166284,ACCSP
2021,MASSACHUSETTS,"DORY, BUCKLER",Zenopsis conchifera,"9,651",4,"9,539",Public,Commercial,166284,ACCSP
2021,RHODE ISLAND,"DORY, BUCKLER",Zenopsis conchifera,"43,770",20,"47,316",Public,Commercial,166284,ACCSP
2024,RHODE ISLAND,"DRUM, BLACK",Pogonias cromis,,,,Confidential,Commercial,169288,ACCSP
2022,CONNECTICUT,"DRUM, BLACK",Pogonias cromis,8,0,8,Public,Commercial,169288,ACCSP
2022,MASSACHUSETTS,"DRUM, BLACK",Pogonias cromis,,,,Confidential,Commercial,169288,ACCSP
2022,RHODE ISLAND,"DRUM, BLACK",Pogonias cromis,,,,Confidential,Commercial,169288,ACCSP
2022,RHODE ISLAND,"DRUM, RED",Sciaenops ocellatus,,,,Confidential,Commercial,169290,ACCSP
2023,RHODE ISLAND,DRUMS **,Sciaenidae,,,,Confidential,Commercial,169237,ACCSP
2022,RHODE ISLAND,DRUMS **,Sciaenidae,,,,Confidential,Commercial,169237,ACCSP
2021,RHODE ISLAND,DRUMS **,Sciaenidae,,,,Confidential,Commercial,169237,ACCSP
2024,CONNECTICUT,"EEL, AMERICAN",Anguilla rostrata,"3,480",2,"9,223",Public,Commercial,161127,ACCSP
2024,MAINE,"EEL, AMERICAN",Anguilla rostrata,"9,878",4,"12,235,144",Public,Commercial,161127,ACCSP
2024,MASSACHUSETTS,"EEL, AMERICAN",Anguilla rostrata,,,,Confidential,Commercial,161127,ACCSP
2024,RHODE ISLAND,"EEL, AMERICAN",Anguilla rostrata,"1,928",1,"6,322",Public,Commercial,161127,ACCSP
2023,CONNECTICUT,"EEL, AMERICAN",Anguilla rostrata,"2,912",1,"9,977",Public,Commercial,161127,ACCSP
2023,MAINE,"EEL, AMERICAN",Anguilla rostrata,"9,710",4,"19,508,478",Public,Commercial,161127,ACCSP
2023,MASSACHUSETTS,"EEL, AMERICAN",Anguilla rostrata,896,0,"5,421",Public,Commercial,161127,ACCSP
2023,RHODE ISLAND,"EEL, AMERICAN",Anguilla rostrata,"2,859",1,"11,882",Public,Commercial,161127,ACCSP
2022,CONNECTICUT,"EEL, AMERICAN",Anguilla rostrata,"3,755",2,"8,176",Public,Commercial,161127,ACCSP
2022,MAINE,"EEL, AMERICAN",Anguilla rostrata,"9,459",4,"20,163,965",Public,Commercial,161127,ACCSP
2022,MASSACHUSETTS,"EEL, AMERICAN",Anguilla rostrata,218,0,353,Public,Commercial,161127,ACCSP
2022,RHODE ISLAND,"EEL, AMERICAN",Anguilla rostrata,605,0,"1,482",Public,Commercial,161127,ACCSP
2021,CONNECTICUT,"EEL, AMERICAN",Anguilla rostrata,"5,168",2,"17,656",Public,Commercial,161127,ACCSP
2021,MAINE,"EEL, AMERICAN",Anguilla rostrata,"9,233",4,"16,681,461",Public,Commercial,161127,ACCSP
2021,MASSACHUSETTS,"EEL, AMERICAN",Anguilla rostrata,,,,Confidential,Commercial,161127,ACCSP
2021,RHODE ISLAND,"EEL, AMERICAN",Anguilla rostrata,"1,863",1,"5,210",Public,Commercial,161127,ACCSP
2024,CONNECTICUT,"EEL, CONGER",Conger oceanicus,53,0,36,Public,Commercial,161326,ACCSP
2024,MASSACHUSETTS,"EEL, CONGER",Conger oceanicus,266,0,277,Public,Commercial,161326,ACCSP
2024,RHODE ISLAND,"EEL, CONGER",Conger oceanicus,"7,855",4,"7,423",Public,Commercial,161326,ACCSP
2023,CONNECTICUT,"EEL, CONGER",Conger oceanicus,27,0,8,Public,Commercial,161326,ACCSP
2023,MASSACHUSETTS,"EEL, CONGER",Conger oceanicus,,,,Confidential,Commercial,161326,ACCSP
2023,RHODE ISLAND,"EEL, CONGER",Conger oceanicus,"16,731",8,"16,745",Public,Commercial,161326,ACCSP
2022,CONNECTICUT,"EEL, CONGER",Conger oceanicus,526,0,587,Public,Commercial,161326,ACCSP
2022,MASSACHUSETTS,"EEL, CONGER",Conger oceanicus,"2,788",1,"2,860",Public,Commercial,161326,ACCSP
2022,RHODE ISLAND,"EEL, CONGER",Conger oceanicus,"11,423",5,"12,391",Public,Commercial,161326,ACCSP
2021,CONNECTICUT,"EEL, CONGER",Conger oceanicus,218,0,195,Public,Commercial,161326,ACCSP
2021,MASSACHUSETTS,"EEL, CONGER",Conger oceanicus,"4,430",2,"4,605",Public,Commercial,161326,ACCSP
2021,RHODE ISLAND,"EEL, CONGER",Conger oceanicus,"12,053",5,"12,164",Public,Commercial,161326,ACCSP
2023,CONNECTICUT,"EELS, CUSK **",Ophidiidae,16,0,18,Public,Commercial,164807,ACCSP
2023,RHODE ISLAND,"EELS, CUSK **",Ophidiidae,,,,Confidential,Commercial,164807,ACCSP
2022,RHODE ISLAND,"EELS, CUSK **",Ophidiidae,,,,Confidential,Commercial,164807,ACCSP
2024,CONNECTICUT,ESCOLAR,Lepidocybium flavobrunneum,469,0,946,Public,Commercial,172362,ACCSP
2024,MASSACHUSETTS,ESCOLAR,Lepidocybium flavobrunneum,,,,Confidential,Commercial,172362,ACCSP
2023,MASSACHUSETTS,ESCOLAR,Lepidocybium flavobrunneum,,,,Confidential,Commercial,172362,ACCSP
2023,RHODE ISLAND,ESCOLAR,Lepidocybium flavobrunneum,,,,Confidential,Commercial,172362,ACCSP
2022,MASSACHUSETTS,ESCOLAR,Lepidocybium flavobrunneum,,,,Confidential,Commercial,172362,ACCSP
2022,RHODE ISLAND,ESCOLAR,Lepidocybium flavobrunneum,,,,Confidential,Commercial,172362,ACCSP
2021,MASSACHUSETTS,ESCOLAR,Lepidocybium flavobrunneum,,,,Confidential,Commercial,172362,ACCSP
2021,RHODE ISLAND,ESCOLAR,Lepidocybium flavobrunneum,,,,Confidential,Commercial,172362,ACCSP
2024,CONNECTICUT,"FLOUNDER, AMERICAN PLAICE",Hippoglossoides platessoides,"9,888",4,"12,674",Public,Commercial,172877,ACCSP
2024,MAINE,"FLOUNDER, AMERICAN PLAICE",Hippoglossoides platessoides,"533,194",242,"822,947",Public,Commercial,172877,ACCSP
2024,MASSACHUSETTS,"FLOUNDER, AMERICAN PLAICE",Hippoglossoides platessoides,"2,459,047","1,115","4,165,481",Public,Commercial,172877,ACCSP
2024,NEW HAMPSHIRE,"FLOUNDER, AMERICAN PLAICE",Hippoglossoides platessoides,"9,427",4,"13,542",Public,Commercial,172877,ACCSP
2023,CONNECTICUT,"FLOUNDER, AMERICAN PLAICE",Hippoglossoides platessoides,"4,678",2,"7,023",Public,Commercial,172877,ACCSP
2023,MAINE,"FLOUNDER, AMERICAN PLAICE",Hippoglossoides platessoides,"403,627",183,"558,958",Public,Commercial,172877,ACCSP
2023,MASSACHUSETTS,"FLOUNDER, AMERICAN PLAICE",Hippoglossoides platessoides,"2,145,852",973,"2,888,513",Public,Commercial,172877,ACCSP
2023,NEW HAMPSHIRE,"FLOUNDER, AMERICAN PLAICE",Hippoglossoides platessoides,"16,553",8,"22,751",Public,Commercial,172877,ACCSP
2023,RHODE ISLAND,"FLOUNDER, AMERICAN PLAICE",Hippoglossoides platessoides,,,,Confidential,Commercial,172877,ACCSP
2022,CONNECTICUT,"FLOUNDER, AMERICAN PLAICE",Hippoglossoides platessoides,799,0,"1,020",Public,Commercial,172877,ACCSP
2022,MAINE,"FLOUNDER, AMERICAN PLAICE",Hippoglossoides platessoides,"114,327",52,"164,774",Public,Commercial,172877,ACCSP
2022,MASSACHUSETTS,"FLOUNDER, AMERICAN PLAICE",Hippoglossoides platessoides,"1,405,974",638,"2,369,740",Public,Commercial,172877,ACCSP
2022,NEW HAMPSHIRE,"FLOUNDER, AMERICAN PLAICE",Hippoglossoides platessoides,"5,714",3,"6,270",Public,Commercial,172877,ACCSP
2021,CONNECTICUT,"FLOUNDER, AMERICAN PLAICE",Hippoglossoides platessoides,"3,504",2,"4,022",Public,Commercial,172877,ACCSP
2021,MAINE,"FLOUNDER, AMERICAN PLAICE",Hippoglossoides platessoides,"34,696",16,"64,524",Public,Commercial,172877,ACCSP
2021,MASSACHUSETTS,"FLOUNDER, AMERICAN PLAICE",Hippoglossoides platessoides,"1,416,999",643,"2,487,136",Public,Commercial,172877,ACCSP
2021,NEW HAMPSHIRE,"FLOUNDER, AMERICAN PLAICE",Hippoglossoides platessoides,"13,893",6,"13,200",Public,Commercial,172877,ACCSP
2024,CONNECTICUT,"FLOUNDER, FOURSPOT",Paralichthys oblongus,"11,461",5,"12,829",Public,Commercial,172739,ACCSP
2023,CONNECTICUT,"FLOUNDER, FOURSPOT",Paralichthys oblongus,"2,499",1,"3,732",Public,Commercial,172739,ACCSP
2022,CONNECTICUT,"FLOUNDER, FOURSPOT",Paralichthys oblongus,"1,281",1,"1,952",Public,Commercial,172739,ACCSP
2022,MASSACHUSETTS,"FLOUNDER, FOURSPOT",Paralichthys oblongus,,,,Confidential,Commercial,172739,ACCSP
2021,CONNECTICUT,"FLOUNDER, FOURSPOT",Paralichthys oblongus,"2,181",1,"2,438",Public,Commercial,172739,ACCSP
2021,MASSACHUSETTS,"FLOUNDER, FOURSPOT",Paralichthys oblongus,,,,Confidential,Commercial,172739,ACCSP
2023,MASSACHUSETTS,"FLOUNDER, SOUTHERN",Paralichthys lethostigma,,,,Confidential,Commercial,172738,ACCSP
2022,MASSACHUSETTS,"FLOUNDER, SOUTHERN",Paralichthys lethostigma,,,,Confidential,Commercial,172738,ACCSP
2024,CONNECTICUT,"FLOUNDER, SUMMER",Paralichthys dentatus,"198,439",90,"975,352",Public,Commercial,172735,ACCSP
2024,MASSACHUSETTS,"FLOUNDER, SUMMER",Paralichthys dentatus,"641,515",291,"2,142,148",Public,Commercial,172735,ACCSP
2024,RHODE ISLAND,"FLOUNDER, SUMMER",Paralichthys dentatus,"1,395,072",633,"4,917,106",Public,Commercial,172735,ACCSP
2023,CONNECTICUT,"FLOUNDER, SUMMER",Paralichthys dentatus,"898,214",407,"2,610,319",Public,Commercial,172735,ACCSP
2023,MASSACHUSETTS,"FLOUNDER, SUMMER",Paralichthys dentatus,"981,608",445,"2,095,375",Public,Commercial,172735,ACCSP
2023,RHODE ISLAND,"FLOUNDER, SUMMER",Paralichthys dentatus,"2,254,206","1,023","5,870,105",Public,Commercial,172735,ACCSP
2022,CONNECTICUT,"FLOUNDER, SUMMER",Paralichthys dentatus,"904,036",410,"2,549,088",Public,Commercial,172735,ACCSP
2022,MASSACHUSETTS,"FLOUNDER, SUMMER",Paralichthys dentatus,"876,156",397,"2,378,435",Public,Commercial,172735,ACCSP
2022,RHODE ISLAND,"FLOUNDER, SUMMER",Paralichthys dentatus,"2,080,691",944,"5,722,505",Public,Commercial,172735,ACCSP
2021,CONNECTICUT,"FLOUNDER, SUMMER",Paralichthys dentatus,"713,608",324,"2,482,491",Public,Commercial,172735,ACCSP
2021,MASSACHUSETTS,"FLOUNDER, SUMMER",Paralichthys dentatus,"714,422",324,"2,128,731",Public,Commercial,172735,ACCSP
2021,NEW HAMPSHIRE,"FLOUNDER, SUMMER",Paralichthys dentatus,,,,Confidential,Commercial,172735,ACCSP
2021,RHODE ISLAND,"FLOUNDER, SUMMER",Paralichthys dentatus,"1,893,347",859,"5,576,112",Public,Commercial,172735,ACCSP
2024,CONNECTICUT,"FLOUNDER, WINTER",Pseudopleuronectes americanus,"2,784",1,"6,704",Public,Commercial,172905,ACCSP
2024,MAINE,"FLOUNDER, WINTER",Pseudopleuronectes americanus,,,,Confidential,Commercial,172905,ACCSP
2024,MASSACHUSETTS,"FLOUNDER, WINTER",Pseudopleuronectes americanus,"1,859,198",843,"3,637,385",Public,Commercial,172905,ACCSP
2024,NEW HAMPSHIRE,"FLOUNDER, WINTER",Pseudopleuronectes americanus,"2,377",1,"4,442",Public,Commercial,172905,ACCSP
2024,RHODE ISLAND,"FLOUNDER, WINTER",Pseudopleuronectes americanus,"26,988",12,"69,286",Public,Commercial,172905,ACCSP
2023,CONNECTICUT,"FLOUNDER, WINTER",Pseudopleuronectes americanus,"1,973",1,"3,728",Public,Commercial,172905,ACCSP
2023,MAINE,"FLOUNDER, WINTER",Pseudopleuronectes americanus,,,,Confidential,Commercial,172905,ACCSP
2023,MASSACHUSETTS,"FLOUNDER, WINTER",Pseudopleuronectes americanus,"797,489",362,"1,532,561",Public,Commercial,172905,ACCSP
2023,NEW HAMPSHIRE,"FLOUNDER, WINTER",Pseudopleuronectes americanus,"1,286",1,"2,462",Public,Commercial,172905,ACCSP
2023,RHODE ISLAND,"FLOUNDER, WINTER",Pseudopleuronectes americanus,"19,566",9,"36,601",Public,Commercial,172905,ACCSP
2022,CONNECTICUT,"FLOUNDER, WINTER",Pseudopleuronectes americanus,"7,567",3,"21,372",Public,Commercial,172905,ACCSP
2022,MAINE,"FLOUNDER, WINTER",Pseudopleuronectes americanus,328,0,550,Public,Commercial,172905,ACCSP
2022,MASSACHUSETTS,"FLOUNDER, WINTER",Pseudopleuronectes americanus,"648,029",294,"1,381,133",Public,Commercial,172905,ACCSP
2022,NEW HAMPSHIRE,"FLOUNDER, WINTER",Pseudopleuronectes americanus,956,0,"1,642",Public,Commercial,172905,ACCSP
2022,RHODE ISLAND,"FLOUNDER, WINTER",Pseudopleuronectes americanus,"30,286",14,"81,865",Public,Commercial,172905,ACCSP
2021,CONNECTICUT,"FLOUNDER, WINTER",Pseudopleuronectes americanus,"8,591",4,"24,645",Public,Commercial,172905,ACCSP
2021,MAINE,"FLOUNDER, WINTER",Pseudopleuronectes americanus,151,0,303,Public,Commercial,172905,ACCSP
2021,MASSACHUSETTS,"FLOUNDER, WINTER",Pseudopleuronectes americanus,"904,556",410,"2,426,886",Public,Commercial,172905,ACCSP
2021,NEW HAMPSHIRE,"FLOUNDER, WINTER",Pseudopleuronectes americanus,"6,002",3,"10,716",Public,Commercial,172905,ACCSP
2021,RHODE ISLAND,"FLOUNDER, WINTER",Pseudopleuronectes americanus,"67,452",31,"177,581",Public,Commercial,172905,ACCSP
2024,CONNECTICUT,"FLOUNDER, WITCH",Glyptocephalus cynoglossus,"1,254",1,"1,914",Public,Commercial,172873,ACCSP
2024,MAINE,"FLOUNDER, WITCH",Glyptocephalus cynoglossus,"186,398",85,"252,647",Public,Commercial,172873,ACCSP
2024,MASSACHUSETTS,"FLOUNDER, WITCH",Glyptocephalus cynoglossus,"2,099,855",952,"3,017,686",Public,Commercial,172873,ACCSP
2024,NEW HAMPSHIRE,"FLOUNDER, WITCH",Glyptocephalus cynoglossus,"19,497",9,"30,487",Public,Commercial,172873,ACCSP
2024,RHODE ISLAND,"FLOUNDER, WITCH",Glyptocephalus cynoglossus,42,0,71,Public,Commercial,172873,ACCSP
2023,CONNECTICUT,"FLOUNDER, WITCH",Glyptocephalus cynoglossus,656,0,"1,085",Public,Commercial,172873,ACCSP
2023,MAINE,"FLOUNDER, WITCH",Glyptocephalus cynoglossus,"205,419",93,"243,320",Public,Commercial,172873,ACCSP
2023,MASSACHUSETTS,"FLOUNDER, WITCH",Glyptocephalus cynoglossus,"1,789,344",812,"2,456,793",Public,Commercial,172873,ACCSP
2023,NEW HAMPSHIRE,"FLOUNDER, WITCH",Glyptocephalus cynoglossus,"47,797",22,"87,744",Public,Commercial,172873,ACCSP
2023,RHODE ISLAND,"FLOUNDER, WITCH",Glyptocephalus cynoglossus,,,,Confidential,Commercial,172873,ACCSP
2022,CONNECTICUT,"FLOUNDER, WITCH",Glyptocephalus cynoglossus,894,0,"1,677",Public,Commercial,172873,ACCSP
2022,MAINE,"FLOUNDER, WITCH",Glyptocephalus cynoglossus,"69,809",32,"108,461",Public,Commercial,172873,ACCSP
2022,MASSACHUSETTS,"FLOUNDER, WITCH",Glyptocephalus cynoglossus,"1,594,029",723,"2,701,684",Public,Commercial,172873,ACCSP
2022,NEW HAMPSHIRE,"FLOUNDER, WITCH",Glyptocephalus cynoglossus,"20,295",9,"43,885",Public,Commercial,172873,ACCSP
2022,RHODE ISLAND,"FLOUNDER, WITCH",Glyptocephalus cynoglossus,24,0,31,Public,Commercial,172873,ACCSP
2021,CONNECTICUT,"FLOUNDER, WITCH",Glyptocephalus cynoglossus,"2,153",1,"4,795",Public,Commercial,172873,ACCSP
2021,MAINE,"FLOUNDER, WITCH",Glyptocephalus cynoglossus,"47,639",22,"73,527",Public,Commercial,172873,ACCSP
2021,MASSACHUSETTS,"FLOUNDER, WITCH",Glyptocephalus cynoglossus,"1,714,205",778,"3,012,319",Public,Commercial,172873,ACCSP
2021,NEW HAMPSHIRE,"FLOUNDER, WITCH",Glyptocephalus cynoglossus,"23,503",11,"37,755",Public,Commercial,172873,ACCSP
2021,RHODE ISLAND,"FLOUNDER, WITCH",Glyptocephalus cynoglossus,22,0,31,Public,Commercial,172873,ACCSP
2024,CONNECTICUT,"FLOUNDER, YELLOWTAIL",Limanda ferruginea,18,0,18,Public,Commercial,172909,ACCSP
2024,MAINE,"FLOUNDER, YELLOWTAIL",Limanda ferruginea,,,,Confidential,Commercial,172909,ACCSP
2024,MASSACHUSETTS,"FLOUNDER, YELLOWTAIL",Limanda ferruginea,"547,656",248,"422,099",Public,Commercial,172909,ACCSP
2024,NEW HAMPSHIRE,"FLOUNDER, YELLOWTAIL",Limanda ferruginea,"8,566",4,"6,950",Public,Commercial,172909,ACCSP
2024,RHODE ISLAND,"FLOUNDER, YELLOWTAIL",Limanda ferruginea,9,0,16,Public,Commercial,172909,ACCSP
2023,CONNECTICUT,"FLOUNDER, YELLOWTAIL",Limanda ferruginea,7,0,12,Public,Commercial,172909,ACCSP
2023,MAINE,"FLOUNDER, YELLOWTAIL",Limanda ferruginea,,,,Confidential,Commercial,172909,ACCSP
2023,MASSACHUSETTS,"FLOUNDER, YELLOWTAIL",Limanda ferruginea,"610,489",277,"428,305",Public,Commercial,172909,ACCSP
2023,NEW HAMPSHIRE,"FLOUNDER, YELLOWTAIL",Limanda ferruginea,"14,953",7,"10,185",Public,Commercial,172909,ACCSP
2023,RHODE ISLAND,"FLOUNDER, YELLOWTAIL",Limanda ferruginea,114,0,128,Public,Commercial,172909,ACCSP
2022,MAINE,"FLOUNDER, YELLOWTAIL",Limanda ferruginea,,,,Confidential,Commercial,172909,ACCSP
2022,MASSACHUSETTS,"FLOUNDER, YELLOWTAIL",Limanda ferruginea,"493,793",224,"444,459",Public,Commercial,172909,ACCSP
2022,NEW HAMPSHIRE,"FLOUNDER, YELLOWTAIL",Limanda ferruginea,"5,388",2,"3,769",Public,Commercial,172909,ACCSP
2022,RHODE ISLAND,"FLOUNDER, YELLOWTAIL",Limanda ferruginea,115,0,188,Public,Commercial,172909,ACCSP
2021,CONNECTICUT,"FLOUNDER, YELLOWTAIL",Limanda ferruginea,574,0,"1,083",Public,Commercial,172909,ACCSP
2021,MAINE,"FLOUNDER, YELLOWTAIL",Limanda ferruginea,41,0,25,Public,Commercial,172909,ACCSP
2021,MASSACHUSETTS,"FLOUNDER, YELLOWTAIL",Limanda ferruginea,"1,579,409",716,"1,420,834",Public,Commercial,172909,ACCSP
2021,NEW HAMPSHIRE,"FLOUNDER, YELLOWTAIL",Limanda ferruginea,"12,129",6,"8,568",Public,Commercial,172909,ACCSP
2021,RHODE ISLAND,"FLOUNDER, YELLOWTAIL",Limanda ferruginea,628,0,922,Public,Commercial,172909,ACCSP
2024,CONNECTICUT,MONKFISH,Lophius americanus,"26,437",12,"16,124",Public,Commercial,164499,ACCSP
2024,MAINE,MONKFISH,Lophius americanus,"1,133,262",514,"702,026",Public,Commercial,164499,ACCSP
2024,MASSACHUSETTS,MONKFISH,Lophius americanus,"10,057,991","4,562","6,587,230",Public,Commercial,164499,ACCSP
2024,NEW HAMPSHIRE,MONKFISH,Lophius americanus,"481,261",218,"299,933",Public,Commercial,164499,ACCSP
2024,RHODE ISLAND,MONKFISH,Lophius americanus,"833,402",378,"753,163",Public,Commercial,164499,ACCSP
2023,CONNECTICUT,MONKFISH,Lophius americanus,"37,680",17,"27,830",Public,Commercial,164499,ACCSP
2023,MAINE,MONKFISH,Lophius americanus,"1,517,366",688,"946,832",Public,Commercial,164499,ACCSP
2023,MASSACHUSETTS,MONKFISH,Lophius americanus,"10,918,312","4,953","8,093,305",Public,Commercial,164499,ACCSP
2023,NEW HAMPSHIRE,MONKFISH,Lophius americanus,"589,559",267,"428,312",Public,Commercial,164499,ACCSP
2023,RHODE ISLAND,MONKFISH,Lophius americanus,"1,576,770",715,"1,552,587",Public,Commercial,164499,ACCSP
2022,CONNECTICUT,MONKFISH,Lophius americanus,"45,124",20,"34,050",Public,Commercial,164499,ACCSP
2022,MAINE,MONKFISH,Lophius americanus,"1,215,250",551,"1,034,007",Public,Commercial,164499,ACCSP
2022,MASSACHUSETTS,MONKFISH,Lophius americanus,"10,223,079","4,637","8,894,923",Public,Commercial,164499,ACCSP
2022,NEW HAMPSHIRE,MONKFISH,Lophius americanus,"243,804",111,"231,080",Public,Commercial,164499,ACCSP
2022,RHODE ISLAND,MONKFISH,Lophius americanus,"1,804,972",819,"1,691,028",Public,Commercial,164499,ACCSP
2021,CONNECTICUT,MONKFISH,Lophius americanus,"71,104",32,"41,415",Public,Commercial,164499,ACCSP
2021,MAINE,MONKFISH,Lophius americanus,"1,021,448",463,"710,164",Public,Commercial,164499,ACCSP
2021,MASSACHUSETTS,MONKFISH,Lophius americanus,"10,709,239","4,858","7,007,962",Public,Commercial,164499,ACCSP
2021,NEW HAMPSHIRE,MONKFISH,Lophius americanus,"283,217",128,"224,892",Public,Commercial,164499,ACCSP
2021,RHODE ISLAND,MONKFISH,Lophius americanus,"1,552,853",704,"1,051,221",Public,Commercial,164499,ACCSP
2024,RHODE ISLAND,"GROUPERS, SERRANIDAE (FAMILY) **",Serranidae,,,,Confidential,Commercial,167674,ACCSP
2023,RHODE ISLAND,"GROUPERS, SERRANIDAE (FAMILY) **",Serranidae,,,,Confidential,Commercial,167674,ACCSP
2021,RHODE ISLAND,"GROUPERS, SERRANIDAE (FAMILY) **",Serranidae,,,,Confidential,Commercial,167674,ACCSP
2021,CONNECTICUT,"GRUNTS, HAEMULIDAE (FAMILY) **",Haemulidae,3,0,3,Public,Commercial,169055,ACCSP
2024,CONNECTICUT,HADDOCK,Melanogrammus aeglefinus,55,0,115,Public,Commercial,164744,ACCSP
2024,MAINE,HADDOCK,Melanogrammus aeglefinus,"348,017",158,"612,077",Public,Commercial,164744,ACCSP
2024,MASSACHUSETTS,HADDOCK,Melanogrammus aeglefinus,"6,856,603","3,110","9,041,597",Public,Commercial,164744,ACCSP
2024,NEW HAMPSHIRE,HADDOCK,Melanogrammus aeglefinus,"32,316",15,"38,397",Public,Commercial,164744,ACCSP
2023,CONNECTICUT,HADDOCK,Melanogrammus aeglefinus,262,0,718,Public,Commercial,164744,ACCSP
2023,MAINE,HADDOCK,Melanogrammus aeglefinus,"563,187",255,"949,565",Public,Commercial,164744,ACCSP
2023,MASSACHUSETTS,HADDOCK,Melanogrammus aeglefinus,"9,805,979","4,448","12,104,737",Public,Commercial,164744,ACCSP
2023,NEW HAMPSHIRE,HADDOCK,Melanogrammus aeglefinus,"185,165",84,"196,670",Public,Commercial,164744,ACCSP
2022,CONNECTICUT,HADDOCK,Melanogrammus aeglefinus,375,0,574,Public,Commercial,164744,ACCSP
2022,MAINE,HADDOCK,Melanogrammus aeglefinus,"246,274",112,"529,953",Public,Commercial,164744,ACCSP
2022,MASSACHUSETTS,HADDOCK,Melanogrammus aeglefinus,"10,565,631","4,793","17,010,464",Public,Commercial,164744,ACCSP
2022,NEW HAMPSHIRE,HADDOCK,Melanogrammus aeglefinus,"242,032",110,"418,648",Public,Commercial,164744,ACCSP
2022,RHODE ISLAND,HADDOCK,Melanogrammus aeglefinus,,,,Confidential,Commercial,164744,ACCSP
2021,CONNECTICUT,HADDOCK,Melanogrammus aeglefinus,"4,041",2,"5,488",Public,Commercial,164744,ACCSP
2021,MAINE,HADDOCK,Melanogrammus aeglefinus,"192,292",87,"319,905",Public,Commercial,164744,ACCSP
2021,MASSACHUSETTS,HADDOCK,Melanogrammus aeglefinus,"15,541,180","7,049","19,090,173",Public,Commercial,164744,ACCSP
2021,NEW HAMPSHIRE,HADDOCK,Melanogrammus aeglefinus,"370,828",168,"504,824",Public,Commercial,164744,ACCSP
2021,RHODE ISLAND,HADDOCK,Melanogrammus aeglefinus,,,,Confidential,Commercial,164744,ACCSP
2024,MASSACHUSETTS,HAGFISHES **,Myxinidae,,,,Confidential,Commercial,159753,ACCSP
2023,MASSACHUSETTS,HAGFISHES **,Myxinidae,,,,Confidential,Commercial,159753,ACCSP
2022,MASSACHUSETTS,HAGFISHES **,Myxinidae,,,,Confidential,Commercial,159753,ACCSP
2022,RHODE ISLAND,HAGFISHES **,Myxinidae,,,,Confidential,Commercial,159753,ACCSP
2021,MAINE,HAGFISHES **,Myxinidae,,,,Confidential,Commercial,159753,ACCSP
2021,MASSACHUSETTS,HAGFISHES **,Myxinidae,,,,Confidential,Commercial,159753,ACCSP
2024,MASSACHUSETTS,"HAKE, OFFSHORE",Merluccius albidus,,,,Confidential,Commercial,164793,ACCSP
2024,RHODE ISLAND,"HAKE, OFFSHORE",Merluccius albidus,,,,Confidential,Commercial,164793,ACCSP
2023,MAINE,"HAKE, OFFSHORE",Merluccius albidus,,,,Confidential,Commercial,164793,ACCSP
2023,MASSACHUSETTS,"HAKE, OFFSHORE",Merluccius albidus,,,,Confidential,Commercial,164793,ACCSP
2023,RHODE ISLAND,"HAKE, OFFSHORE",Merluccius albidus,,,,Confidential,Commercial,164793,ACCSP
2022,RHODE ISLAND,"HAKE, OFFSHORE",Merluccius albidus,,,,Confidential,Commercial,164793,ACCSP
2021,MASSACHUSETTS,"HAKE, OFFSHORE",Merluccius albidus,,,,Confidential,Commercial,164793,ACCSP
2021,RHODE ISLAND,"HAKE, OFFSHORE",Merluccius albidus,,,,Confidential,Commercial,164793,ACCSP
2024,CONNECTICUT,"HAKE, RED",Urophycis chuss,"8,096",4,"5,488",Public,Commercial,164730,ACCSP
2024,MASSACHUSETTS,"HAKE, RED",Urophycis chuss,"156,767",71,"84,806",Public,Commercial,164730,ACCSP
2024,RHODE ISLAND,"HAKE, RED",Urophycis chuss,"263,865",120,"81,173",Public,Commercial,164730,ACCSP
2023,CONNECTICUT,"HAKE, RED",Urophycis chuss,"13,073",6,"8,470",Public,Commercial,164730,ACCSP
2023,MASSACHUSETTS,"HAKE, RED",Urophycis chuss,"145,281",66,"86,836",Public,Commercial,164730,ACCSP
2023,RHODE ISLAND,"HAKE, RED",Urophycis chuss,"211,297",96,"95,544",Public,Commercial,164730,ACCSP
2022,CONNECTICUT,"HAKE, RED",Urophycis chuss,"13,201",6,"10,800",Public,Commercial,164730,ACCSP
2022,MAINE,"HAKE, RED",Urophycis chuss,,,,Confidential,Commercial,164730,ACCSP
2022,MASSACHUSETTS,"HAKE, RED",Urophycis chuss,"155,886",71,"116,636",Public,Commercial,164730,ACCSP
2022,RHODE ISLAND,"HAKE, RED",Urophycis chuss,"124,284",56,"83,287",Public,Commercial,164730,ACCSP
2021,CONNECTICUT,"HAKE, RED",Urophycis chuss,"45,964",21,"29,778",Public,Commercial,164730,ACCSP
2021,MASSACHUSETTS,"HAKE, RED",Urophycis chuss,"85,443",39,"59,356",Public,Commercial,164730,ACCSP
2021,NEW HAMPSHIRE,"HAKE, RED",Urophycis chuss,,,,Confidential,Commercial,164730,ACCSP
2021,RHODE ISLAND,"HAKE, RED",Urophycis chuss,"223,508",101,"93,166",Public,Commercial,164730,ACCSP
2024,CONNECTICUT,"HAKE, SILVER",Merluccius bilinearis,"142,274",65,"152,741",Public,Commercial,164791,ACCSP
2024,MAINE,"HAKE, SILVER",Merluccius bilinearis,,,,Confidential,Commercial,164791,ACCSP
2024,MASSACHUSETTS,"HAKE, SILVER",Merluccius bilinearis,"5,727,397","2,598","4,758,822",Public,Commercial,164791,ACCSP
2024,NEW HAMPSHIRE,"HAKE, SILVER",Merluccius bilinearis,,,,Confidential,Commercial,164791,ACCSP
2024,RHODE ISLAND,"HAKE, SILVER",Merluccius bilinearis,"4,664,782","2,116","2,216,112",Public,Commercial,164791,ACCSP
2023,CONNECTICUT,"HAKE, SILVER",Merluccius bilinearis,"52,583",24,"56,524",Public,Commercial,164791,ACCSP
2023,MAINE,"HAKE, SILVER",Merluccius bilinearis,"27,020",12,"12,097",Public,Commercial,164791,ACCSP
2023,MASSACHUSETTS,"HAKE, SILVER",Merluccius bilinearis,"5,175,731","2,348","4,953,893",Public,Commercial,164791,ACCSP
2023,NEW HAMPSHIRE,"HAKE, SILVER",Merluccius bilinearis,"7,406",3,"4,714",Public,Commercial,164791,ACCSP
2023,RHODE ISLAND,"HAKE, SILVER",Merluccius bilinearis,"3,115,115","1,413","1,803,208",Public,Commercial,164791,ACCSP
2022,CONNECTICUT,"HAKE, SILVER",Merluccius bilinearis,"340,392",154,"387,517",Public,Commercial,164791,ACCSP
2022,MAINE,"HAKE, SILVER",Merluccius bilinearis,"8,308",4,"3,545",Public,Commercial,164791,ACCSP
2022,MASSACHUSETTS,"HAKE, SILVER",Merluccius bilinearis,"6,560,756","2,976","8,096,084",Public,Commercial,164791,ACCSP
2022,NEW HAMPSHIRE,"HAKE, SILVER",Merluccius bilinearis,"9,956",5,"7,623",Public,Commercial,164791,ACCSP
2022,RHODE ISLAND,"HAKE, SILVER",Merluccius bilinearis,"2,309,418","1,048","1,942,191",Public,Commercial,164791,ACCSP
2021,CONNECTICUT,"HAKE, SILVER",Merluccius bilinearis,"883,742",401,"789,357",Public,Commercial,164791,ACCSP
2021,MAINE,"HAKE, SILVER",Merluccius bilinearis,"5,443",2,"4,850",Public,Commercial,164791,ACCSP
2021,MASSACHUSETTS,"HAKE, SILVER",Merluccius bilinearis,"5,171,240","2,346","5,874,435",Public,Commercial,164791,ACCSP
2021,NEW HAMPSHIRE,"HAKE, SILVER",Merluccius bilinearis,"27,254",12,"20,120",Public,Commercial,164791,ACCSP
2021,RHODE ISLAND,"HAKE, SILVER",Merluccius bilinearis,"2,896,455","1,314","2,365,741",Public,Commercial,164791,ACCSP
2024,CONNECTICUT,"HAKE, WHITE",Urophycis tenuis,355,0,313,Public,Commercial,164732,ACCSP
2024,MAINE,"HAKE, WHITE",Urophycis tenuis,"326,939",148,"527,064",Public,Commercial,164732,ACCSP
2024,MASSACHUSETTS,"HAKE, WHITE",Urophycis tenuis,"3,252,979","1,476","4,379,210",Public,Commercial,164732,ACCSP
2024,NEW HAMPSHIRE,"HAKE, WHITE",Urophycis tenuis,"66,143",30,"99,586",Public,Commercial,164732,ACCSP
2024,RHODE ISLAND,"HAKE, WHITE",Urophycis tenuis,,,,Confidential,Commercial,164732,ACCSP
2023,MAINE,"HAKE, WHITE",Urophycis tenuis,"372,336",169,"618,394",Public,Commercial,164732,ACCSP
2023,MASSACHUSETTS,"HAKE, WHITE",Urophycis tenuis,"3,866,662","1,754","4,451,572",Public,Commercial,164732,ACCSP
2023,NEW HAMPSHIRE,"HAKE, WHITE",Urophycis tenuis,,,,Confidential,Commercial,164732,ACCSP
2023,RHODE ISLAND,"HAKE, WHITE",Urophycis tenuis,,,,Confidential,Commercial,164732,ACCSP
2022,CONNECTICUT,"HAKE, WHITE",Urophycis tenuis,20,0,35,Public,Commercial,164732,ACCSP
2022,MAINE,"HAKE, WHITE",Urophycis tenuis,"380,418",173,"796,704",Public,Commercial,164732,ACCSP
2022,MASSACHUSETTS,"HAKE, WHITE",Urophycis tenuis,"3,089,769","1,402","4,647,645",Public,Commercial,164732,ACCSP
2022,NEW HAMPSHIRE,"HAKE, WHITE",Urophycis tenuis,"50,537",23,"85,714",Public,Commercial,164732,ACCSP
2022,RHODE ISLAND,"HAKE, WHITE",Urophycis tenuis,,,,Confidential,Commercial,164732,ACCSP
2021,MAINE,"HAKE, WHITE",Urophycis tenuis,"210,424",95,"390,189",Public,Commercial,164732,ACCSP
2021,MASSACHUSETTS,"HAKE, WHITE",Urophycis tenuis,"3,712,214","1,684","4,879,124",Public,Commercial,164732,ACCSP
2021,NEW HAMPSHIRE,"HAKE, WHITE",Urophycis tenuis,"141,585",64,"211,749",Public,Commercial,164732,ACCSP
2021,RHODE ISLAND,"HAKE, WHITE",Urophycis tenuis,,,,Confidential,Commercial,164732,ACCSP
2024,CONNECTICUT,"HAKES, MERLUCCIUS (GENUS) **",Merluccius,41,0,34,Public,Commercial,164790,ACCSP
2024,MASSACHUSETTS,"HAKES, MERLUCCIUS (GENUS) **",Merluccius,,,,Confidential,Commercial,164790,ACCSP
2024,RHODE ISLAND,"HAKES, MERLUCCIUS (GENUS) **",Merluccius,,,,Confidential,Commercial,164790,ACCSP
2023,CONNECTICUT,"HAKES, MERLUCCIUS (GENUS) **",Merluccius,12,0,14,Public,Commercial,164790,ACCSP
2023,MAINE,"HAKES, MERLUCCIUS (GENUS) **",Merluccius,,,,Confidential,Commercial,164790,ACCSP
2023,MASSACHUSETTS,"HAKES, MERLUCCIUS (GENUS) **",Merluccius,,,,Confidential,Commercial,164790,ACCSP
2023,RHODE ISLAND,"HAKES, MERLUCCIUS (GENUS) **",Merluccius,,,,Confidential,Commercial,164790,ACCSP
2022,CONNECTICUT,"HAKES, MERLUCCIUS (GENUS) **",Merluccius,60,0,120,Public,Commercial,164790,ACCSP
2022,RHODE ISLAND,"HAKES, MERLUCCIUS (GENUS) **",Merluccius,,,,Confidential,Commercial,164790,ACCSP
2021,CONNECTICUT,"HAKES, MERLUCCIUS (GENUS) **",Merluccius,46,0,69,Public,Commercial,164790,ACCSP
2021,MAINE,"HAKES, MERLUCCIUS (GENUS) **",Merluccius,,,,Confidential,Commercial,164790,ACCSP
2021,RHODE ISLAND,"HAKES, MERLUCCIUS (GENUS) **",Merluccius,,,,Confidential,Commercial,164790,ACCSP
2024,MASSACHUSETTS,"HAKES, RED AND WHITE **",Urophycis,,,,Confidential,Commercial,164729,ACCSP
2024,RHODE ISLAND,"HAKES, RED AND WHITE **",Urophycis,,,,Confidential,Commercial,164729,ACCSP
2023,CONNECTICUT,"HAKES, RED AND WHITE **",Urophycis,4,0,4,Public,Commercial,164729,ACCSP
2023,MASSACHUSETTS,"HAKES, RED AND WHITE **",Urophycis,,,,Confidential,Commercial,164729,ACCSP
2023,RHODE ISLAND,"HAKES, RED AND WHITE **",Urophycis,,,,Confidential,Commercial,164729,ACCSP
2022,MASSACHUSETTS,"HAKES, RED AND WHITE **",Urophycis,,,,Confidential,Commercial,164729,ACCSP
2022,NEW HAMPSHIRE,"HAKES, RED AND WHITE **",Urophycis,,,,Confidential,Commercial,164729,ACCSP
2022,RHODE ISLAND,"HAKES, RED AND WHITE **",Urophycis,,,,Confidential,Commercial,164729,ACCSP
2021,MASSACHUSETTS,"HAKES, RED AND WHITE **",Urophycis,,,,Confidential,Commercial,164729,ACCSP
2021,NEW HAMPSHIRE,"HAKES, RED AND WHITE **",Urophycis,,,,Confidential,Commercial,164729,ACCSP
2021,RHODE ISLAND,"HAKES, RED AND WHITE **",Urophycis,,,,Confidential,Commercial,164729,ACCSP
2024,CONNECTICUT,"HALIBUT, ATLANTIC",Hippoglossus hippoglossus,239,0,"1,248",Public,Commercial,172933,ACCSP
2024,MAINE,"HALIBUT, ATLANTIC",Hippoglossus hippoglossus,"39,911",18,"252,245",Public,Commercial,172933,ACCSP
2024,MASSACHUSETTS,"HALIBUT, ATLANTIC",Hippoglossus hippoglossus,"36,908",17,"228,554",Public,Commercial,172933,ACCSP
2024,NEW HAMPSHIRE,"HALIBUT, ATLANTIC",Hippoglossus hippoglossus,,,,Confidential,Commercial,172933,ACCSP
2024,RHODE ISLAND,"HALIBUT, ATLANTIC",Hippoglossus hippoglossus,,,,Confidential,Commercial,172933,ACCSP
2023,CONNECTICUT,"HALIBUT, ATLANTIC",Hippoglossus hippoglossus,56,0,294,Public,Commercial,172933,ACCSP
2023,MAINE,"HALIBUT, ATLANTIC",Hippoglossus hippoglossus,"43,003",20,"291,597",Public,Commercial,172933,ACCSP
2023,MASSACHUSETTS,"HALIBUT, ATLANTIC",Hippoglossus hippoglossus,"33,377",15,"191,033",Public,Commercial,172933,ACCSP
2023,NEW HAMPSHIRE,"HALIBUT, ATLANTIC",Hippoglossus hippoglossus,"1,351",1,"10,638",Public,Commercial,172933,ACCSP
2022,MAINE,"HALIBUT, ATLANTIC",Hippoglossus hippoglossus,"27,723",13,"210,755",Public,Commercial,172933,ACCSP
2022,MASSACHUSETTS,"HALIBUT, ATLANTIC",Hippoglossus hippoglossus,"32,219",15,"209,212",Public,Commercial,172933,ACCSP
2022,NEW HAMPSHIRE,"HALIBUT, ATLANTIC",Hippoglossus hippoglossus,,,,Confidential,Commercial,172933,ACCSP
2021,CONNECTICUT,"HALIBUT, ATLANTIC",Hippoglossus hippoglossus,532,0,"3,398",Public,Commercial,172933,ACCSP
2021,MAINE,"HALIBUT, ATLANTIC",Hippoglossus hippoglossus,"31,744",14,"193,312",Public,Commercial,172933,ACCSP
2021,MASSACHUSETTS,"HALIBUT, ATLANTIC",Hippoglossus hippoglossus,"45,783",21,"283,381",Public,Commercial,172933,ACCSP
2021,NEW HAMPSHIRE,"HALIBUT, ATLANTIC",Hippoglossus hippoglossus,"1,914",1,"14,266",Public,Commercial,172933,ACCSP
2021,RHODE ISLAND,"HALIBUT, ATLANTIC",Hippoglossus hippoglossus,,,,Confidential,Commercial,172933,ACCSP
2024,CONNECTICUT,"HERRING, ATLANTIC",Clupea harengus,210,0,158,Public,Commercial,161722,ACCSP
2024,MAINE,"HERRING, ATLANTIC",Clupea harengus,"13,988,489","6,345","5,769,410",Public,Commercial,161722,ACCSP
2024,MASSACHUSETTS,"HERRING, ATLANTIC",Clupea harengus,"7,728,717","3,506","2,355,383",Public,Commercial,161722,ACCSP
2024,RHODE ISLAND,"HERRING, ATLANTIC",Clupea harengus,"132,320",60,"73,007",Public,Commercial,161722,ACCSP
2023,CONNECTICUT,"HERRING, ATLANTIC",Clupea harengus,620,0,289,Public,Commercial,161722,ACCSP
2023,MAINE,"HERRING, ATLANTIC",Clupea harengus,"14,666,707","6,653","5,238,927",Public,Commercial,161722,ACCSP
2023,MASSACHUSETTS,"HERRING, ATLANTIC",Clupea harengus,"5,645,659","2,561","1,744,391",Public,Commercial,161722,ACCSP
2023,RHODE ISLAND,"HERRING, ATLANTIC",Clupea harengus,"1,592,747",722,"778,294",Public,Commercial,161722,ACCSP
2022,CONNECTICUT,"HERRING, ATLANTIC",Clupea harengus,345,0,186,Public,Commercial,161722,ACCSP
2022,MAINE,"HERRING, ATLANTIC",Clupea harengus,"3,822,900","1,734","1,846,609",Public,Commercial,161722,ACCSP
2022,MASSACHUSETTS,"HERRING, ATLANTIC",Clupea harengus,"5,322,852","2,414","1,910,822",Public,Commercial,161722,ACCSP
2022,RHODE ISLAND,"HERRING, ATLANTIC",Clupea harengus,"152,693",69,"54,515",Public,Commercial,161722,ACCSP
2021,CONNECTICUT,"HERRING, ATLANTIC",Clupea harengus,"7,425",3,"3,910",Public,Commercial,161722,ACCSP
2021,MAINE,"HERRING, ATLANTIC",Clupea harengus,"5,043,900","2,288","1,916,282",Public,Commercial,161722,ACCSP
2021,MASSACHUSETTS,"HERRING, ATLANTIC",Clupea harengus,"5,414,805","2,456","1,621,988",Public,Commercial,161722,ACCSP
2021,NEW HAMPSHIRE,"HERRING, ATLANTIC",Clupea harengus,,,,Confidential,Commercial,161722,ACCSP
2021,RHODE ISLAND,"HERRING, ATLANTIC",Clupea harengus,"386,000",175,"87,147",Public,Commercial,161722,ACCSP
2021,NEW HAMPSHIRE,"HERRING, ATLANTIC THREAD",Opisthonema oglinum,,,,Confidential,Commercial,161748,ACCSP
2024,RHODE ISLAND,"HERRING, BLUEBACK",Alosa aestivalis,,,,Confidential,Commercial,161703,ACCSP
2023,RHODE ISLAND,"HERRING, BLUEBACK",Alosa aestivalis,,,,Confidential,Commercial,161703,ACCSP
2022,RHODE ISLAND,"HERRING, BLUEBACK",Alosa aestivalis,,,,Confidential,Commercial,161703,ACCSP
2021,MASSACHUSETTS,"HERRING, BLUEBACK",Alosa aestivalis,,,,Confidential,Commercial,161703,ACCSP
2021,RHODE ISLAND,"HERRING, BLUEBACK",Alosa aestivalis,,,,Confidential,Commercial,161703,ACCSP
2022,MASSACHUSETTS,"HERRING, ROUND",Etrumeus teres,,,,Confidential,Commercial,161743,ACCSP
2021,MASSACHUSETTS,"HERRING, ROUND",Etrumeus teres,"39,670",18,"15,893",Public,Commercial,161743,ACCSP
2024,MASSACHUSETTS,HERRINGS **,Clupeidae,,,,Confidential,Commercial,161700,ACCSP
2024,RHODE ISLAND,HERRINGS **,Clupeidae,,,,Confidential,Commercial,161700,ACCSP
2023,MAINE,HERRINGS **,Clupeidae,,,,Confidential,Commercial,161700,ACCSP
2022,MASSACHUSETTS,HERRINGS **,Clupeidae,,,,Confidential,Commercial,161700,ACCSP
2021,CONNECTICUT,HERRINGS **,Clupeidae,140,0,280,Public,Commercial,161700,ACCSP
2021,MASSACHUSETTS,HERRINGS **,Clupeidae,,,,Confidential,Commercial,161700,ACCSP
2021,RHODE ISLAND,HERRINGS **,Clupeidae,,,,Confidential,Commercial,161700,ACCSP
2021,CONNECTICUT,HOGCHOKER,Trinectes maculatus,2,0,1,Public,Commercial,172982,ACCSP
2024,MASSACHUSETTS,HOGFISH,Lachnolaimus maximus,,,,Confidential,Commercial,170566,ACCSP
2024,RHODE ISLAND,"JACK, CREVALLE",Caranx hippos,,,,Confidential,Commercial,168609,ACCSP
2021,RHODE ISLAND,"JACK, CREVALLE",Caranx hippos,,,,Confidential,Commercial,168609,ACCSP
2023,CONNECTICUT,KILLIFISHES **,Cyprinodontidae,34,0,,Public,Commercial,165629,ACCSP
2022,CONNECTICUT,KILLIFISHES **,Cyprinodontidae,132,0,,Public,Commercial,165629,ACCSP
2021,CONNECTICUT,KILLIFISHES **,Cyprinodontidae,"1,105",1,"5,642",Public,Commercial,165629,ACCSP
2024,MASSACHUSETTS,"KINGFISH, NORTHERN",Menticirrhus saxatilis,,,,Confidential,Commercial,169276,ACCSP
2024,RHODE ISLAND,"KINGFISH, NORTHERN",Menticirrhus saxatilis,810,0,"1,070",Public,Commercial,169276,ACCSP
2023,CONNECTICUT,"KINGFISH, NORTHERN",Menticirrhus saxatilis,10,0,15,Public,Commercial,169276,ACCSP
2023,MASSACHUSETTS,"KINGFISH, NORTHERN",Menticirrhus saxatilis,,,,Confidential,Commercial,169276,ACCSP
2023,RHODE ISLAND,"KINGFISH, NORTHERN",Menticirrhus saxatilis,538,0,591,Public,Commercial,169276,ACCSP
2022,CONNECTICUT,"KINGFISH, NORTHERN",Menticirrhus saxatilis,492,0,682,Public,Commercial,169276,ACCSP
2022,MASSACHUSETTS,"KINGFISH, NORTHERN",Menticirrhus saxatilis,,,,Confidential,Commercial,169276,ACCSP
2022,RHODE ISLAND,"KINGFISH, NORTHERN",Menticirrhus saxatilis,,,,Confidential,Commercial,169276,ACCSP
2021,CONNECTICUT,"KINGFISH, NORTHERN",Menticirrhus saxatilis,137,0,135,Public,Commercial,169276,ACCSP
2021,MASSACHUSETTS,"KINGFISH, NORTHERN",Menticirrhus saxatilis,,,,Confidential,Commercial,169276,ACCSP
2021,RHODE ISLAND,"KINGFISH, NORTHERN",Menticirrhus saxatilis,17,0,16,Public,Commercial,169276,ACCSP
2024,CONNECTICUT,KINGFISHES **,Menticirrhus,"3,422",2,"5,024",Public,Commercial,169273,ACCSP
2024,MASSACHUSETTS,KINGFISHES **,Menticirrhus,,,,Confidential,Commercial,169273,ACCSP
2024,RHODE ISLAND,KINGFISHES **,Menticirrhus,"6,727",3,"8,206",Public,Commercial,169273,ACCSP
2023,CONNECTICUT,KINGFISHES **,Menticirrhus,85,0,188,Public,Commercial,169273,ACCSP
2023,MASSACHUSETTS,KINGFISHES **,Menticirrhus,,,,Confidential,Commercial,169273,ACCSP
2023,RHODE ISLAND,KINGFISHES **,Menticirrhus,"6,360",3,"8,991",Public,Commercial,169273,ACCSP
2022,CONNECTICUT,KINGFISHES **,Menticirrhus,"35,268",16,"51,886",Public,Commercial,169273,ACCSP
2022,MASSACHUSETTS,KINGFISHES **,Menticirrhus,"3,533",2,"2,310",Public,Commercial,169273,ACCSP
2022,RHODE ISLAND,KINGFISHES **,Menticirrhus,"5,857",3,"8,762",Public,Commercial,169273,ACCSP
2021,CONNECTICUT,KINGFISHES **,Menticirrhus,"10,920",5,"13,173",Public,Commercial,169273,ACCSP
2021,MASSACHUSETTS,KINGFISHES **,Menticirrhus,,,,Confidential,Commercial,169273,ACCSP
2021,RHODE ISLAND,KINGFISHES **,Menticirrhus,"2,402",1,"2,632",Public,Commercial,169273,ACCSP
2023,MASSACHUSETTS,LADYFISH,Elops saurus,,,,Confidential,Commercial,161111,ACCSP
2022,RHODE ISLAND,LADYFISH,Elops saurus,,,,Confidential,Commercial,161111,ACCSP
2021,MASSACHUSETTS,"LANCE, AMERICAN SAND",Ammodytes americanus,,,,Confidential,Commercial,171673,ACCSP
2021,MASSACHUSETTS,LITTLE/WINTER SKATE MIX **,Leucoraja ,,,,Confidential,Commercial,564037,ACCSP
2021,RHODE ISLAND,"LIZARDFISH, INSHORE",Synodus foetens,,,,Confidential,Commercial,162376,ACCSP
2024,CONNECTICUT,"LOBSTER, AMERICAN",Homarus americanus,"188,270",85,"1,360,370",Public,Commercial,97314,ACCSP
2024,MAINE,"LOBSTER, AMERICAN",Homarus americanus,"87,535,403","39,706","538,275,859",Public,Commercial,97314,ACCSP
2024,MASSACHUSETTS,"LOBSTER, AMERICAN",Homarus americanus,"16,521,672","7,494","115,663,105",Public,Commercial,97314,ACCSP
2024,NEW HAMPSHIRE,"LOBSTER, AMERICAN",Homarus americanus,"7,629,847","3,461","53,018,740",Public,Commercial,97314,ACCSP
2024,RHODE ISLAND,"LOBSTER, AMERICAN",Homarus americanus,"1,147,499",521,"8,642,383",Public,Commercial,97314,ACCSP
2023,CONNECTICUT,"LOBSTER, AMERICAN",Homarus americanus,"126,729",57,"884,203",Public,Commercial,97314,ACCSP
2023,MAINE,"LOBSTER, AMERICAN",Homarus americanus,"97,356,466","44,161","484,399,677",Public,Commercial,97314,ACCSP
2023,MASSACHUSETTS,"LOBSTER, AMERICAN",Homarus americanus,"15,886,108","7,206","99,244,964",Public,Commercial,97314,ACCSP
2023,NEW HAMPSHIRE,"LOBSTER, AMERICAN",Homarus americanus,"6,090,731","2,763","39,461,057",Public,Commercial,97314,ACCSP
2023,RHODE ISLAND,"LOBSTER, AMERICAN",Homarus americanus,"1,116,746",507,"7,902,385",Public,Commercial,97314,ACCSP
2022,CONNECTICUT,"LOBSTER, AMERICAN",Homarus americanus,"88,654",40,"612,684",Public,Commercial,97314,ACCSP
2022,MAINE,"LOBSTER, AMERICAN",Homarus americanus,"99,020,181","44,915","393,590,170",Public,Commercial,97314,ACCSP
2022,MASSACHUSETTS,"LOBSTER, AMERICAN",Homarus americanus,"14,907,099","6,762","83,523,445",Public,Commercial,97314,ACCSP
2022,NEW HAMPSHIRE,"LOBSTER, AMERICAN",Homarus americanus,"5,264,476","2,388","32,600,708",Public,Commercial,97314,ACCSP
2022,RHODE ISLAND,"LOBSTER, AMERICAN",Homarus americanus,"1,189,045",539,"8,190,426",Public,Commercial,97314,ACCSP
2021,CONNECTICUT,"LOBSTER, AMERICAN",Homarus americanus,"148,758",67,"1,100,438",Public,Commercial,97314,ACCSP
2021,MAINE,"LOBSTER, AMERICAN",Homarus americanus,"110,718,783","50,222","743,106,667",Public,Commercial,97314,ACCSP
2021,MASSACHUSETTS,"LOBSTER, AMERICAN",Homarus americanus,"16,826,952","7,633","125,471,084",Public,Commercial,97314,ACCSP
2021,NEW HAMPSHIRE,"LOBSTER, AMERICAN",Homarus americanus,"5,712,222","2,591","44,187,581",Public,Commercial,97314,ACCSP
2021,RHODE ISLAND,"LOBSTER, AMERICAN",Homarus americanus,"1,351,415",613,"10,701,240",Public,Commercial,97314,ACCSP
2024,CONNECTICUT,"LOBSTER, CARIBBEAN SPINY",Panulirus argus,20,0,134,Public,Commercial,97648,ACCSP
2024,RHODE ISLAND,"LOBSTER, CARIBBEAN SPINY",Panulirus argus,,,,Confidential,Commercial,97648,ACCSP
2023,CONNECTICUT,LOOKDOWN,Selene vomer,1,0,1,Public,Commercial,168680,ACCSP
2024,MASSACHUSETTS,LUMPFISH,Cyclopterus lumpus,,,,Confidential,Commercial,167612,ACCSP
2024,CONNECTICUT,"MACKEREL, ATLANTIC",Scomber scombrus,"11,657",5,"7,612",Public,Commercial,172414,ACCSP
2024,MAINE,"MACKEREL, ATLANTIC",Scomber scombrus,"115,302",52,"53,578",Public,Commercial,172414,ACCSP
2024,MASSACHUSETTS,"MACKEREL, ATLANTIC",Scomber scombrus,"985,058",447,"517,465",Public,Commercial,172414,ACCSP
2024,NEW HAMPSHIRE,"MACKEREL, ATLANTIC",Scomber scombrus,,,,Confidential,Commercial,172414,ACCSP
2024,RHODE ISLAND,"MACKEREL, ATLANTIC",Scomber scombrus,"876,312",397,"383,102",Public,Commercial,172414,ACCSP
2023,CONNECTICUT,"MACKEREL, ATLANTIC",Scomber scombrus,"2,024",1,"1,529",Public,Commercial,172414,ACCSP
2023,MAINE,"MACKEREL, ATLANTIC",Scomber scombrus,"275,762",125,"87,906",Public,Commercial,172414,ACCSP
2023,MASSACHUSETTS,"MACKEREL, ATLANTIC",Scomber scombrus,"4,146,237","1,881","1,612,269",Public,Commercial,172414,ACCSP
2023,NEW HAMPSHIRE,"MACKEREL, ATLANTIC",Scomber scombrus,,,,Confidential,Commercial,172414,ACCSP
2023,RHODE ISLAND,"MACKEREL, ATLANTIC",Scomber scombrus,"2,264,385","1,027","1,468,005",Public,Commercial,172414,ACCSP
2022,CONNECTICUT,"MACKEREL, ATLANTIC",Scomber scombrus,"16,435",7,"12,744",Public,Commercial,172414,ACCSP
2022,MAINE,"MACKEREL, ATLANTIC",Scomber scombrus,"254,733",116,"117,497",Public,Commercial,172414,ACCSP
2022,MASSACHUSETTS,"MACKEREL, ATLANTIC",Scomber scombrus,"3,372,839","1,530","1,490,383",Public,Commercial,172414,ACCSP
2022,NEW HAMPSHIRE,"MACKEREL, ATLANTIC",Scomber scombrus,,,,Confidential,Commercial,172414,ACCSP
2022,RHODE ISLAND,"MACKEREL, ATLANTIC",Scomber scombrus,"193,786",88,"99,379",Public,Commercial,172414,ACCSP
2021,CONNECTICUT,"MACKEREL, ATLANTIC",Scomber scombrus,"5,897",3,"3,267",Public,Commercial,172414,ACCSP
2021,MAINE,"MACKEREL, ATLANTIC",Scomber scombrus,"1,204,598",546,"422,316",Public,Commercial,172414,ACCSP
2021,MASSACHUSETTS,"MACKEREL, ATLANTIC",Scomber scombrus,"9,444,370","4,284","2,272,297",Public,Commercial,172414,ACCSP
2021,NEW HAMPSHIRE,"MACKEREL, ATLANTIC",Scomber scombrus,410,0,221,Public,Commercial,172414,ACCSP
2021,RHODE ISLAND,"MACKEREL, ATLANTIC",Scomber scombrus,"205,352",93,"71,405",Public,Commercial,172414,ACCSP
2024,CONNECTICUT,"MACKEREL, ATLANTIC CHUB",Scomber colias,25,0,21,Public,Commercial,172413,ACCSP
2024,NEW HAMPSHIRE,"MACKEREL, ATLANTIC CHUB",Scomber colias,,,,Confidential,Commercial,172413,ACCSP
2024,RHODE ISLAND,"MACKEREL, ATLANTIC CHUB",Scomber colias,"89,334",41,"45,350",Public,Commercial,172413,ACCSP
2023,CONNECTICUT,"MACKEREL, ATLANTIC CHUB",Scomber colias,2,0,2,Public,Commercial,172413,ACCSP
2023,RHODE ISLAND,"MACKEREL, ATLANTIC CHUB",Scomber colias,"31,762",14,"10,171",Public,Commercial,172413,ACCSP
2022,CONNECTICUT,"MACKEREL, ATLANTIC CHUB",Scomber colias,14,0,12,Public,Commercial,172413,ACCSP
2022,RHODE ISLAND,"MACKEREL, ATLANTIC CHUB",Scomber colias,"13,594",6,"6,081",Public,Commercial,172413,ACCSP
2021,CONNECTICUT,"MACKEREL, ATLANTIC CHUB",Scomber colias,27,0,27,Public,Commercial,172413,ACCSP
2021,RHODE ISLAND,"MACKEREL, ATLANTIC CHUB",Scomber colias,"34,488",16,"21,984",Public,Commercial,172413,ACCSP
2021,RHODE ISLAND,"MACKEREL, FRIGATE",Auxis thazard,,,,Confidential,Commercial,172456,ACCSP
2024,RHODE ISLAND,"MACKEREL, KING",Scomberomorus cavalla,,,,Confidential,Commercial,172435,ACCSP
2021,RHODE ISLAND,"MACKEREL, KING",Scomberomorus cavalla,,,,Confidential,Commercial,172435,ACCSP
2024,MASSACHUSETTS,"MACKEREL, SPANISH",Scomberomorus maculatus,,,,Confidential,Commercial,172436,ACCSP
2023,CONNECTICUT,"MACKEREL, SPANISH",Scomberomorus maculatus,3,0,6,Public,Commercial,172436,ACCSP
2022,MASSACHUSETTS,"MACKEREL, SPANISH",Scomberomorus maculatus,,,,Confidential,Commercial,172436,ACCSP
2022,RHODE ISLAND,"MACKEREL, SPANISH",Scomberomorus maculatus,,,,Confidential,Commercial,172436,ACCSP
2021,CONNECTICUT,"MACKEREL, SPANISH",Scomberomorus maculatus,5,0,8,Public,Commercial,172436,ACCSP
2021,MASSACHUSETTS,"MACKEREL, SPANISH",Scomberomorus maculatus,,,,Confidential,Commercial,172436,ACCSP
2021,RHODE ISLAND,"MACKEREL, SPANISH",Scomberomorus maculatus,284,0,685,Public,Commercial,172436,ACCSP
2022,MAINE,"MENHADEN, ATLANTIC",Brevoortia tyrannus,"1,012,441",459,"484,212",Public,Commercial,161732,ACCSP
2024,CONNECTICUT,MENHADENS **,Brevoortia ,"49,896",23,"16,541",Public,Commercial,161731,ACCSP
2024,MAINE,MENHADENS **,Brevoortia ,"14,357,550","6,513","6,078,155",Public,Commercial,161731,ACCSP
2024,MASSACHUSETTS,MENHADENS **,Brevoortia ,"12,346,376","5,600","3,755,903",Public,Commercial,161731,ACCSP
2024,NEW HAMPSHIRE,MENHADENS **,Brevoortia ,,,,Confidential,Commercial,161731,ACCSP
2024,RHODE ISLAND,MENHADENS **,Brevoortia ,"1,904,865",864,"685,360",Public,Commercial,161731,ACCSP
2023,CONNECTICUT,MENHADENS **,Brevoortia ,"202,157",92,"50,645",Public,Commercial,161731,ACCSP
2023,MAINE,MENHADENS **,Brevoortia ,"14,198,455","6,440","6,355,503",Public,Commercial,161731,ACCSP
2023,MASSACHUSETTS,MENHADENS **,Brevoortia ,"2,980,815","1,352","893,019",Public,Commercial,161731,ACCSP
2023,NEW HAMPSHIRE,MENHADENS **,Brevoortia ,"4,375,900","1,985","1,408,295",Public,Commercial,161731,ACCSP
2023,RHODE ISLAND,MENHADENS **,Brevoortia ,"159,875",73,"58,088",Public,Commercial,161731,ACCSP
2022,CONNECTICUT,MENHADENS **,Brevoortia ,"299,252",136,"67,664",Public,Commercial,161731,ACCSP
2022,MAINE,MENHADENS **,Brevoortia ,"19,335,722","8,771","8,371,853",Public,Commercial,161731,ACCSP
2022,MASSACHUSETTS,MENHADENS **,Brevoortia ,"10,425,267","4,729","4,078,897",Public,Commercial,161731,ACCSP
2022,NEW HAMPSHIRE,MENHADENS **,Brevoortia ,"4,986,600","2,262","1,996,040",Public,Commercial,161731,ACCSP
2022,RHODE ISLAND,MENHADENS **,Brevoortia ,"617,151",280,"243,983",Public,Commercial,161731,ACCSP
2021,CONNECTICUT,MENHADENS **,Brevoortia ,"179,177",81,"38,553",Public,Commercial,161731,ACCSP
2021,MAINE,MENHADENS **,Brevoortia ,"36,890,619","16,733","57,086,489",Public,Commercial,161731,ACCSP
2021,MASSACHUSETTS,MENHADENS **,Brevoortia ,"9,916,257","4,498","2,485,960",Public,Commercial,161731,ACCSP
2021,NEW HAMPSHIRE,MENHADENS **,Brevoortia ,"4,807,900","2,181","1,697,400",Public,Commercial,161731,ACCSP
2021,RHODE ISLAND,MENHADENS **,Brevoortia ,"3,575,154","1,622","536,806",Public,Commercial,161731,ACCSP
2023,CONNECTICUT,MINNOWS **,Cyprinidae,7,0,4,Public,Commercial,163342,ACCSP
2022,CONNECTICUT,MINNOWS **,Cyprinidae,26,0,13,Public,Commercial,163342,ACCSP
2024,NEW HAMPSHIRE,"MULLET, STRIPED",Mugil cephalus,,,,Confidential,Commercial,170335,ACCSP
2023,MASSACHUSETTS,"MULLET, STRIPED",Mugil cephalus,,,,Confidential,Commercial,170335,ACCSP
2022,MASSACHUSETTS,"MULLET, STRIPED",Mugil cephalus,,,,Confidential,Commercial,170335,ACCSP
2024,CONNECTICUT,MULLETS **,Mugilidae,64,0,57,Public,Commercial,170333,ACCSP
2023,CONNECTICUT,MULLETS **,Mugilidae,53,0,51,Public,Commercial,170333,ACCSP
2022,CONNECTICUT,MULLETS **,Mugilidae,263,0,337,Public,Commercial,170333,ACCSP
2021,CONNECTICUT,MULLETS **,Mugilidae,242,0,208,Public,Commercial,170333,ACCSP
2023,CONNECTICUT,MUMMICHOG,Fundulus heteroclitus,14,0,88,Public,Commercial,165647,ACCSP
2022,CONNECTICUT,MUMMICHOG,Fundulus heteroclitus,132,0,890,Public,Commercial,165647,ACCSP
2021,CONNECTICUT,MUMMICHOG,Fundulus heteroclitus,177,0,724,Public,Commercial,165647,ACCSP
2024,MAINE,"MUSSEL, SEA",Mytilus edulis,"1,477,613",670,"5,603,470",Public,Commercial,79454,ACCSP
2024,MASSACHUSETTS,"MUSSEL, SEA",Mytilus edulis,"70,498",32,"622,835",Public,Commercial,79454,ACCSP
2023,MAINE,"MUSSEL, SEA",Mytilus edulis,"965,509",438,"4,209,954",Public,Commercial,79454,ACCSP
2023,MASSACHUSETTS,"MUSSEL, SEA",Mytilus edulis,"697,211",316,"1,517,158",Public,Commercial,79454,ACCSP
2023,RHODE ISLAND,"MUSSEL, SEA",Mytilus edulis,,,,Confidential,Commercial,79454,ACCSP
2022,MAINE,"MUSSEL, SEA",Mytilus edulis,"1,030,309",467,"4,632,351",Public,Commercial,79454,ACCSP
2022,MASSACHUSETTS,"MUSSEL, SEA",Mytilus edulis,"900,406",408,"653,174",Public,Commercial,79454,ACCSP
2022,RHODE ISLAND,"MUSSEL, SEA",Mytilus edulis,,,,Confidential,Commercial,79454,ACCSP
2021,MAINE,"MUSSEL, SEA",Mytilus edulis,"1,451,612",658,"4,315,885",Public,Commercial,79454,ACCSP
2021,MASSACHUSETTS,"MUSSEL, SEA",Mytilus edulis,"573,960",260,"434,885",Public,Commercial,79454,ACCSP
2021,RHODE ISLAND,"MUSSEL, SEA",Mytilus edulis,,,,Confidential,Commercial,79454,ACCSP
2023,RHODE ISLAND,"NEEDLEFISH, ATLANTIC",Strongylura marina,,,,Confidential,Commercial,165551,ACCSP
2021,RHODE ISLAND,"NEEDLEFISH, ATLANTIC",Strongylura marina,,,,Confidential,Commercial,165551,ACCSP
2023,RHODE ISLAND,OCTOPUSES **,Octopodidae,,,,Confidential,Commercial,82590,ACCSP
2022,CONNECTICUT,OCTOPUSES **,Octopodidae,12,0,24,Public,Commercial,82590,ACCSP
2022,MASSACHUSETTS,OCTOPUSES **,Octopodidae,,,,Confidential,Commercial,82590,ACCSP
2021,CONNECTICUT,OCTOPUSES **,Octopodidae,1,0,3,Public,Commercial,82590,ACCSP
2021,RHODE ISLAND,OCTOPUSES **,Octopodidae,,,,Confidential,Commercial,82590,ACCSP
2024,CONNECTICUT,OPAH,Lampris guttatus,"3,888",2,"11,431",Public,Commercial,166326,ACCSP
2024,MASSACHUSETTS,OPAH,Lampris guttatus,,,,Confidential,Commercial,166326,ACCSP
2023,MASSACHUSETTS,OPAH,Lampris guttatus,"9,690",4,"33,844",Public,Commercial,166326,ACCSP
2023,RHODE ISLAND,OPAH,Lampris guttatus,,,,Confidential,Commercial,166326,ACCSP
2022,MASSACHUSETTS,OPAH,Lampris guttatus,,,,Confidential,Commercial,166326,ACCSP
2021,CONNECTICUT,OPAH,Lampris guttatus,214,0,856,Public,Commercial,166326,ACCSP
2024,MAINE,"OYSTER, EASTERN",Crassostrea virginica,"327,034",148,"15,587,515",Public,Commercial,79872,ACCSP
2024,MASSACHUSETTS,"OYSTER, EASTERN",Crassostrea virginica,"679,196",308,"35,339,173",Public,Commercial,79872,ACCSP
2024,RHODE ISLAND,"OYSTER, EASTERN",Crassostrea virginica,"155,550",71,"6,218,257",Public,Commercial,79872,ACCSP
2023,MAINE,"OYSTER, EASTERN",Crassostrea virginica,"286,561",130,"13,703,674",Public,Commercial,79872,ACCSP
2023,MASSACHUSETTS,"OYSTER, EASTERN",Crassostrea virginica,"575,805",261,"30,292,661",Public,Commercial,79872,ACCSP
2023,RHODE ISLAND,"OYSTER, EASTERN",Crassostrea virginica,"144,433",66,"5,777,209",Public,Commercial,79872,ACCSP
2022,MAINE,"OYSTER, EASTERN",Crassostrea virginica,"239,056",108,"11,145,129",Public,Commercial,79872,ACCSP
2022,MASSACHUSETTS,"OYSTER, EASTERN",Crassostrea virginica,"645,162",293,"32,757,673",Public,Commercial,79872,ACCSP
2022,RHODE ISLAND,"OYSTER, EASTERN",Crassostrea virginica,"149,850",68,"5,763,513",Public,Commercial,79872,ACCSP
2021,MAINE,"OYSTER, EASTERN",Crassostrea virginica,"209,493",95,"9,420,904",Public,Commercial,79872,ACCSP
2021,MASSACHUSETTS,"OYSTER, EASTERN",Crassostrea virginica,"626,642",284,"30,785,209",Public,Commercial,79872,ACCSP
2021,RHODE ISLAND,"OYSTER, EASTERN",Crassostrea virginica,"135,402",61,"5,834,896",Public,Commercial,79872,ACCSP
2024,MAINE,"OYSTER, EDIBLE",Ostrea edulis,"5,112",2,"55,116",Public,Commercial,79885,ACCSP
2023,MAINE,"OYSTER, EDIBLE",Ostrea edulis,,,,Confidential,Commercial,79885,ACCSP
2022,MAINE,"OYSTER, EDIBLE",Ostrea edulis,,,,Confidential,Commercial,79885,ACCSP
2021,MAINE,"OYSTER, EDIBLE",Ostrea edulis,,,,Confidential,Commercial,79885,ACCSP
2023,MAINE,"PERCH, SAND",Diplectrum formosum,,,,Confidential,Commercial,167793,ACCSP
2024,CONNECTICUT,"PERCH, WHITE",Morone americana,"6,051",3,"9,330",Public,Commercial,167678,ACCSP
2024,RHODE ISLAND,"PERCH, WHITE",Morone americana,,,,Confidential,Commercial,167678,ACCSP
2023,CONNECTICUT,"PERCH, WHITE",Morone americana,"6,021",3,"7,225",Public,Commercial,167678,ACCSP
2023,MASSACHUSETTS,"PERCH, WHITE",Morone americana,138,0,388,Public,Commercial,167678,ACCSP
2023,RHODE ISLAND,"PERCH, WHITE",Morone americana,,,,Confidential,Commercial,167678,ACCSP
2022,CONNECTICUT,"PERCH, WHITE",Morone americana,"12,623",6,"16,544",Public,Commercial,167678,ACCSP
2021,CONNECTICUT,"PERCH, WHITE",Morone americana,"12,647",6,"13,670",Public,Commercial,167678,ACCSP
2021,MASSACHUSETTS,"PERCH, WHITE",Morone americana,,,,Confidential,Commercial,167678,ACCSP
2024,CONNECTICUT,"PERCH, YELLOW",Perca flavescens,2,0,1,Public,Commercial,168469,ACCSP
2023,MAINE,PERIWINKLES,Littorinidae ,"131,862",60,"514,182",Public,Commercial,1206035,ACCSP
2023,MASSACHUSETTS,PERIWINKLES,Littorinidae ,,,,Confidential,Commercial,1206035,ACCSP
2022,MAINE,PERIWINKLES,Littorinidae ,"210,678",96,"937,272",Public,Commercial,1206035,ACCSP
2021,MAINE,PERIWINKLES,Littorinidae ,"178,551",81,"821,745",Public,Commercial,1206035,ACCSP
2021,MASSACHUSETTS,PERIWINKLES,Littorinidae ,,,,Confidential,Commercial,1206035,ACCSP
2024,CONNECTICUT,POLLOCK,Pollachius virens,57,0,40,Public,Commercial,164727,ACCSP
2024,MAINE,POLLOCK,Pollachius virens,"251,647",114,"417,651",Public,Commercial,164727,ACCSP
2024,MASSACHUSETTS,POLLOCK,Pollachius virens,"5,772,941","2,619","5,441,650",Public,Commercial,164727,ACCSP
2024,NEW HAMPSHIRE,POLLOCK,Pollachius virens,"61,567",28,"109,589",Public,Commercial,164727,ACCSP
2024,RHODE ISLAND,POLLOCK,Pollachius virens,26,0,66,Public,Commercial,164727,ACCSP
2023,CONNECTICUT,POLLOCK,Pollachius virens,8,0,8,Public,Commercial,164727,ACCSP
2023,MAINE,POLLOCK,Pollachius virens,"301,424",137,"506,142",Public,Commercial,164727,ACCSP
2023,MASSACHUSETTS,POLLOCK,Pollachius virens,"7,104,632","3,223","8,162,349",Public,Commercial,164727,ACCSP
2023,NEW HAMPSHIRE,POLLOCK,Pollachius virens,"82,850",38,"143,239",Public,Commercial,164727,ACCSP
2023,RHODE ISLAND,POLLOCK,Pollachius virens,,,,Confidential,Commercial,164727,ACCSP
2022,MAINE,POLLOCK,Pollachius virens,"367,921",167,"669,089",Public,Commercial,164727,ACCSP
2022,MASSACHUSETTS,POLLOCK,Pollachius virens,"6,898,839","3,129","7,975,216",Public,Commercial,164727,ACCSP
2022,NEW HAMPSHIRE,POLLOCK,Pollachius virens,,,,Confidential,Commercial,164727,ACCSP
2022,RHODE ISLAND,POLLOCK,Pollachius virens,,,,Confidential,Commercial,164727,ACCSP
2021,MAINE,POLLOCK,Pollachius virens,"322,854",146,"640,125",Public,Commercial,164727,ACCSP
2021,MASSACHUSETTS,POLLOCK,Pollachius virens,"6,955,952","3,155","8,962,221",Public,Commercial,164727,ACCSP
2021,NEW HAMPSHIRE,POLLOCK,Pollachius virens,"110,514",50,"198,744",Public,Commercial,164727,ACCSP
2021,RHODE ISLAND,POLLOCK,Pollachius virens,74,0,80,Public,Commercial,164727,ACCSP
2024,MAINE,"POLYCHAETE, BLOODWORMS",Glycera dibranchiata,,,,Confidential,Commercial,66107,ACCSP
2023,MAINE,"POLYCHAETE, BLOODWORMS",Glycera dibranchiata,"226,482",103,"5,491,160",Public,Commercial,66107,ACCSP
2022,MAINE,"POLYCHAETE, BLOODWORMS",Glycera dibranchiata,"230,526",105,"4,937,990",Public,Commercial,66107,ACCSP
2021,MAINE,"POLYCHAETE, BLOODWORMS",Glycera dibranchiata,"301,885",137,"5,791,124",Public,Commercial,66107,ACCSP
2024,MAINE,"POLYCHAETE, SANDWORMS **",Nereis,,,,Confidential,Commercial,65902,ACCSP
2023,MAINE,"POLYCHAETE, SANDWORMS **",Nereis,"163,921",74,"1,840,485",Public,Commercial,65902,ACCSP
2022,MAINE,"POLYCHAETE, SANDWORMS **",Nereis,"186,201",84,"1,887,558",Public,Commercial,65902,ACCSP
2021,MAINE,"POLYCHAETE, SANDWORMS **",Nereis,"197,652",90,"1,973,168",Public,Commercial,65902,ACCSP
2024,CONNECTICUT,POMFRETS **,Bramidae,999,0,"2,579",Public,Commercial,170287,ACCSP
2024,MASSACHUSETTS,POMFRETS **,Bramidae,,,,Confidential,Commercial,170287,ACCSP
2023,MASSACHUSETTS,POMFRETS **,Bramidae,,,,Confidential,Commercial,170287,ACCSP
2023,RHODE ISLAND,POMFRETS **,Bramidae,,,,Confidential,Commercial,170287,ACCSP
2022,CONNECTICUT,POMFRETS **,Bramidae,378,0,"1,156",Public,Commercial,170287,ACCSP
2022,RHODE ISLAND,POMFRETS **,Bramidae,,,,Confidential,Commercial,170287,ACCSP
2021,CONNECTICUT,POMFRETS **,Bramidae,174,0,870,Public,Commercial,170287,ACCSP
2021,RHODE ISLAND,POMFRETS **,Bramidae,,,,Confidential,Commercial,170287,ACCSP
2023,CONNECTICUT,"POMPANO, FLORIDA",Trachinotus carolinus,1,0,7,Public,Commercial,168708,ACCSP
2023,RHODE ISLAND,"PORGY, RED",Pagrus pagrus,,,,Confidential,Commercial,169207,ACCSP
2024,CONNECTICUT,"POUT, OCEAN",Zoarces Americanus,2,0,1,Public,Commercial,630979,ACCSP
2023,CONNECTICUT,"POUT, OCEAN",Zoarces Americanus,9,0,9,Public,Commercial,630979,ACCSP
2022,CONNECTICUT,"POUT, OCEAN",Zoarces Americanus,14,0,14,Public,Commercial,630979,ACCSP
2024,MASSACHUSETTS,"PUFFER, NORTHERN",Sphoeroides maculatus,,,,Confidential,Commercial,173290,ACCSP
2023,CONNECTICUT,"PUFFER, NORTHERN",Sphoeroides maculatus,4,0,4,Public,Commercial,173290,ACCSP
2023,RHODE ISLAND,"PUFFER, NORTHERN",Sphoeroides maculatus,,,,Confidential,Commercial,173290,ACCSP
2022,CONNECTICUT,"PUFFER, NORTHERN",Sphoeroides maculatus,2,0,2,Public,Commercial,173290,ACCSP
2022,RHODE ISLAND,"PUFFER, NORTHERN",Sphoeroides maculatus,,,,Confidential,Commercial,173290,ACCSP
2021,CONNECTICUT,"PUFFER, NORTHERN",Sphoeroides maculatus,13,0,29,Public,Commercial,173290,ACCSP
2021,MASSACHUSETTS,"PUFFER, NORTHERN",Sphoeroides maculatus,,,,Confidential,Commercial,173290,ACCSP
2021,RHODE ISLAND,"PUFFER, NORTHERN",Sphoeroides maculatus,,,,Confidential,Commercial,173290,ACCSP
2023,CONNECTICUT,"PUFFERS, TETRAODONTIDAE (FAMILY) **",Tetraodontidae,4,0,4,Public,Commercial,173283,ACCSP
2022,CONNECTICUT,"PUFFERS, TETRAODONTIDAE (FAMILY) **",Tetraodontidae,2,0,1,Public,Commercial,173283,ACCSP
2021,MASSACHUSETTS,"RAVEN, SEA",Hemitripterus americanus,,,,Confidential,Commercial,167289,ACCSP
2024,CONNECTICUT,"REDFISH, ACADIAN",Sebastes fasciatus,205,0,154,Public,Commercial,166774,ACCSP
2024,MAINE,"REDFISH, ACADIAN",Sebastes fasciatus,,,,Confidential,Commercial,166774,ACCSP
2024,MASSACHUSETTS,"REDFISH, ACADIAN",Sebastes fasciatus,"12,864,817","5,835","7,888,384",Public,Commercial,166774,ACCSP
2024,NEW HAMPSHIRE,"REDFISH, ACADIAN",Sebastes fasciatus,,,,Confidential,Commercial,166774,ACCSP
2024,RHODE ISLAND,"REDFISH, ACADIAN",Sebastes fasciatus,56,0,40,Public,Commercial,166774,ACCSP
2023,MAINE,"REDFISH, ACADIAN",Sebastes fasciatus,"23,281",11,"18,218",Public,Commercial,166774,ACCSP
2023,MASSACHUSETTS,"REDFISH, ACADIAN",Sebastes fasciatus,"6,860,051","3,112","4,777,494",Public,Commercial,166774,ACCSP
2023,NEW HAMPSHIRE,"REDFISH, ACADIAN",Sebastes fasciatus,652,0,431,Public,Commercial,166774,ACCSP
2023,RHODE ISLAND,"REDFISH, ACADIAN",Sebastes fasciatus,155,0,175,Public,Commercial,166774,ACCSP
2022,MAINE,"REDFISH, ACADIAN",Sebastes fasciatus,"20,712",9,"15,975",Public,Commercial,166774,ACCSP
2022,MASSACHUSETTS,"REDFISH, ACADIAN",Sebastes fasciatus,"8,338,269","3,782","5,799,732",Public,Commercial,166774,ACCSP
2022,NEW HAMPSHIRE,"REDFISH, ACADIAN",Sebastes fasciatus,942,0,356,Public,Commercial,166774,ACCSP
2022,RHODE ISLAND,"REDFISH, ACADIAN",Sebastes fasciatus,767,0,839,Public,Commercial,166774,ACCSP
2021,CONNECTICUT,"REDFISH, ACADIAN",Sebastes fasciatus,60,0,15,Public,Commercial,166774,ACCSP
2021,MAINE,"REDFISH, ACADIAN",Sebastes fasciatus,"24,652",11,"17,962",Public,Commercial,166774,ACCSP
2021,MASSACHUSETTS,"REDFISH, ACADIAN",Sebastes fasciatus,"12,420,245","5,634","7,076,927",Public,Commercial,166774,ACCSP
2021,NEW HAMPSHIRE,"REDFISH, ACADIAN",Sebastes fasciatus,"2,863",1,"1,560",Public,Commercial,166774,ACCSP
2021,RHODE ISLAND,"REDFISH, ACADIAN",Sebastes fasciatus,,,,Confidential,Commercial,166774,ACCSP
2024,CONNECTICUT,RIBBONFISHES **,Trachipteridae,3,0,3,Public,Commercial,166339,ACCSP
2023,CONNECTICUT,RIBBONFISHES **,Trachipteridae,1,0,2,Public,Commercial,166339,ACCSP
2022,CONNECTICUT,RIBBONFISHES **,Trachipteridae,9,0,14,Public,Commercial,166339,ACCSP
2021,MASSACHUSETTS,"ROSEFISH, BLACKBELLY",Helicolenus dactylopterus,,,,Confidential,Commercial,166787,ACCSP
2022,RHODE ISLAND,"ROUGHY, BIG",Gephyroberyx darwinii,,,,Confidential,Commercial,615855,ACCSP
2021,RHODE ISLAND,"ROUGHY, BIG",Gephyroberyx darwinii,,,,Confidential,Commercial,615855,ACCSP
2024,RHODE ISLAND,"RUNNER, BLUE",Caranx crysos,,,,Confidential,Commercial,168612,ACCSP
2024,MAINE,"SALMON, ATLANTIC",Salmo salar,,,,Confidential,Commercial,161996,ACCSP
2023,MAINE,"SALMON, ATLANTIC",Salmo salar,,,,Confidential,Commercial,161996,ACCSP
2022,MAINE,"SALMON, ATLANTIC",Salmo salar,,,,Confidential,Commercial,161996,ACCSP
2021,MAINE,"SALMON, ATLANTIC",Salmo salar,,,,Confidential,Commercial,161996,ACCSP
2021,RHODE ISLAND,"SARDINE, SCALED",Harengula jaguana,,,,Confidential,Commercial,161755,ACCSP
2021,MASSACHUSETTS,"SARDINE, SPANISH",Sardinella aurita,,,,Confidential,Commercial,161763,ACCSP
2024,RHODE ISLAND,"SCAD, BIGEYE",Selar crumenophthalmus,,,,Confidential,Commercial,168677,ACCSP
2023,MASSACHUSETTS,"SCAD, BIGEYE",Selar crumenophthalmus,,,,Confidential,Commercial,168677,ACCSP
2021,MASSACHUSETTS,"SCAD, BIGEYE",Selar crumenophthalmus,,,,Confidential,Commercial,168677,ACCSP
2024,RHODE ISLAND,"SCAD, ROUND",Decapterus punctatus,,,,Confidential,Commercial,168725,ACCSP
2022,RHODE ISLAND,"SCAD, ROUND",Decapterus punctatus,,,,Confidential,Commercial,168725,ACCSP
2024,MAINE,"SCALLOP, BAY",Argopecten irradians,,,,Confidential,Commercial,79737,ACCSP
2024,MASSACHUSETTS,"SCALLOP, BAY",Argopecten irradians,"103,526",47,"1,899,378",Public,Commercial,79737,ACCSP
2024,RHODE ISLAND,"SCALLOP, BAY",Argopecten irradians,344,0,"4,043",Public,Commercial,79737,ACCSP
2023,MAINE,"SCALLOP, BAY",Argopecten irradians,,,,Confidential,Commercial,79737,ACCSP
2023,MASSACHUSETTS,"SCALLOP, BAY",Argopecten irradians,"75,825",34,"1,389,015",Public,Commercial,79737,ACCSP
2023,RHODE ISLAND,"SCALLOP, BAY",Argopecten irradians,,,,Confidential,Commercial,79737,ACCSP
2022,MAINE,"SCALLOP, BAY",Argopecten irradians,"1,826",1,"30,224",Public,Commercial,79737,ACCSP
2022,MASSACHUSETTS,"SCALLOP, BAY",Argopecten irradians,"78,800",36,"1,631,106",Public,Commercial,79737,ACCSP
2021,MASSACHUSETTS,"SCALLOP, BAY",Argopecten irradians,"67,087",30,"1,383,432",Public,Commercial,79737,ACCSP
2024,CONNECTICUT,"SCALLOP, SEA",Placopecten magellanicus,"119,977",54,"1,970,355",Public,Commercial,79718,ACCSP
2024,MAINE,"SCALLOP, SEA",Placopecten magellanicus,"588,536",267,"9,871,781",Public,Commercial,79718,ACCSP
2024,MASSACHUSETTS,"SCALLOP, SEA",Placopecten magellanicus,"16,677,141","7,565","263,248,787",Public,Commercial,79718,ACCSP
2024,NEW HAMPSHIRE,"SCALLOP, SEA",Placopecten magellanicus,"6,641",3,"104,873",Public,Commercial,79718,ACCSP
2024,RHODE ISLAND,"SCALLOP, SEA",Placopecten magellanicus,"724,064",328,"10,195,673",Public,Commercial,79718,ACCSP
2023,CONNECTICUT,"SCALLOP, SEA",Placopecten magellanicus,"174,361",79,"2,254,581",Public,Commercial,79718,ACCSP
2023,MAINE,"SCALLOP, SEA",Placopecten magellanicus,"855,488",388,"11,556,809",Public,Commercial,79718,ACCSP
2023,MASSACHUSETTS,"SCALLOP, SEA",Placopecten magellanicus,"24,151,041","10,955","316,885,497",Public,Commercial,79718,ACCSP
2023,NEW HAMPSHIRE,"SCALLOP, SEA",Placopecten magellanicus,"3,295",1,"49,786",Public,Commercial,79718,ACCSP
2023,RHODE ISLAND,"SCALLOP, SEA",Placopecten magellanicus,"1,017,328",461,"12,681,178",Public,Commercial,79718,ACCSP
2022,CONNECTICUT,"SCALLOP, SEA",Placopecten magellanicus,"355,832",161,"4,977,132",Public,Commercial,79718,ACCSP
2022,MAINE,"SCALLOP, SEA",Placopecten magellanicus,"726,335",329,"11,896,553",Public,Commercial,79718,ACCSP
2022,MASSACHUSETTS,"SCALLOP, SEA",Placopecten magellanicus,"25,963,375","11,777","391,830,878",Public,Commercial,79718,ACCSP
2022,NEW HAMPSHIRE,"SCALLOP, SEA",Placopecten magellanicus,"17,836",8,"315,508",Public,Commercial,79718,ACCSP
2022,RHODE ISLAND,"SCALLOP, SEA",Placopecten magellanicus,"1,363,063",618,"18,310,017",Public,Commercial,79718,ACCSP
2021,CONNECTICUT,"SCALLOP, SEA",Placopecten magellanicus,"411,752",187,"5,909,338",Public,Commercial,79718,ACCSP
2021,MAINE,"SCALLOP, SEA",Placopecten magellanicus,"686,471",311,"10,975,789",Public,Commercial,79718,ACCSP
2021,MASSACHUSETTS,"SCALLOP, SEA",Placopecten magellanicus,"33,665,342","15,270","515,012,766",Public,Commercial,79718,ACCSP
2021,NEW HAMPSHIRE,"SCALLOP, SEA",Placopecten magellanicus,"11,504",5,"194,683",Public,Commercial,79718,ACCSP
2021,RHODE ISLAND,"SCALLOP, SEA",Placopecten magellanicus,"1,981,694",899,"28,787,202",Public,Commercial,79718,ACCSP
2021,MASSACHUSETTS,"SCULPIN, LONGHORN",Myoxocephalus octodecemspinosu,,,,Confidential,Commercial,167320,ACCSP
2021,NEW HAMPSHIRE,"SCULPIN, LONGHORN",Myoxocephalus octodecemspinosu,,,,Confidential,Commercial,167320,ACCSP
2024,CONNECTICUT,SCULPINS **,Cottidae,,,,Public,Commercial,167196,ACCSP
2023,CONNECTICUT,SCULPINS **,Cottidae,2,0,1,Public,Commercial,167196,ACCSP
2023,RHODE ISLAND,SCULPINS **,Cottidae,,,,Confidential,Commercial,167196,ACCSP
2021,MASSACHUSETTS,SCULPINS **,Cottidae,,,,Confidential,Commercial,167196,ACCSP
2024,CONNECTICUT,SCUP,Stenotomus chrysops,"673,311",305,"811,575",Public,Commercial,169182,ACCSP
2024,MASSACHUSETTS,SCUP,Stenotomus chrysops,"798,161",362,"750,432",Public,Commercial,169182,ACCSP
2024,RHODE ISLAND,SCUP,Stenotomus chrysops,"5,761,829","2,614","3,416,741",Public,Commercial,169182,ACCSP
2023,CONNECTICUT,SCUP,Stenotomus chrysops,"875,529",397,"878,723",Public,Commercial,169182,ACCSP
2023,MASSACHUSETTS,SCUP,Stenotomus chrysops,"764,851",347,"601,039",Public,Commercial,169182,ACCSP
2023,RHODE ISLAND,SCUP,Stenotomus chrysops,"4,003,214","1,816","2,387,471",Public,Commercial,169182,ACCSP
2022,CONNECTICUT,SCUP,Stenotomus chrysops,"707,893",321,"764,719",Public,Commercial,169182,ACCSP
2022,MASSACHUSETTS,SCUP,Stenotomus chrysops,"1,065,764",483,"795,358",Public,Commercial,169182,ACCSP
2022,NEW HAMPSHIRE,SCUP,Stenotomus chrysops,,,,Confidential,Commercial,169182,ACCSP
2022,RHODE ISLAND,SCUP,Stenotomus chrysops,"3,622,627","1,643","2,563,334",Public,Commercial,169182,ACCSP
2021,CONNECTICUT,SCUP,Stenotomus chrysops,"780,189",354,"795,347",Public,Commercial,169182,ACCSP
2021,MASSACHUSETTS,SCUP,Stenotomus chrysops,"973,799",442,"790,165",Public,Commercial,169182,ACCSP
2021,NEW HAMPSHIRE,SCUP,Stenotomus chrysops,,,,Confidential,Commercial,169182,ACCSP
2021,RHODE ISLAND,SCUP,Stenotomus chrysops,"4,272,466","1,938","2,734,994",Public,Commercial,169182,ACCSP
2024,RHODE ISLAND,"SEAROBIN, ARMORED",Peristedion miniatum,,,,Confidential,Commercial,167010,ACCSP
2024,CONNECTICUT,"SEAROBIN, NORTHERN",Prionotus carolinus,431,0,664,Public,Commercial,166974,ACCSP
2024,RHODE ISLAND,"SEAROBIN, NORTHERN",Prionotus carolinus,"1,001",0,597,Public,Commercial,166974,ACCSP
2023,MASSACHUSETTS,"SEAROBIN, NORTHERN",Prionotus carolinus,,,,Confidential,Commercial,166974,ACCSP
2023,RHODE ISLAND,"SEAROBIN, NORTHERN",Prionotus carolinus,,,,Confidential,Commercial,166974,ACCSP
2022,CONNECTICUT,"SEAROBIN, NORTHERN",Prionotus carolinus,1,0,1,Public,Commercial,166974,ACCSP
2022,MASSACHUSETTS,"SEAROBIN, NORTHERN",Prionotus carolinus,,,,Confidential,Commercial,166974,ACCSP
2022,RHODE ISLAND,"SEAROBIN, NORTHERN",Prionotus carolinus,,,,Confidential,Commercial,166974,ACCSP
2021,CONNECTICUT,"SEAROBIN, NORTHERN",Prionotus carolinus,2,0,1,Public,Commercial,166974,ACCSP
2021,RHODE ISLAND,"SEAROBIN, NORTHERN",Prionotus carolinus,"1,730",1,290,Public,Commercial,166974,ACCSP
2022,CONNECTICUT,"SEAROBIN, STRIPED",Prionotus evolans,6,0,,Public,Commercial,166975,ACCSP
2024,CONNECTICUT,SEAROBINS **,Triglidae,"3,036",1,"1,513",Public,Commercial,166972,ACCSP
2024,MASSACHUSETTS,SEAROBINS **,Triglidae,157,0,27,Public,Commercial,166972,ACCSP
2024,RHODE ISLAND,SEAROBINS **,Triglidae,"2,153",1,765,Public,Commercial,166972,ACCSP
2023,CONNECTICUT,SEAROBINS **,Triglidae,"4,389",2,998,Public,Commercial,166972,ACCSP
2023,MASSACHUSETTS,SEAROBINS **,Triglidae,233,0,65,Public,Commercial,166972,ACCSP
2023,RHODE ISLAND,SEAROBINS **,Triglidae,"2,509",1,712,Public,Commercial,166972,ACCSP
2022,CONNECTICUT,SEAROBINS **,Triglidae,"2,807",1,644,Public,Commercial,166972,ACCSP
2022,MASSACHUSETTS,SEAROBINS **,Triglidae,"3,779",2,776,Public,Commercial,166972,ACCSP
2022,RHODE ISLAND,SEAROBINS **,Triglidae,"1,369",1,315,Public,Commercial,166972,ACCSP
2021,CONNECTICUT,SEAROBINS **,Triglidae,"4,271",2,990,Public,Commercial,166972,ACCSP
2021,MASSACHUSETTS,SEAROBINS **,Triglidae,,,,Confidential,Commercial,166972,ACCSP
2021,RHODE ISLAND,SEAROBINS **,Triglidae,"1,576",1,504,Public,Commercial,166972,ACCSP
2024,CONNECTICUT,"SEATROUT, SAND",Cynoscion arenarius,10,0,11,Public,Commercial,169243,ACCSP
2024,RHODE ISLAND,"SEATROUT, SAND",Cynoscion arenarius,,,,Confidential,Commercial,169243,ACCSP
2024,CONNECTICUT,"SEATROUT, SPOTTED",Cynoscion nebulosus,637,0,"1,588",Public,Commercial,169239,ACCSP
2023,CONNECTICUT,"SEATROUT, SPOTTED",Cynoscion nebulosus,"4,280",2,"9,682",Public,Commercial,169239,ACCSP
2022,CONNECTICUT,"SEATROUT, SPOTTED",Cynoscion nebulosus,"2,165",1,"3,613",Public,Commercial,169239,ACCSP
2021,CONNECTICUT,"SEATROUT, SPOTTED",Cynoscion nebulosus,489,0,929,Public,Commercial,169239,ACCSP
2021,RHODE ISLAND,"SEATROUT, SPOTTED",Cynoscion nebulosus,,,,Confidential,Commercial,169239,ACCSP
2024,MAINE,SEAWEED **,Phaeophyta ,,,,Confidential,Commercial,660055,ACCSP
2023,MAINE,SEAWEED **,Phaeophyta ,"47,622",22,"15,743",Public,Commercial,660055,ACCSP
2022,MAINE,SEAWEED **,Phaeophyta ,"81,082",37,"53,121",Public,Commercial,660055,ACCSP
2021,MAINE,SEAWEED **,Phaeophyta ,,,,Confidential,Commercial,660055,ACCSP
2024,MAINE,"SEAWEED, BLADDER WRACK",Fucus vesiculosus,,,,Confidential,Commercial,11335,ACCSP
2023,MAINE,"SEAWEED, BLADDER WRACK",Fucus vesiculosus,,,,Confidential,Commercial,11335,ACCSP
2022,MAINE,"SEAWEED, BLADDER WRACK",Fucus vesiculosus,,,,Confidential,Commercial,11335,ACCSP
2021,MAINE,"SEAWEED, BLADDER WRACK",Fucus vesiculosus,,,,Confidential,Commercial,11335,ACCSP
2024,MAINE,"SEAWEED, DULSE",Palmaria palmata,,,,Confidential,Commercial,12842,ACCSP
2023,MAINE,"SEAWEED, DULSE",Palmaria palmata,,,,Confidential,Commercial,12842,ACCSP
2024,MAINE,"SEAWEED, IRISH MOSS",Chondrus crispus,,,,Confidential,Commercial,12092,ACCSP
2022,MAINE,"SEAWEED, IRISH MOSS",Chondrus crispus,,,,Confidential,Commercial,12092,ACCSP
2024,MAINE,"SEAWEED, KELP **",Laminaria,,,,Confidential,Commercial,11217,ACCSP
2023,MAINE,"SEAWEED, KELP **",Laminaria,,,,Confidential,Commercial,11217,ACCSP
2022,MAINE,"SEAWEED, KELP **",Laminaria,,,,Confidential,Commercial,11217,ACCSP
2021,MAINE,"SEAWEED, KELP **",Laminaria,,,,Confidential,Commercial,11217,ACCSP
2024,MAINE,"SEAWEED, KELP, FINGERED",Laminaria digitata,,,,Confidential,Commercial,11228,ACCSP
2023,MAINE,"SEAWEED, KELP, FINGERED",Laminaria digitata,,,,Confidential,Commercial,11228,ACCSP
2023,MASSACHUSETTS,"SEAWEED, KELP, FINGERED",Laminaria digitata,,,,Confidential,Commercial,11228,ACCSP
2021,MASSACHUSETTS,"SEAWEED, KELP, FINGERED",Laminaria digitata,,,,Confidential,Commercial,11228,ACCSP
2024,MAINE,"SEAWEED, KELP, SUGAR",Laminaria saccharina,"1,242,139",563,"893,342",Public,Commercial,11222,ACCSP
2023,MAINE,"SEAWEED, KELP, SUGAR",Laminaria saccharina,,,,Confidential,Commercial,11222,ACCSP
2022,MAINE,"SEAWEED, KELP, SUGAR",Laminaria saccharina,,,,Confidential,Commercial,11222,ACCSP
2021,MAINE,"SEAWEED, KELP, SUGAR",Laminaria saccharina,"594,725",270,"369,149",Public,Commercial,11222,ACCSP
2021,MASSACHUSETTS,"SEAWEED, KELP, SUGAR",Laminaria saccharina,,,,Confidential,Commercial,11222,ACCSP
2024,MAINE,"SEAWEED, KELP, WINGED",Alaria esculenta,,,,Confidential,Commercial,11300,ACCSP
2023,MAINE,"SEAWEED, KELP, WINGED",Alaria esculenta,,,,Confidential,Commercial,11300,ACCSP
2022,MAINE,"SEAWEED, KELP, WINGED",Alaria esculenta,,,,Confidential,Commercial,11300,ACCSP
2021,MAINE,"SEAWEED, KELP, WINGED",Alaria esculenta,,,,Confidential,Commercial,11300,ACCSP
2024,MAINE,"SEAWEED, ROCKWEED",Ascophyllum nodosum,"16,801,878","7,621","912,219",Public,Commercial,11331,ACCSP
2023,MAINE,"SEAWEED, ROCKWEED",Ascophyllum nodosum,"18,892,566","8,570","726,975",Public,Commercial,11331,ACCSP
2022,MAINE,"SEAWEED, ROCKWEED",Ascophyllum nodosum,"12,842,974","5,826","522,584",Public,Commercial,11331,ACCSP
2021,MAINE,"SEAWEED, ROCKWEED",Ascophyllum nodosum,"15,824,186","7,178","1,446,811",Public,Commercial,11331,ACCSP
2022,MAINE,"SEAWEED, ROCKWEEDS **",Fucaceae,,,,Confidential,Commercial,11329,ACCSP
2024,MAINE,"SEAWEED, SEA LETTUCE",Ulva lactuca,,,,Confidential,Commercial,6562,ACCSP
2023,MAINE,"SEAWEED, SEA LETTUCE",Ulva lactuca,,,,Confidential,Commercial,6562,ACCSP
2024,MAINE,"SEAWEED, WORMWEED **",Ascophyllum nodosum scorpioides,,,,Confidential,Commercial,11332,ACCSP
2023,MAINE,"SEAWEED, WORMWEED **",Ascophyllum nodosum scorpioides,,,,Confidential,Commercial,11332,ACCSP
2021,MAINE,"SEAWEED, WORMWEED **",Ascophyllum nodosum scorpioides,,,,Confidential,Commercial,11332,ACCSP
2024,CONNECTICUT,"SHAD, AMERICAN",Alosa sapidissima,"13,436",6,"44,857",Public,Commercial,161702,ACCSP
2024,RHODE ISLAND,"SHAD, AMERICAN",Alosa sapidissima,,,,Confidential,Commercial,161702,ACCSP
2023,CONNECTICUT,"SHAD, AMERICAN",Alosa sapidissima,"14,243",6,"47,791",Public,Commercial,161702,ACCSP
2023,RHODE ISLAND,"SHAD, AMERICAN",Alosa sapidissima,,,,Confidential,Commercial,161702,ACCSP
2022,CONNECTICUT,"SHAD, AMERICAN",Alosa sapidissima,"16,581",8,"51,002",Public,Commercial,161702,ACCSP
2022,RHODE ISLAND,"SHAD, AMERICAN",Alosa sapidissima,,,,Confidential,Commercial,161702,ACCSP
2021,CONNECTICUT,"SHAD, AMERICAN",Alosa sapidissima,"27,233",12,"47,040",Public,Commercial,161702,ACCSP
2021,RHODE ISLAND,"SHAD, AMERICAN",Alosa sapidissima,,,,Confidential,Commercial,161702,ACCSP
2024,CONNECTICUT,"SHAD, GIZZARD",Dorosoma cepedianum,98,0,17,Public,Commercial,161737,ACCSP
2022,CONNECTICUT,"SHAD, GIZZARD",Dorosoma cepedianum,58,0,13,Public,Commercial,161737,ACCSP
2021,CONNECTICUT,"SHAD, GIZZARD",Dorosoma cepedianum,5,0,1,Public,Commercial,161737,ACCSP
2024,CONNECTICUT,"SHAD, HICKORY",Alosa mediocris,780,0,"4,284",Public,Commercial,161704,ACCSP
2024,RHODE ISLAND,"SHAD, HICKORY",Alosa mediocris,,,,Confidential,Commercial,161704,ACCSP
2023,CONNECTICUT,"SHAD, HICKORY",Alosa mediocris,161,0,588,Public,Commercial,161704,ACCSP
2023,RHODE ISLAND,"SHAD, HICKORY",Alosa mediocris,"7,758",4,"3,082",Public,Commercial,161704,ACCSP
2022,CONNECTICUT,"SHAD, HICKORY",Alosa mediocris,"2,062",1,"1,330",Public,Commercial,161704,ACCSP
2022,RHODE ISLAND,"SHAD, HICKORY",Alosa mediocris,"2,147",1,"1,339",Public,Commercial,161704,ACCSP
2021,CONNECTICUT,"SHAD, HICKORY",Alosa mediocris,634,0,344,Public,Commercial,161704,ACCSP
2021,RHODE ISLAND,"SHAD, HICKORY",Alosa mediocris,,,,Confidential,Commercial,161704,ACCSP
2023,MASSACHUSETTS,SHARK FINS **,Unspecified,,,,Confidential,Commercial,2,EXCEPTIONS
2023,RHODE ISLAND,SHARK FINS **,Unspecified,,,,Confidential,Commercial,2,EXCEPTIONS
2022,RHODE ISLAND,SHARK FINS **,Unspecified,,,,Confidential,Commercial,2,EXCEPTIONS
2021,RHODE ISLAND,SHARK FINS **,Unspecified,,,,Confidential,Commercial,2,EXCEPTIONS
2024,MASSACHUSETTS,"SHARK, DOGFISH, BLACK",Centroscyllium Fabricii,,,,Confidential,Commercial,160703,ACCSP
2023,MASSACHUSETTS,"SHARK, DOGFISH, BLACK",Centroscyllium Fabricii,,,,Confidential,Commercial,160703,ACCSP
2022,MASSACHUSETTS,"SHARK, DOGFISH, BLACK",Centroscyllium Fabricii,,,,Confidential,Commercial,160703,ACCSP
2024,CONNECTICUT,"SHARK, DOGFISH, SMOOTH",Mustelus canis,"43,271",20,"27,819",Public,Commercial,160230,EXCEPTIONS
2024,MASSACHUSETTS,"SHARK, DOGFISH, SMOOTH",Mustelus canis,"5,856",3,"2,984",Public,Commercial,160230,EXCEPTIONS
2024,RHODE ISLAND,"SHARK, DOGFISH, SMOOTH",Mustelus canis,"30,850",14,"11,898",Public,Commercial,160230,EXCEPTIONS
2023,CONNECTICUT,"SHARK, DOGFISH, SMOOTH",Mustelus canis,"40,977",19,"24,876",Public,Commercial,160230,EXCEPTIONS
2023,MASSACHUSETTS,"SHARK, DOGFISH, SMOOTH",Mustelus canis,,,,Confidential,Commercial,160230,EXCEPTIONS
2023,RHODE ISLAND,"SHARK, DOGFISH, SMOOTH",Mustelus canis,"67,023",30,"42,862",Public,Commercial,160230,EXCEPTIONS
2022,CONNECTICUT,"SHARK, DOGFISH, SMOOTH",Mustelus canis,"38,044",17,"35,822",Public,Commercial,160230,EXCEPTIONS
2022,MASSACHUSETTS,"SHARK, DOGFISH, SMOOTH",Mustelus canis,"2,338",1,"1,063",Public,Commercial,160230,EXCEPTIONS
2022,RHODE ISLAND,"SHARK, DOGFISH, SMOOTH",Mustelus canis,"103,509",47,"46,253",Public,Commercial,160230,EXCEPTIONS
2021,CONNECTICUT,"SHARK, DOGFISH, SMOOTH",Mustelus canis,"48,872",22,"36,738",Public,Commercial,160230,EXCEPTIONS
2021,MASSACHUSETTS,"SHARK, DOGFISH, SMOOTH",Mustelus canis,,,,Confidential,Commercial,160230,EXCEPTIONS
2021,RHODE ISLAND,"SHARK, DOGFISH, SMOOTH",Mustelus canis,"115,252",52,"46,828",Public,Commercial,160230,EXCEPTIONS
2024,CONNECTICUT,"SHARK, DOGFISH, SPINY",Squalus acanthias,"1,550",1,465,Public,Commercial,160617,ACCSP
2024,MASSACHUSETTS,"SHARK, DOGFISH, SPINY",Squalus acanthias,"1,934,265",877,"485,456",Public,Commercial,160617,ACCSP
2024,NEW HAMPSHIRE,"SHARK, DOGFISH, SPINY",Squalus acanthias,,,,Confidential,Commercial,160617,ACCSP
2024,RHODE ISLAND,"SHARK, DOGFISH, SPINY",Squalus acanthias,"45,733",21,"14,069",Public,Commercial,160617,ACCSP
2023,CONNECTICUT,"SHARK, DOGFISH, SPINY",Squalus acanthias,830,0,266,Public,Commercial,160617,ACCSP
2023,MAINE,"SHARK, DOGFISH, SPINY",Squalus acanthias,,,,Confidential,Commercial,160617,ACCSP
2023,MASSACHUSETTS,"SHARK, DOGFISH, SPINY",Squalus acanthias,"2,763,959","1,254","695,145",Public,Commercial,160617,ACCSP
2023,NEW HAMPSHIRE,"SHARK, DOGFISH, SPINY",Squalus acanthias,,,,Confidential,Commercial,160617,ACCSP
2023,RHODE ISLAND,"SHARK, DOGFISH, SPINY",Squalus acanthias,"33,340",15,"14,528",Public,Commercial,160617,ACCSP
2022,CONNECTICUT,"SHARK, DOGFISH, SPINY",Squalus acanthias,"1,050",0,185,Public,Commercial,160617,ACCSP
2022,MAINE,"SHARK, DOGFISH, SPINY",Squalus acanthias,,,,Confidential,Commercial,160617,ACCSP
2022,MASSACHUSETTS,"SHARK, DOGFISH, SPINY",Squalus acanthias,"3,834,524","1,739","987,078",Public,Commercial,160617,ACCSP
2022,NEW HAMPSHIRE,"SHARK, DOGFISH, SPINY",Squalus acanthias,,,,Confidential,Commercial,160617,ACCSP
2022,RHODE ISLAND,"SHARK, DOGFISH, SPINY",Squalus acanthias,"21,035",10,"5,623",Public,Commercial,160617,ACCSP
2021,CONNECTICUT,"SHARK, DOGFISH, SPINY",Squalus acanthias,"7,235",3,886,Public,Commercial,160617,ACCSP
2021,MASSACHUSETTS,"SHARK, DOGFISH, SPINY",Squalus acanthias,"3,770,591","1,710","875,019",Public,Commercial,160617,ACCSP
2021,NEW HAMPSHIRE,"SHARK, DOGFISH, SPINY",Squalus acanthias,,,,Confidential,Commercial,160617,ACCSP
2021,RHODE ISLAND,"SHARK, DOGFISH, SPINY",Squalus acanthias,"106,386",48,"21,649",Public,Commercial,160617,ACCSP
2023,RHODE ISLAND,"SHARK, HAMMERHEAD, GREAT",Sphyrna mokarran,,,,Confidential,Commercial,160515,EXCEPTIONS
2021,RHODE ISLAND,"SHARK, HAMMERHEAD, GREAT",Sphyrna mokarran,,,,Confidential,Commercial,160515,EXCEPTIONS
2022,MASSACHUSETTS,"SHARK, MAKO, SHORTFIN",Isurus oxyrinchus,,,,Confidential,Commercial,159924,EXCEPTIONS
2022,RHODE ISLAND,"SHARK, MAKO, SHORTFIN",Isurus oxyrinchus,,,,Confidential,Commercial,159924,EXCEPTIONS
2021,CONNECTICUT,"SHARK, MAKO, SHORTFIN",Isurus oxyrinchus,,,,Confidential,Commercial,159924,EXCEPTIONS
2021,MASSACHUSETTS,"SHARK, MAKO, SHORTFIN",Isurus oxyrinchus,,,,Confidential,Commercial,159924,EXCEPTIONS
2021,RHODE ISLAND,"SHARK, MAKO, SHORTFIN",Isurus oxyrinchus,,,,Confidential,Commercial,159924,EXCEPTIONS
2024,MASSACHUSETTS,"SHARK, PORBEAGLE",Lamna nasus,,,,Confidential,Commercial,159911,EXCEPTIONS
2023,MASSACHUSETTS,"SHARK, PORBEAGLE",Lamna nasus,,,,Confidential,Commercial,159911,EXCEPTIONS
2021,MASSACHUSETTS,"SHARK, PORBEAGLE",Lamna nasus,,,,Confidential,Commercial,159911,EXCEPTIONS
2021,CONNECTICUT,"SHARK, SPINNER",Carcharhinus brevipinna,,,,Confidential,Commercial,160401,EXCEPTIONS
2024,MASSACHUSETTS,"SHARK, THRESHER",Alopias vulpinus,,,,Confidential,Commercial,159916,EXCEPTIONS
2024,RHODE ISLAND,"SHARK, THRESHER",Alopias vulpinus,,,,Confidential,Commercial,159916,EXCEPTIONS
2023,MASSACHUSETTS,"SHARK, THRESHER",Alopias vulpinus,,,,Confidential,Commercial,159916,EXCEPTIONS
2023,RHODE ISLAND,"SHARK, THRESHER",Alopias vulpinus,,,,Confidential,Commercial,159916,EXCEPTIONS
2022,MASSACHUSETTS,"SHARK, THRESHER",Alopias vulpinus,,,,Confidential,Commercial,159916,EXCEPTIONS
2022,RHODE ISLAND,"SHARK, THRESHER",Alopias vulpinus,,,,Confidential,Commercial,159916,EXCEPTIONS
2021,RHODE ISLAND,"SHARK, THRESHER",Alopias vulpinus,,,,Confidential,Commercial,159916,EXCEPTIONS
2023,CONNECTICUT,SHEEPSHEAD,Archosargus probatocephalus,3,0,6,Public,Commercial,169189,ACCSP
2023,RHODE ISLAND,SHEEPSHEAD,Archosargus probatocephalus,15,0,24,Public,Commercial,169189,ACCSP
2021,CONNECTICUT,"SHINER, GOLDEN",Notemigonus Crysoleucas,101,0,101,Public,Commercial,163368,ACCSP
2024,RHODE ISLAND,"SHRIMP, NORTHERN PINK",Penaeus duorarum,,,,Confidential,Commercial,95608,ACCSP
2021,CONNECTICUT,SHRIMPS **,Caridea,587,0,"3,492",Public,Commercial,96106,ACCSP
2024,CONNECTICUT,"SHRIMPS, MANTIS **",Stomatopoda,199,0,"2,010",Public,Commercial,99140,ACCSP
2024,RHODE ISLAND,"SHRIMPS, MANTIS **",Stomatopoda,"10,604",5,"95,591",Public,Commercial,99140,ACCSP
2023,CONNECTICUT,"SHRIMPS, MANTIS **",Stomatopoda,"1,540",1,"13,506",Public,Commercial,99140,ACCSP
2023,RHODE ISLAND,"SHRIMPS, MANTIS **",Stomatopoda,,,,Confidential,Commercial,99140,ACCSP
2022,CONNECTICUT,"SHRIMPS, MANTIS **",Stomatopoda,"1,029",0,"5,190",Public,Commercial,99140,ACCSP
2022,RHODE ISLAND,"SHRIMPS, MANTIS **",Stomatopoda,"24,780",11,"311,976",Public,Commercial,99140,ACCSP
2021,CONNECTICUT,"SHRIMPS, MANTIS **",Stomatopoda,413,0,"2,700",Public,Commercial,99140,ACCSP
2021,RHODE ISLAND,"SHRIMPS, MANTIS **",Stomatopoda,"42,445",19,"466,663",Public,Commercial,99140,ACCSP
2021,CONNECTICUT,"SHRIMPS, PENAEID **",Penaeidae,8,0,9,Public,Commercial,95602,ACCSP
2021,RHODE ISLAND,"SHRIMPS, PENAEID **",Penaeidae,,,,Confidential,Commercial,95602,ACCSP
2023,CONNECTICUT,"SILVERSIDE, ATLANTIC",Menidia menidia,49,0,63,Public,Commercial,165994,ACCSP
2023,MASSACHUSETTS,"SILVERSIDE, ATLANTIC",Menidia menidia,,,,Confidential,Commercial,165994,ACCSP
2022,MASSACHUSETTS,"SILVERSIDE, ATLANTIC",Menidia menidia,,,,Confidential,Commercial,165994,ACCSP
2021,CONNECTICUT,"SILVERSIDE, ATLANTIC",Menidia menidia,730,0,"5,720",Public,Commercial,165994,ACCSP
2024,MASSACHUSETTS,"SILVERSIDES, ATHERINIDAE (FAMILY) **",Atherinidae,,,,Confidential,Commercial,165984,ACCSP
2021,MAINE,"SILVERSIDES, ATHERINIDAE (FAMILY) **",Atherinidae,,,,Confidential,Commercial,165984,ACCSP
2024,CONNECTICUT,"SKATE, BARNDOOR",Dipturus laevis,79,0,26,Public,Commercial,564139,ACCSP
2024,MAINE,"SKATE, BARNDOOR",Dipturus laevis,,,,Confidential,Commercial,564139,ACCSP
2024,MASSACHUSETTS,"SKATE, BARNDOOR",Dipturus laevis,"244,422",111,"83,785",Public,Commercial,564139,ACCSP
2024,NEW HAMPSHIRE,"SKATE, BARNDOOR",Dipturus laevis,,,,Confidential,Commercial,564139,ACCSP
2024,RHODE ISLAND,"SKATE, BARNDOOR",Dipturus laevis,"185,588",84,"64,619",Public,Commercial,564139,ACCSP
2023,MAINE,"SKATE, BARNDOOR",Dipturus laevis,,,,Confidential,Commercial,564139,ACCSP
2023,MASSACHUSETTS,"SKATE, BARNDOOR",Dipturus laevis,"203,641",92,"66,822",Public,Commercial,564139,ACCSP
2023,NEW HAMPSHIRE,"SKATE, BARNDOOR",Dipturus laevis,,,,Confidential,Commercial,564139,ACCSP
2023,RHODE ISLAND,"SKATE, BARNDOOR",Dipturus laevis,,,,Confidential,Commercial,564139,ACCSP
2022,MAINE,"SKATE, BARNDOOR",Dipturus laevis,,,,Confidential,Commercial,564139,ACCSP
2022,MASSACHUSETTS,"SKATE, BARNDOOR",Dipturus laevis,,,,Confidential,Commercial,564139,ACCSP
2022,RHODE ISLAND,"SKATE, BARNDOOR",Dipturus laevis,,,,Confidential,Commercial,564139,ACCSP
2021,MAINE,"SKATE, BARNDOOR",Dipturus laevis,"1,654",1,"2,784",Public,Commercial,564139,ACCSP
2021,MASSACHUSETTS,"SKATE, BARNDOOR",Dipturus laevis,"308,425",140,"67,738",Public,Commercial,564139,ACCSP
2021,NEW HAMPSHIRE,"SKATE, BARNDOOR",Dipturus laevis,,,,Confidential,Commercial,564139,ACCSP
2021,RHODE ISLAND,"SKATE, BARNDOOR",Dipturus laevis,,,,Confidential,Commercial,564139,ACCSP
2024,CONNECTICUT,"SKATE, CLEARNOSE",Raja eglanteria,"2,000",1,860,Public,Commercial,160855,ACCSP
2024,RHODE ISLAND,"SKATE, CLEARNOSE",Raja eglanteria,,,,Confidential,Commercial,160855,ACCSP
2022,CONNECTICUT,"SKATE, CLEARNOSE",Raja eglanteria,"1,300",1,364,Public,Commercial,160855,ACCSP
2021,CONNECTICUT,"SKATE, CLEARNOSE",Raja eglanteria,"8,800",4,"5,192",Public,Commercial,160855,ACCSP
2024,CONNECTICUT,"SKATE, LITTLE",Leucoraja erinacea,"74,400",34,"7,720",Public,Commercial,564130,ACCSP
2024,MASSACHUSETTS,"SKATE, LITTLE",Leucoraja erinacea,"215,406",98,"39,378",Public,Commercial,564130,ACCSP
2024,RHODE ISLAND,"SKATE, LITTLE",Leucoraja erinacea,"4,882,777","2,215","1,297,500",Public,Commercial,564130,ACCSP
2023,CONNECTICUT,"SKATE, LITTLE",Leucoraja erinacea,"106,000",48,"10,600",Public,Commercial,564130,ACCSP
2023,MASSACHUSETTS,"SKATE, LITTLE",Leucoraja erinacea,"373,591",169,"83,583",Public,Commercial,564130,ACCSP
2023,RHODE ISLAND,"SKATE, LITTLE",Leucoraja erinacea,"4,305,757","1,953","1,672,608",Public,Commercial,564130,ACCSP
2022,CONNECTICUT,"SKATE, LITTLE",Leucoraja erinacea,"183,150",83,"21,766",Public,Commercial,564130,ACCSP
2022,MASSACHUSETTS,"SKATE, LITTLE",Leucoraja erinacea,"1,058,491",480,"308,131",Public,Commercial,564130,ACCSP
2022,NEW HAMPSHIRE,"SKATE, LITTLE",Leucoraja erinacea,,,,Confidential,Commercial,564130,ACCSP
2022,RHODE ISLAND,"SKATE, LITTLE",Leucoraja erinacea,"4,301,328","1,951","1,177,987",Public,Commercial,564130,ACCSP
2021,CONNECTICUT,"SKATE, LITTLE",Leucoraja erinacea,"522,500",237,"52,250",Public,Commercial,564130,ACCSP
2021,MASSACHUSETTS,"SKATE, LITTLE",Leucoraja erinacea,"312,210",142,"49,159",Public,Commercial,564130,ACCSP
2021,NEW HAMPSHIRE,"SKATE, LITTLE",Leucoraja erinacea,,,,Confidential,Commercial,564130,ACCSP
2021,RHODE ISLAND,"SKATE, LITTLE",Leucoraja erinacea,"4,283,271","1,943","791,217",Public,Commercial,564130,ACCSP
2024,CONNECTICUT,"SKATE, SMOOTH",Malacoraja senta,"168,640",76,"131,711",Public,Commercial,564151,ACCSP
2024,MASSACHUSETTS,"SKATE, SMOOTH",Malacoraja senta,,,,Confidential,Commercial,564151,ACCSP
2024,RHODE ISLAND,"SKATE, SMOOTH",Malacoraja senta,,,,Confidential,Commercial,564151,ACCSP
2023,CONNECTICUT,"SKATE, SMOOTH",Malacoraja senta,"1,205,154",547,"332,563",Public,Commercial,564151,ACCSP
2023,MASSACHUSETTS,"SKATE, SMOOTH",Malacoraja senta,,,,Confidential,Commercial,564151,ACCSP
2023,RHODE ISLAND,"SKATE, SMOOTH",Malacoraja senta,,,,Confidential,Commercial,564151,ACCSP
2022,CONNECTICUT,"SKATE, SMOOTH",Malacoraja senta,"45,745",21,"16,978",Public,Commercial,564151,ACCSP
2022,RHODE ISLAND,"SKATE, SMOOTH",Malacoraja senta,,,,Confidential,Commercial,564151,ACCSP
2021,CONNECTICUT,"SKATE, SMOOTH",Malacoraja senta,"17,550",8,"6,320",Public,Commercial,564151,ACCSP
2021,MASSACHUSETTS,"SKATE, SMOOTH",Malacoraja senta,,,,Confidential,Commercial,564151,ACCSP
2021,NEW HAMPSHIRE,"SKATE, SMOOTH",Malacoraja senta,,,,Confidential,Commercial,564151,ACCSP
2021,RHODE ISLAND,"SKATE, SMOOTH",Malacoraja senta,,,,Confidential,Commercial,564151,ACCSP
2023,CONNECTICUT,"SKATE, THORNY",Amblyraja radiata,"19,005",9,"7,810",Public,Commercial,564149,ACCSP
2023,MASSACHUSETTS,"SKATE, THORNY",Amblyraja radiata,,,,Confidential,Commercial,564149,ACCSP
2022,MASSACHUSETTS,"SKATE, THORNY",Amblyraja radiata,,,,Confidential,Commercial,564149,ACCSP
2021,RHODE ISLAND,"SKATE, THORNY",Amblyraja radiata,,,,Confidential,Commercial,564149,ACCSP
2024,CONNECTICUT,"SKATE, WINTER",Leucoraja ocellata,"559,559",254,"156,176",Public,Commercial,564145,ACCSP
2024,MAINE,"SKATE, WINTER",Leucoraja ocellata,,,,Confidential,Commercial,564145,ACCSP
2024,MASSACHUSETTS,"SKATE, WINTER",Leucoraja ocellata,"10,191,377","4,623","3,764,996",Public,Commercial,564145,ACCSP
2024,NEW HAMPSHIRE,"SKATE, WINTER",Leucoraja ocellata,,,,Confidential,Commercial,564145,ACCSP
2024,RHODE ISLAND,"SKATE, WINTER",Leucoraja ocellata,"4,314,576","1,957","1,419,591",Public,Commercial,564145,ACCSP
2023,CONNECTICUT,"SKATE, WINTER",Leucoraja ocellata,"26,489",12,"9,340",Public,Commercial,564145,ACCSP
2023,MAINE,"SKATE, WINTER",Leucoraja ocellata,,,,Confidential,Commercial,564145,ACCSP
2023,MASSACHUSETTS,"SKATE, WINTER",Leucoraja ocellata,"7,286,597","3,305","2,086,500",Public,Commercial,564145,ACCSP
2023,NEW HAMPSHIRE,"SKATE, WINTER",Leucoraja ocellata,,,,Confidential,Commercial,564145,ACCSP
2023,RHODE ISLAND,"SKATE, WINTER",Leucoraja ocellata,"4,452,865","2,020","1,477,627",Public,Commercial,564145,ACCSP
2022,CONNECTICUT,"SKATE, WINTER",Leucoraja ocellata,"1,322,080",600,"305,709",Public,Commercial,564145,ACCSP
2022,MAINE,"SKATE, WINTER",Leucoraja ocellata,,,,Confidential,Commercial,564145,ACCSP
2022,MASSACHUSETTS,"SKATE, WINTER",Leucoraja ocellata,"6,359,426","2,885","1,680,822",Public,Commercial,564145,ACCSP
2022,NEW HAMPSHIRE,"SKATE, WINTER",Leucoraja ocellata,,,,Confidential,Commercial,564145,ACCSP
2022,RHODE ISLAND,"SKATE, WINTER",Leucoraja ocellata,"3,398,978","1,542","823,164",Public,Commercial,564145,ACCSP
2021,CONNECTICUT,"SKATE, WINTER",Leucoraja ocellata,"857,962",389,"174,275",Public,Commercial,564145,ACCSP
2021,MAINE,"SKATE, WINTER",Leucoraja ocellata,,,,Confidential,Commercial,564145,ACCSP
2021,MASSACHUSETTS,"SKATE, WINTER",Leucoraja ocellata,"6,165,844","2,797","1,262,011",Public,Commercial,564145,ACCSP
2021,NEW HAMPSHIRE,"SKATE, WINTER",Leucoraja ocellata,,,,Confidential,Commercial,564145,ACCSP
2021,RHODE ISLAND,"SKATE, WINTER",Leucoraja ocellata,"3,455,017","1,567","679,259",Public,Commercial,564145,ACCSP
2024,CONNECTICUT,"SKATES, RAJIDAE (FAMILY) **",Rajidae,"488,207",221,"871,801",Public,Commercial,160845,ACCSP
2024,MASSACHUSETTS,"SKATES, RAJIDAE (FAMILY) **",Rajidae,"20,706",9,"6,742",Public,Commercial,160845,ACCSP
2024,RHODE ISLAND,"SKATES, RAJIDAE (FAMILY) **",Rajidae,,,,Confidential,Commercial,160845,ACCSP
2023,CONNECTICUT,"SKATES, RAJIDAE (FAMILY) **",Rajidae,"1,135,570",515,"2,169,562",Public,Commercial,160845,ACCSP
2023,MASSACHUSETTS,"SKATES, RAJIDAE (FAMILY) **",Rajidae,,,,Confidential,Commercial,160845,ACCSP
2023,RHODE ISLAND,"SKATES, RAJIDAE (FAMILY) **",Rajidae,,,,Confidential,Commercial,160845,ACCSP
2022,CONNECTICUT,"SKATES, RAJIDAE (FAMILY) **",Rajidae,"1,165,992",529,"746,257",Public,Commercial,160845,ACCSP
2022,MASSACHUSETTS,"SKATES, RAJIDAE (FAMILY) **",Rajidae,"77,283",35,"21,304",Public,Commercial,160845,ACCSP
2022,RHODE ISLAND,"SKATES, RAJIDAE (FAMILY) **",Rajidae,,,,Confidential,Commercial,160845,ACCSP
2021,CONNECTICUT,"SKATES, RAJIDAE (FAMILY) **",Rajidae,"352,034",160,"261,871",Public,Commercial,160845,ACCSP
2021,MASSACHUSETTS,"SKATES, RAJIDAE (FAMILY) **",Rajidae,"21,631",10,"3,656",Public,Commercial,160845,ACCSP
2021,RHODE ISLAND,"SKATES, RAJIDAE (FAMILY) **",Rajidae,,,,Confidential,Commercial,160845,ACCSP
2021,MAINE,SMELTS **,Osmeridae,,,,Confidential,Commercial,162028,ACCSP
2024,RHODE ISLAND,"SNAIL, SLIPPER LIMPET",Crepidula fornicata,,,,Confidential,Commercial,72623,ACCSP
2023,RHODE ISLAND,"SNAIL, SLIPPER LIMPET",Crepidula fornicata,,,,Confidential,Commercial,72623,ACCSP
2022,RHODE ISLAND,"SNAIL, SLIPPER LIMPET",Crepidula fornicata,,,,Confidential,Commercial,72623,ACCSP
2024,MASSACHUSETTS,"SNAILS, MOON **",Naticidae,"32,532",15,"20,341",Public,Commercial,72878,ACCSP
2023,MAINE,"SNAILS, MOON **",Naticidae,,,,Confidential,Commercial,72878,ACCSP
2023,MASSACHUSETTS,"SNAILS, MOON **",Naticidae,"26,106",12,"24,249",Public,Commercial,72878,ACCSP
2022,MASSACHUSETTS,"SNAILS, MOON **",Naticidae,,,,Confidential,Commercial,72878,ACCSP
2021,MASSACHUSETTS,"SNAILS, MOON **",Naticidae,"3,297",1,"2,753",Public,Commercial,72878,ACCSP
2024,CONNECTICUT,"SNAPPER, DOG",Lutjanus jocu,465,0,442,Public,Commercial,168857,ACCSP
2022,RHODE ISLAND,"SNAPPER, RED",Lutjanus campechanus,,,,Confidential,Commercial,168853,ACCSP
2024,RHODE ISLAND,SPADEFISH **,Ephippidae ,,,,Confidential,Commercial,553178,ACCSP
2024,CONNECTICUT,SPOT,Leiostomus xanthurus,"7,617",3,"4,113",Public,Commercial,169267,ACCSP
2024,RHODE ISLAND,SPOT,Leiostomus xanthurus,"40,598",18,"33,806",Public,Commercial,169267,ACCSP
2023,CONNECTICUT,SPOT,Leiostomus xanthurus,"4,168",2,"4,266",Public,Commercial,169267,ACCSP
2023,RHODE ISLAND,SPOT,Leiostomus xanthurus,"1,677",1,699,Public,Commercial,169267,ACCSP
2022,CONNECTICUT,SPOT,Leiostomus xanthurus,68,0,75,Public,Commercial,169267,ACCSP
2022,MASSACHUSETTS,SPOT,Leiostomus xanthurus,,,,Confidential,Commercial,169267,ACCSP
2022,RHODE ISLAND,SPOT,Leiostomus xanthurus,,,,Confidential,Commercial,169267,ACCSP
2021,CONNECTICUT,SPOT,Leiostomus xanthurus,33,0,41,Public,Commercial,169267,ACCSP
2021,RHODE ISLAND,SPOT,Leiostomus xanthurus,,,,Confidential,Commercial,169267,ACCSP
2024,CONNECTICUT,"SQUID, LONGFIN LOLIGO",Loligo pealeii,"169,581",77,"270,563",Public,Commercial,82372,ACCSP
2024,MAINE,"SQUID, LONGFIN LOLIGO",Loligo pealeii,,,,Confidential,Commercial,82372,ACCSP
2024,MASSACHUSETTS,"SQUID, LONGFIN LOLIGO",Loligo pealeii,"749,551",340,"931,015",Public,Commercial,82372,ACCSP
2024,RHODE ISLAND,"SQUID, LONGFIN LOLIGO",Loligo pealeii,"19,354,844","8,779","19,787,504",Public,Commercial,82372,ACCSP
2023,CONNECTICUT,"SQUID, LONGFIN LOLIGO",Loligo pealeii,"513,964",233,"520,041",Public,Commercial,82372,ACCSP
2023,MAINE,"SQUID, LONGFIN LOLIGO",Loligo pealeii,,,,Confidential,Commercial,82372,ACCSP
2023,MASSACHUSETTS,"SQUID, LONGFIN LOLIGO",Loligo pealeii,"2,858,997","1,297","2,823,579",Public,Commercial,82372,ACCSP
2023,NEW HAMPSHIRE,"SQUID, LONGFIN LOLIGO",Loligo pealeii,,,,Confidential,Commercial,82372,ACCSP
2023,RHODE ISLAND,"SQUID, LONGFIN LOLIGO",Loligo pealeii,"26,277,374","11,919","25,685,463",Public,Commercial,82372,ACCSP
2022,CONNECTICUT,"SQUID, LONGFIN LOLIGO",Loligo pealeii,"1,011,667",459,"1,596,887",Public,Commercial,82372,ACCSP
2022,MAINE,"SQUID, LONGFIN LOLIGO",Loligo pealeii,,,,Confidential,Commercial,82372,ACCSP
2022,MASSACHUSETTS,"SQUID, LONGFIN LOLIGO",Loligo pealeii,"4,239,575","1,923","7,208,624",Public,Commercial,82372,ACCSP
2022,NEW HAMPSHIRE,"SQUID, LONGFIN LOLIGO",Loligo pealeii,,,,Confidential,Commercial,82372,ACCSP
2022,RHODE ISLAND,"SQUID, LONGFIN LOLIGO",Loligo pealeii,"25,328,564","11,489","37,043,104",Public,Commercial,82372,ACCSP
2021,CONNECTICUT,"SQUID, LONGFIN LOLIGO",Loligo pealeii,"787,336",357,"1,163,644",Public,Commercial,82372,ACCSP
2021,MAINE,"SQUID, LONGFIN LOLIGO",Loligo pealeii,,,,Confidential,Commercial,82372,ACCSP
2021,MASSACHUSETTS,"SQUID, LONGFIN LOLIGO",Loligo pealeii,"1,704,868",773,"3,020,466",Public,Commercial,82372,ACCSP
2021,NEW HAMPSHIRE,"SQUID, LONGFIN LOLIGO",Loligo pealeii,,,,Confidential,Commercial,82372,ACCSP
2021,RHODE ISLAND,"SQUID, LONGFIN LOLIGO",Loligo pealeii,"14,730,912","6,682","20,003,399",Public,Commercial,82372,ACCSP
2024,MASSACHUSETTS,"SQUID, SHORTFIN ILLEX",Illex illecebrosus,"19,469",9,"8,866",Public,Commercial,82521,ACCSP
2024,RHODE ISLAND,"SQUID, SHORTFIN ILLEX",Illex illecebrosus,"6,937,151","3,147","5,743,260",Public,Commercial,82521,ACCSP
2023,MASSACHUSETTS,"SQUID, SHORTFIN ILLEX",Illex illecebrosus,"276,268",125,"127,898",Public,Commercial,82521,ACCSP
2023,NEW HAMPSHIRE,"SQUID, SHORTFIN ILLEX",Illex illecebrosus,,,,Confidential,Commercial,82521,ACCSP
2023,RHODE ISLAND,"SQUID, SHORTFIN ILLEX",Illex illecebrosus,"4,433,247","2,011","3,160,086",Public,Commercial,82521,ACCSP
2022,MASSACHUSETTS,"SQUID, SHORTFIN ILLEX",Illex illecebrosus,"1,145,328",520,"668,650",Public,Commercial,82521,ACCSP
2022,RHODE ISLAND,"SQUID, SHORTFIN ILLEX",Illex illecebrosus,"6,211,206","2,817","4,140,697",Public,Commercial,82521,ACCSP
2021,CONNECTICUT,"SQUID, SHORTFIN ILLEX",Illex illecebrosus,"1,260",1,"2,952",Public,Commercial,82521,ACCSP
2021,MAINE,"SQUID, SHORTFIN ILLEX",Illex illecebrosus,746,0,"3,031",Public,Commercial,82521,ACCSP
2021,MASSACHUSETTS,"SQUID, SHORTFIN ILLEX",Illex illecebrosus,"15,046,031","6,825","5,893,468",Public,Commercial,82521,ACCSP
2021,NEW HAMPSHIRE,"SQUID, SHORTFIN ILLEX",Illex illecebrosus,,,,Confidential,Commercial,82521,ACCSP
2021,RHODE ISLAND,"SQUID, SHORTFIN ILLEX",Illex illecebrosus,"23,988,253","10,881","13,709,324",Public,Commercial,82521,ACCSP
2023,RHODE ISLAND,"STINGRAY, ATLANTIC",Dasyatis sabina,,,,Confidential,Commercial,160953,ACCSP
2021,RHODE ISLAND,"STINGRAY, ATLANTIC",Dasyatis sabina,,,,Confidential,Commercial,160953,ACCSP
2021,CONNECTICUT,"STURGEON, SHORTNOSE",Acipenser brevirostrum,24,0,,Public,Commercial,161069,ACCSP
2022,CONNECTICUT,STURGEONS **,Acipenseridae,35,0,,Public,Commercial,161064,ACCSP
2023,MAINE,SUCKERS **,Catostomidae,,,,Confidential,Commercial,163892,ACCSP
2024,CONNECTICUT,SWORDFISH,Xiphias gladius,"49,091",22,"186,725",Public,Commercial,172482,EXCEPTIONS
2024,MASSACHUSETTS,SWORDFISH,Xiphias gladius,"30,164",14,"129,330",Public,Commercial,172482,EXCEPTIONS
2024,NEW HAMPSHIRE,SWORDFISH,Xiphias gladius,,,,Confidential,Commercial,172482,EXCEPTIONS
2024,RHODE ISLAND,SWORDFISH,Xiphias gladius,"18,946",9,"61,501",Public,Commercial,172482,EXCEPTIONS
2023,CONNECTICUT,SWORDFISH,Xiphias gladius,"23,573",11,"85,755",Public,Commercial,172482,EXCEPTIONS
2023,MASSACHUSETTS,SWORDFISH,Xiphias gladius,"132,874",60,"447,583",Public,Commercial,172482,EXCEPTIONS
2023,RHODE ISLAND,SWORDFISH,Xiphias gladius,"74,289",34,"347,011",Public,Commercial,172482,EXCEPTIONS
2022,CONNECTICUT,SWORDFISH,Xiphias gladius,,,,Confidential,Commercial,172482,EXCEPTIONS
2022,MASSACHUSETTS,SWORDFISH,Xiphias gladius,"159,699",72,"537,356",Public,Commercial,172482,EXCEPTIONS
2022,RHODE ISLAND,SWORDFISH,Xiphias gladius,"118,149",54,"471,787",Public,Commercial,172482,EXCEPTIONS
2021,CONNECTICUT,SWORDFISH,Xiphias gladius,"21,329",10,"103,598",Public,Commercial,172482,EXCEPTIONS
2021,MAINE,SWORDFISH,Xiphias gladius,,,,Confidential,Commercial,172482,EXCEPTIONS
2021,MASSACHUSETTS,SWORDFISH,Xiphias gladius,"34,446",16,"142,194",Public,Commercial,172482,EXCEPTIONS
2021,NEW HAMPSHIRE,SWORDFISH,Xiphias gladius,,,,Confidential,Commercial,172482,EXCEPTIONS
2021,RHODE ISLAND,SWORDFISH,Xiphias gladius,"83,011",38,"338,364",Public,Commercial,172482,EXCEPTIONS
2023,MASSACHUSETTS,TARPON,Megalops atlanticus,,,,Confidential,Commercial,161116,ACCSP
2022,MASSACHUSETTS,TARPON,Megalops atlanticus,,,,Confidential,Commercial,161116,ACCSP
2021,MASSACHUSETTS,TARPON,Megalops atlanticus,,,,Confidential,Commercial,161116,ACCSP
2024,CONNECTICUT,TAUTOG,Tautoga onitis,"29,114",13,"130,192",Public,Commercial,170479,ACCSP
2024,MASSACHUSETTS,TAUTOG,Tautoga onitis,"68,053",31,"325,507",Public,Commercial,170479,ACCSP
2024,RHODE ISLAND,TAUTOG,Tautoga onitis,"51,785",23,"224,679",Public,Commercial,170479,ACCSP
2023,CONNECTICUT,TAUTOG,Tautoga onitis,"15,891",7,"64,514",Public,Commercial,170479,ACCSP
2023,MASSACHUSETTS,TAUTOG,Tautoga onitis,"60,301",27,"294,201",Public,Commercial,170479,ACCSP
2023,RHODE ISLAND,TAUTOG,Tautoga onitis,"51,366",23,"204,114",Public,Commercial,170479,ACCSP
2022,CONNECTICUT,TAUTOG,Tautoga onitis,"16,514",7,"64,660",Public,Commercial,170479,ACCSP
2022,MASSACHUSETTS,TAUTOG,Tautoga onitis,"71,392",32,"367,858",Public,Commercial,170479,ACCSP
2022,RHODE ISLAND,TAUTOG,Tautoga onitis,"51,919",24,"204,707",Public,Commercial,170479,ACCSP
2021,CONNECTICUT,TAUTOG,Tautoga onitis,"16,504",7,"57,498",Public,Commercial,170479,ACCSP
2021,MASSACHUSETTS,TAUTOG,Tautoga onitis,"68,865",31,"344,769",Public,Commercial,170479,ACCSP
2021,RHODE ISLAND,TAUTOG,Tautoga onitis,"50,164",23,"180,723",Public,Commercial,170479,ACCSP
2024,RHODE ISLAND,"TILEFISH, BLUELINE",Caulolatilus microps,,,,Confidential,Commercial,168543,ACCSP
2023,CONNECTICUT,"TILEFISH, BLUELINE",Caulolatilus microps,109,0,498,Public,Commercial,168543,ACCSP
2023,MASSACHUSETTS,"TILEFISH, BLUELINE",Caulolatilus microps,,,,Confidential,Commercial,168543,ACCSP
2023,RHODE ISLAND,"TILEFISH, BLUELINE",Caulolatilus microps,923,0,"1,494",Public,Commercial,168543,ACCSP
2022,CONNECTICUT,"TILEFISH, BLUELINE",Caulolatilus microps,80,0,132,Public,Commercial,168543,ACCSP
2022,RHODE ISLAND,"TILEFISH, BLUELINE",Caulolatilus microps,"3,904",2,"9,579",Public,Commercial,168543,ACCSP
2021,MASSACHUSETTS,"TILEFISH, BLUELINE",Caulolatilus microps,,,,Confidential,Commercial,168543,ACCSP
2021,RHODE ISLAND,"TILEFISH, BLUELINE",Caulolatilus microps,"1,177",1,"2,920",Public,Commercial,168543,ACCSP
2024,CONNECTICUT,"TILEFISH, GOLDEN",Lopholatilus chamaeleonticeps,627,0,"1,697",Public,Commercial,168546,ACCSP
2024,MASSACHUSETTS,"TILEFISH, GOLDEN",Lopholatilus chamaeleonticeps,"2,218",1,"6,082",Public,Commercial,168546,ACCSP
2024,RHODE ISLAND,"TILEFISH, GOLDEN",Lopholatilus chamaeleonticeps,"27,234",12,"33,368",Public,Commercial,168546,ACCSP
2023,CONNECTICUT,"TILEFISH, GOLDEN",Lopholatilus chamaeleonticeps,962,0,"2,705",Public,Commercial,168546,ACCSP
2023,MASSACHUSETTS,"TILEFISH, GOLDEN",Lopholatilus chamaeleonticeps,"1,398",1,"5,520",Public,Commercial,168546,ACCSP
2023,RHODE ISLAND,"TILEFISH, GOLDEN",Lopholatilus chamaeleonticeps,"24,061",11,"36,593",Public,Commercial,168546,ACCSP
2022,CONNECTICUT,"TILEFISH, GOLDEN",Lopholatilus chamaeleonticeps,"1,864",1,"3,389",Public,Commercial,168546,ACCSP
2022,MASSACHUSETTS,"TILEFISH, GOLDEN",Lopholatilus chamaeleonticeps,"1,136",1,"3,856",Public,Commercial,168546,ACCSP
2022,RHODE ISLAND,"TILEFISH, GOLDEN",Lopholatilus chamaeleonticeps,"13,643",6,"28,238",Public,Commercial,168546,ACCSP
2021,CONNECTICUT,"TILEFISH, GOLDEN",Lopholatilus chamaeleonticeps,"1,013",0,"2,273",Public,Commercial,168546,ACCSP
2021,MASSACHUSETTS,"TILEFISH, GOLDEN",Lopholatilus chamaeleonticeps,"4,631",2,"13,708",Public,Commercial,168546,ACCSP
2021,RHODE ISLAND,"TILEFISH, GOLDEN",Lopholatilus chamaeleonticeps,"12,166",6,"25,917",Public,Commercial,168546,ACCSP
2024,RHODE ISLAND,"TILEFISH, SAND",Malacanthus plumieri,,,,Confidential,Commercial,168548,ACCSP
2023,CONNECTICUT,"TILEFISH, SAND",Malacanthus plumieri,15,0,45,Public,Commercial,168548,ACCSP
2023,MASSACHUSETTS,"TILEFISH, SAND",Malacanthus plumieri,,,,Confidential,Commercial,168548,ACCSP
2023,RHODE ISLAND,"TILEFISH, SAND",Malacanthus plumieri,,,,Confidential,Commercial,168548,ACCSP
2022,RHODE ISLAND,"TILEFISH, SAND",Malacanthus plumieri,,,,Confidential,Commercial,168548,ACCSP
2024,MASSACHUSETTS,"TOADFISHES, BATRACHOIDIDAE (FAMILY) **",Batrachoididae,,,,Confidential,Commercial,164412,ACCSP
2022,MASSACHUSETTS,"TOADFISHES, BATRACHOIDIDAE (FAMILY) **",Batrachoididae,,,,Confidential,Commercial,164412,ACCSP
2022,RHODE ISLAND,"TOADFISHES, BATRACHOIDIDAE (FAMILY) **",Batrachoididae,,,,Confidential,Commercial,164412,ACCSP
2021,CONNECTICUT,"TOADFISHES, BATRACHOIDIDAE (FAMILY) **",Batrachoididae,2,0,1,Public,Commercial,164412,ACCSP
2021,MASSACHUSETTS,"TOADFISHES, BATRACHOIDIDAE (FAMILY) **",Batrachoididae,,,,Confidential,Commercial,164412,ACCSP
2024,MASSACHUSETTS,"TRIGGERFISH, GRAY",Balistes capriscus,,,,Confidential,Commercial,173138,ACCSP
2024,RHODE ISLAND,"TRIGGERFISH, GRAY",Balistes capriscus,,,,Confidential,Commercial,173138,ACCSP
2023,RHODE ISLAND,"TRIGGERFISH, GRAY",Balistes capriscus,,,,Confidential,Commercial,173138,ACCSP
2022,RHODE ISLAND,"TRIGGERFISH, GRAY",Balistes capriscus,,,,Confidential,Commercial,173138,ACCSP
2021,CONNECTICUT,"TRIGGERFISH, GRAY",Balistes capriscus,2,0,6,Public,Commercial,173138,ACCSP
2021,MASSACHUSETTS,"TRIGGERFISH, GRAY",Balistes capriscus,912,0,"1,278",Public,Commercial,173138,ACCSP
2021,RHODE ISLAND,"TRIGGERFISH, GRAY",Balistes capriscus,14,0,21,Public,Commercial,173138,ACCSP
2024,CONNECTICUT,TRIGGERFISHES **,Balistidae,24,0,47,Public,Commercial,173128,ACCSP
2024,MASSACHUSETTS,TRIGGERFISHES **,Balistidae,"2,859",1,"4,021",Public,Commercial,173128,ACCSP
2024,RHODE ISLAND,TRIGGERFISHES **,Balistidae,"4,427",2,"9,012",Public,Commercial,173128,ACCSP
2023,CONNECTICUT,TRIGGERFISHES **,Balistidae,15,0,36,Public,Commercial,173128,ACCSP
2023,MASSACHUSETTS,TRIGGERFISHES **,Balistidae,"1,267",1,"1,827",Public,Commercial,173128,ACCSP
2023,RHODE ISLAND,TRIGGERFISHES **,Balistidae,"2,245",1,"4,449",Public,Commercial,173128,ACCSP
2022,CONNECTICUT,TRIGGERFISHES **,Balistidae,77,0,197,Public,Commercial,173128,ACCSP
2022,MASSACHUSETTS,TRIGGERFISHES **,Balistidae,"4,536",2,"6,295",Public,Commercial,173128,ACCSP
2022,RHODE ISLAND,TRIGGERFISHES **,Balistidae,"7,620",3,"16,238",Public,Commercial,173128,ACCSP
2021,CONNECTICUT,TRIGGERFISHES **,Balistidae,114,0,262,Public,Commercial,173128,ACCSP
2021,MASSACHUSETTS,TRIGGERFISHES **,Balistidae,"3,132",1,"3,987",Public,Commercial,173128,ACCSP
2021,RHODE ISLAND,TRIGGERFISHES **,Balistidae,"7,035",3,"12,876",Public,Commercial,173128,ACCSP
2024,CONNECTICUT,"TUNA, ALBACORE",Thunnus alalunga,"35,151",16,"34,219",Public,Commercial,172419,EXCEPTIONS
2024,MASSACHUSETTS,"TUNA, ALBACORE",Thunnus alalunga,"28,390",13,"26,068",Public,Commercial,172419,EXCEPTIONS
2024,RHODE ISLAND,"TUNA, ALBACORE",Thunnus alalunga,,,,Confidential,Commercial,172419,EXCEPTIONS
2023,CONNECTICUT,"TUNA, ALBACORE",Thunnus alalunga,726,0,"1,296",Public,Commercial,172419,EXCEPTIONS
2023,MASSACHUSETTS,"TUNA, ALBACORE",Thunnus alalunga,"30,278",14,"49,561",Public,Commercial,172419,EXCEPTIONS
2023,RHODE ISLAND,"TUNA, ALBACORE",Thunnus alalunga,,,,Confidential,Commercial,172419,EXCEPTIONS
2022,CONNECTICUT,"TUNA, ALBACORE",Thunnus alalunga,,,,Confidential,Commercial,172419,EXCEPTIONS
2022,MASSACHUSETTS,"TUNA, ALBACORE",Thunnus alalunga,"10,654",5,"16,390",Public,Commercial,172419,EXCEPTIONS
2022,RHODE ISLAND,"TUNA, ALBACORE",Thunnus alalunga,"10,867",5,"22,285",Public,Commercial,172419,EXCEPTIONS
2021,CONNECTICUT,"TUNA, ALBACORE",Thunnus alalunga,"2,570",1,"4,465",Public,Commercial,172419,EXCEPTIONS
2021,MASSACHUSETTS,"TUNA, ALBACORE",Thunnus alalunga,"35,018",16,"54,226",Public,Commercial,172419,EXCEPTIONS
2021,RHODE ISLAND,"TUNA, ALBACORE",Thunnus alalunga,"46,985",21,"62,823",Public,Commercial,172419,EXCEPTIONS
2024,CONNECTICUT,"TUNA, BIGEYE",Thunnus obesus,"32,276",15,"166,706",Public,Commercial,172428,EXCEPTIONS
2024,MASSACHUSETTS,"TUNA, BIGEYE",Thunnus obesus,"34,349",16,"171,991",Public,Commercial,172428,EXCEPTIONS
2024,NEW HAMPSHIRE,"TUNA, BIGEYE",Thunnus obesus,,,,Confidential,Commercial,172428,EXCEPTIONS
2024,RHODE ISLAND,"TUNA, BIGEYE",Thunnus obesus,"26,203",12,"146,892",Public,Commercial,172428,EXCEPTIONS
2023,CONNECTICUT,"TUNA, BIGEYE",Thunnus obesus,"15,881",7,"102,596",Public,Commercial,172428,EXCEPTIONS
2023,MASSACHUSETTS,"TUNA, BIGEYE",Thunnus obesus,"127,426",58,"712,055",Public,Commercial,172428,EXCEPTIONS
2023,RHODE ISLAND,"TUNA, BIGEYE",Thunnus obesus,"92,668",42,"486,984",Public,Commercial,172428,EXCEPTIONS
2022,CONNECTICUT,"TUNA, BIGEYE",Thunnus obesus,"34,073",15,"249,830",Public,Commercial,172428,EXCEPTIONS
2022,MASSACHUSETTS,"TUNA, BIGEYE",Thunnus obesus,"72,155",33,"447,656",Public,Commercial,172428,EXCEPTIONS
2022,RHODE ISLAND,"TUNA, BIGEYE",Thunnus obesus,"186,479",85,"1,051,878",Public,Commercial,172428,EXCEPTIONS
2021,CONNECTICUT,"TUNA, BIGEYE",Thunnus obesus,"31,156",14,"210,926",Public,Commercial,172428,EXCEPTIONS
2021,MASSACHUSETTS,"TUNA, BIGEYE",Thunnus obesus,"176,680",80,"994,927",Public,Commercial,172428,EXCEPTIONS
2021,RHODE ISLAND,"TUNA, BIGEYE",Thunnus obesus,"242,661",110,"1,388,310",Public,Commercial,172428,EXCEPTIONS
2023,MASSACHUSETTS,"TUNA, BLACKFIN",Thunnus atlanticus,,,,Confidential,Commercial,172427,ACCSP
2021,RHODE ISLAND,"TUNA, BLACKFIN",Thunnus atlanticus,,,,Confidential,Commercial,172427,ACCSP
2024,CONNECTICUT,"TUNA, BLUEFIN",Thunnus thynnus,"30,812",14,"117,420",Public,Commercial,172421,EXCEPTIONS
2024,MAINE,"TUNA, BLUEFIN",Thunnus thynnus,"495,154",225,"2,548,463",Public,Commercial,172421,EXCEPTIONS
2024,MASSACHUSETTS,"TUNA, BLUEFIN",Thunnus thynnus,"1,042,928",473,"4,805,411",Public,Commercial,172421,EXCEPTIONS
2024,NEW HAMPSHIRE,"TUNA, BLUEFIN",Thunnus thynnus,"163,373",74,"843,256",Public,Commercial,172421,EXCEPTIONS
2024,RHODE ISLAND,"TUNA, BLUEFIN",Thunnus thynnus,"121,783",55,"447,697",Public,Commercial,172421,EXCEPTIONS
2023,CONNECTICUT,"TUNA, BLUEFIN",Thunnus thynnus,"11,397",5,"40,312",Public,Commercial,172421,EXCEPTIONS
2023,MAINE,"TUNA, BLUEFIN",Thunnus thynnus,"454,913",206,"2,321,982",Public,Commercial,172421,EXCEPTIONS
2023,MASSACHUSETTS,"TUNA, BLUEFIN",Thunnus thynnus,"1,108,217",503,"5,453,695",Public,Commercial,172421,EXCEPTIONS
2023,NEW HAMPSHIRE,"TUNA, BLUEFIN",Thunnus thynnus,"129,764",59,"627,993",Public,Commercial,172421,EXCEPTIONS
2023,RHODE ISLAND,"TUNA, BLUEFIN",Thunnus thynnus,"175,170",79,"552,057",Public,Commercial,172421,EXCEPTIONS
2022,CONNECTICUT,"TUNA, BLUEFIN",Thunnus thynnus,,,,Confidential,Commercial,172421,EXCEPTIONS
2022,MAINE,"TUNA, BLUEFIN",Thunnus thynnus,"364,259",165,"1,891,498",Public,Commercial,172421,EXCEPTIONS
2022,MASSACHUSETTS,"TUNA, BLUEFIN",Thunnus thynnus,"1,218,111",553,"6,288,194",Public,Commercial,172421,EXCEPTIONS
2022,NEW HAMPSHIRE,"TUNA, BLUEFIN",Thunnus thynnus,"195,674",89,"993,041",Public,Commercial,172421,EXCEPTIONS
2022,RHODE ISLAND,"TUNA, BLUEFIN",Thunnus thynnus,"107,088",49,"341,638",Public,Commercial,172421,EXCEPTIONS
2021,CONNECTICUT,"TUNA, BLUEFIN",Thunnus thynnus,,,,Confidential,Commercial,172421,EXCEPTIONS
2021,MAINE,"TUNA, BLUEFIN",Thunnus thynnus,"411,136",186,"2,280,147",Public,Commercial,172421,EXCEPTIONS
2021,MASSACHUSETTS,"TUNA, BLUEFIN",Thunnus thynnus,"1,113,699",505,"6,207,471",Public,Commercial,172421,EXCEPTIONS
2021,NEW HAMPSHIRE,"TUNA, BLUEFIN",Thunnus thynnus,"162,492",74,"858,266",Public,Commercial,172421,EXCEPTIONS
2021,RHODE ISLAND,"TUNA, BLUEFIN",Thunnus thynnus,"67,490",31,"356,760",Public,Commercial,172421,EXCEPTIONS
2024,CONNECTICUT,"TUNA, LITTLE TUNNY",Euthynnus alletteratus,7,0,11,Public,Commercial,172402,ACCSP
2024,RHODE ISLAND,"TUNA, LITTLE TUNNY",Euthynnus alletteratus,"1,946",1,"3,432",Public,Commercial,172402,ACCSP
2023,CONNECTICUT,"TUNA, LITTLE TUNNY",Euthynnus alletteratus,103,0,339,Public,Commercial,172402,ACCSP
2023,RHODE ISLAND,"TUNA, LITTLE TUNNY",Euthynnus alletteratus,"2,713",1,"4,520",Public,Commercial,172402,ACCSP
2022,CONNECTICUT,"TUNA, LITTLE TUNNY",Euthynnus alletteratus,103,0,480,Public,Commercial,172402,ACCSP
2022,RHODE ISLAND,"TUNA, LITTLE TUNNY",Euthynnus alletteratus,"5,219",2,"6,881",Public,Commercial,172402,ACCSP
2021,CONNECTICUT,"TUNA, LITTLE TUNNY",Euthynnus alletteratus,60,0,96,Public,Commercial,172402,ACCSP
2021,RHODE ISLAND,"TUNA, LITTLE TUNNY",Euthynnus alletteratus,"12,799",6,"12,124",Public,Commercial,172402,ACCSP
2024,RHODE ISLAND,"TUNA, SKIPJACK",Katsuwonus pelamis,,,,Confidential,Commercial,172401,EXCEPTIONS
2023,RHODE ISLAND,"TUNA, SKIPJACK",Katsuwonus pelamis,,,,Confidential,Commercial,172401,EXCEPTIONS
2022,CONNECTICUT,"TUNA, SKIPJACK",Katsuwonus pelamis,,,,Confidential,Commercial,172401,EXCEPTIONS
2021,CONNECTICUT,"TUNA, SKIPJACK",Katsuwonus pelamis,,,,Confidential,Commercial,172401,EXCEPTIONS
2024,CONNECTICUT,"TUNA, YELLOWFIN",Thunnus albacares,"76,941",35,"218,296",Public,Commercial,172423,EXCEPTIONS
2024,MASSACHUSETTS,"TUNA, YELLOWFIN",Thunnus albacares,"59,897",27,"200,297",Public,Commercial,172423,EXCEPTIONS
2024,RHODE ISLAND,"TUNA, YELLOWFIN",Thunnus albacares,"55,105",25,"203,820",Public,Commercial,172423,EXCEPTIONS
2023,CONNECTICUT,"TUNA, YELLOWFIN",Thunnus albacares,"28,537",13,"60,593",Public,Commercial,172423,EXCEPTIONS
2023,MASSACHUSETTS,"TUNA, YELLOWFIN",Thunnus albacares,"118,114",54,"380,917",Public,Commercial,172423,EXCEPTIONS
2023,NEW HAMPSHIRE,"TUNA, YELLOWFIN",Thunnus albacares,,,,Confidential,Commercial,172423,EXCEPTIONS
2023,RHODE ISLAND,"TUNA, YELLOWFIN",Thunnus albacares,"64,141",29,"211,321",Public,Commercial,172423,EXCEPTIONS
2022,CONNECTICUT,"TUNA, YELLOWFIN",Thunnus albacares,,,,Confidential,Commercial,172423,EXCEPTIONS
2022,MASSACHUSETTS,"TUNA, YELLOWFIN",Thunnus albacares,"120,711",55,"425,243",Public,Commercial,172423,EXCEPTIONS
2022,NEW HAMPSHIRE,"TUNA, YELLOWFIN",Thunnus albacares,,,,Confidential,Commercial,172423,EXCEPTIONS
2022,RHODE ISLAND,"TUNA, YELLOWFIN",Thunnus albacares,"177,774",81,"487,185",Public,Commercial,172423,EXCEPTIONS
2021,CONNECTICUT,"TUNA, YELLOWFIN",Thunnus albacares,"1,532",1,"6,418",Public,Commercial,172423,EXCEPTIONS
2021,MASSACHUSETTS,"TUNA, YELLOWFIN",Thunnus albacares,"90,802",41,"382,574",Public,Commercial,172423,EXCEPTIONS
2021,NEW HAMPSHIRE,"TUNA, YELLOWFIN",Thunnus albacares,,,,Confidential,Commercial,172423,EXCEPTIONS
2021,RHODE ISLAND,"TUNA, YELLOWFIN",Thunnus albacares,"120,444",55,"423,205",Public,Commercial,172423,EXCEPTIONS
2024,MAINE,"URCHIN, GREEN SEA, (S. DROEBACHIENSIS)",Strongylocentrotus droebachiensis,"520,530",236,"1,693,026",Public,Commercial,157969,ACCSP
2024,MASSACHUSETTS,"URCHIN, GREEN SEA, (S. DROEBACHIENSIS)",Strongylocentrotus droebachiensis,,,,Confidential,Commercial,157969,ACCSP
2023,MAINE,"URCHIN, GREEN SEA, (S. DROEBACHIENSIS)",Strongylocentrotus droebachiensis,"642,164",291,"1,957,028",Public,Commercial,157969,ACCSP
2022,MAINE,"URCHIN, GREEN SEA, (S. DROEBACHIENSIS)",Strongylocentrotus droebachiensis,"842,878",382,"2,709,901",Public,Commercial,157969,ACCSP
2021,MAINE,"URCHIN, GREEN SEA, (S. DROEBACHIENSIS)",Strongylocentrotus droebachiensis,"912,145",414,"2,968,412",Public,Commercial,157969,ACCSP
2024,MASSACHUSETTS,"URCHINS, SEA, STRONGYLOCENTROTUS (GENUS) **",Strongylocentrotus,,,,Confidential,Commercial,157968,ACCSP
2023,MASSACHUSETTS,"URCHINS, SEA, STRONGYLOCENTROTUS (GENUS) **",Strongylocentrotus,,,,Confidential,Commercial,157968,ACCSP
2022,MASSACHUSETTS,"URCHINS, SEA, STRONGYLOCENTROTUS (GENUS) **",Strongylocentrotus,,,,Confidential,Commercial,157968,ACCSP
2021,MASSACHUSETTS,"URCHINS, SEA, STRONGYLOCENTROTUS (GENUS) **",Strongylocentrotus,,,,Confidential,Commercial,157968,ACCSP
2024,RHODE ISLAND,"VERTEBRATES, JAWED",Gnathostomata ,,,,Confidential,Commercial,914179,ACCSP
2023,RHODE ISLAND,"VERTEBRATES, JAWED",Gnathostomata ,,,,Confidential,Commercial,914179,ACCSP
2022,CONNECTICUT,"VERTEBRATES, JAWED",Gnathostomata ,-1,0,-2,Public,Commercial,914179,ACCSP
2022,RHODE ISLAND,"VERTEBRATES, JAWED",Gnathostomata ,,,,Confidential,Commercial,914179,ACCSP
2021,RHODE ISLAND,"VERTEBRATES, JAWED",Gnathostomata ,,,,Confidential,Commercial,914179,ACCSP
2024,CONNECTICUT,WAHOO,Acanthocybium solandri,213,0,664,Public,Commercial,172451,ACCSP
2024,MASSACHUSETTS,WAHOO,Acanthocybium solandri,182,0,944,Public,Commercial,172451,ACCSP
2024,RHODE ISLAND,WAHOO,Acanthocybium solandri,,,,Confidential,Commercial,172451,ACCSP
2023,MASSACHUSETTS,WAHOO,Acanthocybium solandri,684,0,"3,439",Public,Commercial,172451,ACCSP
2023,RHODE ISLAND,WAHOO,Acanthocybium solandri,,,,Confidential,Commercial,172451,ACCSP
2022,MASSACHUSETTS,WAHOO,Acanthocybium solandri,299,0,"1,629",Public,Commercial,172451,ACCSP
2022,RHODE ISLAND,WAHOO,Acanthocybium solandri,,,,Confidential,Commercial,172451,ACCSP
2021,MASSACHUSETTS,WAHOO,Acanthocybium solandri,382,0,"1,540",Public,Commercial,172451,ACCSP
2021,RHODE ISLAND,WAHOO,Acanthocybium solandri,,,,Confidential,Commercial,172451,ACCSP
2024,CONNECTICUT,WEAKFISH,Cynoscion regalis,"2,864",1,"7,044",Public,Commercial,169241,ACCSP
2024,MASSACHUSETTS,WEAKFISH,Cynoscion regalis,26,0,75,Public,Commercial,169241,ACCSP
2024,RHODE ISLAND,WEAKFISH,Cynoscion regalis,"14,004",6,"26,090",Public,Commercial,169241,ACCSP
2023,CONNECTICUT,WEAKFISH,Cynoscion regalis,"6,603",3,"18,235",Public,Commercial,169241,ACCSP
2023,MASSACHUSETTS,WEAKFISH,Cynoscion regalis,180,0,416,Public,Commercial,169241,ACCSP
2023,RHODE ISLAND,WEAKFISH,Cynoscion regalis,"17,563",8,"35,914",Public,Commercial,169241,ACCSP
2022,CONNECTICUT,WEAKFISH,Cynoscion regalis,"9,460",4,"21,454",Public,Commercial,169241,ACCSP
2022,MASSACHUSETTS,WEAKFISH,Cynoscion regalis,597,0,"1,634",Public,Commercial,169241,ACCSP
2022,RHODE ISLAND,WEAKFISH,Cynoscion regalis,"14,955",7,"30,464",Public,Commercial,169241,ACCSP
2021,CONNECTICUT,WEAKFISH,Cynoscion regalis,"6,399",3,"16,610",Public,Commercial,169241,ACCSP
2021,MASSACHUSETTS,WEAKFISH,Cynoscion regalis,349,0,687,Public,Commercial,169241,ACCSP
2021,RHODE ISLAND,WEAKFISH,Cynoscion regalis,"15,746",7,"30,260",Public,Commercial,169241,ACCSP
2024,CONNECTICUT,"WHELK, CHANNELED",Busycotypus canaliculatus,"33,310",15,"184,694",Public,Commercial,74096,ACCSP
2024,MASSACHUSETTS,"WHELK, CHANNELED",Busycotypus canaliculatus,"228,720",104,"2,041,809",Public,Commercial,74096,ACCSP
2024,RHODE ISLAND,"WHELK, CHANNELED",Busycotypus canaliculatus,"52,527",24,"412,519",Public,Commercial,74096,ACCSP
2023,CONNECTICUT,"WHELK, CHANNELED",Busycotypus canaliculatus,"48,221",22,"379,271",Public,Commercial,74096,ACCSP
2023,MASSACHUSETTS,"WHELK, CHANNELED",Busycotypus canaliculatus,"295,207",134,"3,019,533",Public,Commercial,74096,ACCSP
2023,RHODE ISLAND,"WHELK, CHANNELED",Busycotypus canaliculatus,"108,152",49,"1,027,587",Public,Commercial,74096,ACCSP
2022,CONNECTICUT,"WHELK, CHANNELED",Busycotypus canaliculatus,"44,881",20,"433,822",Public,Commercial,74096,ACCSP
2022,MAINE,"WHELK, CHANNELED",Busycotypus canaliculatus,,,,Confidential,Commercial,74096,ACCSP
2022,MASSACHUSETTS,"WHELK, CHANNELED",Busycotypus canaliculatus,"292,260",133,"3,803,258",Public,Commercial,74096,ACCSP
2022,NEW HAMPSHIRE,"WHELK, CHANNELED",Busycotypus canaliculatus,,,,Confidential,Commercial,74096,ACCSP
2022,RHODE ISLAND,"WHELK, CHANNELED",Busycotypus canaliculatus,"176,765",80,"2,236,048",Public,Commercial,74096,ACCSP
2021,CONNECTICUT,"WHELK, CHANNELED",Busycotypus canaliculatus,"88,138",40,"546,909",Public,Commercial,74096,ACCSP
2021,MASSACHUSETTS,"WHELK, CHANNELED",Busycotypus canaliculatus,"244,226",111,"3,064,017",Public,Commercial,74096,ACCSP
2021,NEW HAMPSHIRE,"WHELK, CHANNELED",Busycotypus canaliculatus,,,,Confidential,Commercial,74096,ACCSP
2021,RHODE ISLAND,"WHELK, CHANNELED",Busycotypus canaliculatus,"131,083",59,"1,515,269",Public,Commercial,74096,ACCSP
2024,CONNECTICUT,"WHELK, KNOBBED",Busycon carica,"131,588",60,"21,532",Public,Commercial,74071,ACCSP
2024,MASSACHUSETTS,"WHELK, KNOBBED",Busycon carica,"14,186",6,"72,921",Public,Commercial,74071,ACCSP
2024,RHODE ISLAND,"WHELK, KNOBBED",Busycon carica,"5,817",3,"31,330",Public,Commercial,74071,ACCSP
2023,CONNECTICUT,"WHELK, KNOBBED",Busycon carica,"100,513",46,"21,773",Public,Commercial,74071,ACCSP
2023,MASSACHUSETTS,"WHELK, KNOBBED",Busycon carica,"15,920",7,"96,481",Public,Commercial,74071,ACCSP
2023,RHODE ISLAND,"WHELK, KNOBBED",Busycon carica,"11,199",5,"62,581",Public,Commercial,74071,ACCSP
2022,CONNECTICUT,"WHELK, KNOBBED",Busycon carica,"1,514",1,"8,768",Public,Commercial,74071,ACCSP
2022,MASSACHUSETTS,"WHELK, KNOBBED",Busycon carica,"22,926",10,"156,372",Public,Commercial,74071,ACCSP
2022,RHODE ISLAND,"WHELK, KNOBBED",Busycon carica,"13,484",6,"101,280",Public,Commercial,74071,ACCSP
2021,CONNECTICUT,"WHELK, KNOBBED",Busycon carica,"15,332",7,"9,659",Public,Commercial,74071,ACCSP
2021,MASSACHUSETTS,"WHELK, KNOBBED",Busycon carica,"22,802",10,"156,275",Public,Commercial,74071,ACCSP
2021,NEW HAMPSHIRE,"WHELK, KNOBBED",Busycon carica,,,,Confidential,Commercial,74071,ACCSP
2021,RHODE ISLAND,"WHELK, KNOBBED",Busycon carica,"3,562",2,"21,816",Public,Commercial,74071,ACCSP
2024,RHODE ISLAND,"WHELK, LIGHTNING",Busycon sinistrum,,,,Confidential,Commercial,74075,ACCSP
2024,MAINE,"WHELK, WAVED",Buccinum undatum,,,,Confidential,Commercial,73795,ACCSP
2024,MASSACHUSETTS,"WHELK, WAVED",Buccinum undatum,,,,Confidential,Commercial,73795,ACCSP
2023,MAINE,"WHELK, WAVED",Buccinum undatum,,,,Confidential,Commercial,73795,ACCSP
2023,MASSACHUSETTS,"WHELK, WAVED",Buccinum undatum,,,,Confidential,Commercial,73795,ACCSP
2023,NEW HAMPSHIRE,"WHELK, WAVED",Buccinum undatum,,,,Confidential,Commercial,73795,ACCSP
2023,RHODE ISLAND,"WHELK, WAVED",Buccinum undatum,,,,Confidential,Commercial,73795,ACCSP
2022,MAINE,"WHELK, WAVED",Buccinum undatum,"2,488",1,"4,148",Public,Commercial,73795,ACCSP
2022,MASSACHUSETTS,"WHELK, WAVED",Buccinum undatum,,,,Confidential,Commercial,73795,ACCSP
2021,MAINE,"WHELK, WAVED",Buccinum undatum,,,,Confidential,Commercial,73795,ACCSP
2021,MASSACHUSETTS,"WHELK, WAVED",Buccinum undatum,,,,Confidential,Commercial,73795,ACCSP
2024,CONNECTICUT,WHELKS **,Melongenidae,"1,397",1,"3,594",Public,Commercial,74069,ACCSP
2024,NEW HAMPSHIRE,WHELKS **,Melongenidae,,,,Confidential,Commercial,74069,ACCSP
2024,CONNECTICUT,WINDOWPANE,Scophthalmus aquosus,"4,903",2,"4,145",Public,Commercial,172746,ACCSP
2024,RHODE ISLAND,WINDOWPANE,Scophthalmus aquosus,,,,Confidential,Commercial,172746,ACCSP
2023,CONNECTICUT,WINDOWPANE,Scophthalmus aquosus,"4,622",2,"4,082",Public,Commercial,172746,ACCSP
2023,RHODE ISLAND,WINDOWPANE,Scophthalmus aquosus,,,,Confidential,Commercial,172746,ACCSP
2022,CONNECTICUT,WINDOWPANE,Scophthalmus aquosus,"3,801",2,"1,905",Public,Commercial,172746,ACCSP
2022,MASSACHUSETTS,WINDOWPANE,Scophthalmus aquosus,,,,Confidential,Commercial,172746,ACCSP
2022,RHODE ISLAND,WINDOWPANE,Scophthalmus aquosus,,,,Confidential,Commercial,172746,ACCSP
2021,CONNECTICUT,WINDOWPANE,Scophthalmus aquosus,"9,110",4,"4,688",Public,Commercial,172746,ACCSP
2021,RHODE ISLAND,WINDOWPANE,Scophthalmus aquosus,,,,Confidential,Commercial,172746,ACCSP
2024,CONNECTICUT,WITHHELD FOR CONFIDENTIALITY,Other,,,,Public,Commercial,0,ACCSP
2024,MAINE,WITHHELD FOR CONFIDENTIALITY,Other,"24,877,171","11,284","90,551,307",Public,Commercial,0,ACCSP
2024,MASSACHUSETTS,WITHHELD FOR CONFIDENTIALITY,Other,"10,562,619","4,791","8,226,170",Public,Commercial,0,ACCSP
2024,NEW HAMPSHIRE,WITHHELD FOR CONFIDENTIALITY,Other,"2,630,748","1,193","848,157",Public,Commercial,0,ACCSP
2024,RHODE ISLAND,WITHHELD FOR CONFIDENTIALITY,Other,"50,591",23,"117,185",Public,Commercial,0,ACCSP
2023,CONNECTICUT,WITHHELD FOR CONFIDENTIALITY,Other,4,0,4,Public,Commercial,0,ACCSP
2023,MAINE,WITHHELD FOR CONFIDENTIALITY,Other,"15,543,322","7,050","48,397,985",Public,Commercial,0,ACCSP
2023,MASSACHUSETTS,WITHHELD FOR CONFIDENTIALITY,Other,"4,825,806","2,189","5,690,776",Public,Commercial,0,ACCSP
2023,NEW HAMPSHIRE,WITHHELD FOR CONFIDENTIALITY,Other,"334,787",152,"197,404",Public,Commercial,0,ACCSP
2023,RHODE ISLAND,WITHHELD FOR CONFIDENTIALITY,Other,"441,734",200,"546,196",Public,Commercial,0,ACCSP
2022,CONNECTICUT,WITHHELD FOR CONFIDENTIALITY,Other,,,,Public,Commercial,0,ACCSP
2022,MAINE,WITHHELD FOR CONFIDENTIALITY,Other,"31,019,745","14,070","91,606,403",Public,Commercial,0,ACCSP
2022,MASSACHUSETTS,WITHHELD FOR CONFIDENTIALITY,Other,"5,609,102","2,544","6,596,469",Public,Commercial,0,ACCSP
2022,NEW HAMPSHIRE,WITHHELD FOR CONFIDENTIALITY,Other,"272,081",123,"211,690",Public,Commercial,0,ACCSP
2022,RHODE ISLAND,WITHHELD FOR CONFIDENTIALITY,Other,"565,916",257,"493,398",Public,Commercial,0,ACCSP
2021,CONNECTICUT,WITHHELD FOR CONFIDENTIALITY,Other,2,0,1,Public,Commercial,0,ACCSP
2021,MAINE,WITHHELD FOR CONFIDENTIALITY,Other,"23,164,216","10,507","61,157,870",Public,Commercial,0,ACCSP
2021,MASSACHUSETTS,WITHHELD FOR CONFIDENTIALITY,Other,"4,821,154","2,187","5,545,615",Public,Commercial,0,ACCSP
2021,NEW HAMPSHIRE,WITHHELD FOR CONFIDENTIALITY,Other,"892,215",405,"298,118",Public,Commercial,0,ACCSP
2021,RHODE ISLAND,WITHHELD FOR CONFIDENTIALITY,Other,"305,553",139,"97,713",Public,Commercial,0,ACCSP
2023,CONNECTICUT,WRECKFISH,Polyprion americanus,150,0,739,Public,Commercial,167914,ACCSP